idx,stationuuid,name,state,tags,language,codec,bitrate,votes,url,status,http_code,content_type,reason,last_change,homepage
0,b70f05cf-c652-4eee-96db-88c4b1a1643f,深圳交通广播 FM106.2,Guangdong,"china,guangdong,shenzhen,traffic",chinese,MP3,0,0,https://lhttp.qtfm.cn/live/1286/64k.mp3,reachable,200,audio/mpeg,audio/mpeg,2026-07-29T14:28:06Z,https://m.qtfm.cn/channels/1286
1,57d3be83-56da-4f8b-9ef0-9c3f7095dac3,浙江旅游之声,Zhejiang,music,chinese,UNKNOWN,0,0,http://ali-m-l.cztv.com/channels/lantian/fm1045/128k.m3u8,reachable,200,application/x-mpegURL,application/x-mpegURL,2026-08-08T03:01:34Z,http://www.cztv.com/
2,4082f4a0-e300-46dd-a065-da0bd6f53c1e,浙江民生资讯广播,Zhejiang,entertainment,chinese,UNKNOWN,0,0,http://ali-m-l.cztv.com/channels/lantian/fm996/128k.m3u8,reachable,200,application/x-mpegURL,application/x-mpegURL,2026-08-08T03:01:34Z,http://www.cztv.com/
3,06b6edff-724f-4fc8-bb3d-d297614cdad2,浙江经济广播,Zhejiang,economics,chinese,UNKNOWN,0,0,http://ali-m-l.cztv.com/channels/lantian/fm95/128k.m3u8,reachable,200,application/x-mpegURL,application/x-mpegURL,2026-08-08T03:01:34Z,http://www.cztv.com/
4,868db553-6423-4950-8006-4d7e23d01b80,深圳私家车广播 FM94.2,Guangdong,"china,guangdong,music,shenzhen,traffic",chinese,MP3,0,0,https://lhttp.qtfm.cn/live/1273/64k.mp3,reachable,200,audio/mpeg,audio/mpeg,2026-07-29T14:51:59Z,https://m.qtfm.cn/channels/1273
5,9aefb69f-1f44-4ccd-b50d-1faddb28f70c,浦江人民广播电台,Zhejiang,full service,chinese,MP3,0,0,https://lhttp-hw.qtfm.cn/live/5021924/64k.mp3,reachable,200,audio/mpeg,audio/mpeg,2026-08-08T03:01:34Z,http://gw.pjnews.cn/
6,db737531-56a4-4b47-8dcd-7a9de72a366e,海宁大潮之声🌊,Zhejiang,"music,news",chinese,MP3,0,0,https://lhttp.qtfm.cn/live/5022556/64k.mp3,reachable,200,audio/mpeg,audio/mpeg,2026-08-08T03:01:34Z,https://www.qingting.fm/radios/5022556/
7,7ddf5466-18b1-43db-973c-70c77e13a4e5,温岭1036·温岭人民广播电台,Zhejiang,news,chinese,MP3,0,0,http://lhttp.qingting.fm/live/4567/64k.mp3,reachable,200,audio/mpeg,audio/mpeg,2026-08-08T03:01:34Z,http://wlnews.zjol.com.cn/
8,2d50a560-cd2d-415a-a2c6-15d58ed0e7b3,温州之声,Zhejiang,news,chinese,MP3,0,0,http://lhttp.qingting.fm/live/1155/64k.mp3,reachable,200,audio/mpeg,audio/mpeg,2026-08-08T03:01:34Z,http://www.wztv.cn/
9,0ef179b4-de95-4a30-be2e-32af34920410,温州对农广播,Zhejiang,music,chinese,MP3,0,0,http://lhttp.qingting.fm/live/1158/64k.mp3,reachable,200,audio/mpeg,audio/mpeg,2026-08-08T03:01:34Z,http://www.wztv.cn/
10,1e40e0e6-43e9-4f34-9c44-b00d81b1d6fa,温州私家车音乐广播,Zhejiang,music,chinese,MP3,0,0,http://lhttp.qingting.fm/live/1149/64k.mp3,reachable,200,audio/mpeg,audio/mpeg,2026-08-08T03:01:58Z,http://www.wztv.cn/
11,f2808caa-6342-411f-9550-ce5241212269,温州经济生活广播,Zhejiang,lifestyle,chinese,MP3,0,0,http://lhttp.qingting.fm/live/1157/64k.mp3,reachable,200,audio/mpeg,audio/mpeg,2026-08-08T03:01:58Z,http://www.wztv.cn/
12,6061f1d7-6012-46ed-b663-6dae87f5b476,温州综合广播,Zhejiang,news,chinese,MP3,0,0,https://lhttp.qtfm.cn/live/1155/64k.mp3,reachable,200,audio/mpeg,audio/mpeg,2026-08-08T03:01:58Z,http://www.wztv.cn/
13,4e7b7913-6775-40b0-9050-6d7b9843868d,温州音乐之声,Zhejiang,music,chinese,MP3,0,0,https://lhttp.qtfm.cn/live/1149/64k.mp3,reachable,200,audio/mpeg,audio/mpeg,2026-08-08T03:01:58Z,http://www.wztv.cn/
14,4110fc61-76dc-4159-9d3c-643f7d7222ab,湖州经济广播,Zhejiang,"entertainment,traffic radio broadcast",chinese,MP3,0,0,https://lhttp.qtfm.cn/live/2812/64k.mp3,reachable,200,audio/mpeg,audio/mpeg,2026-08-08T03:01:58Z,http://www.hugd.com/
15,5c2d0b22-332c-4d48-84be-5b2cc9589cc8,鄂尔多斯蒙语综合广播,Inner Mongolia,full service,mongolian,UNKNOWN,0,0,https://live.nxw.org.cn/lsdream/uE7XojO/1000/live.m3u8,reachable,200,application/vnd.apple.mpegurl,application/vnd.apple.mpegurl,2026-06-25T13:20:40Z,http://www.nxw.org.cn/
16,ab0cefac-a3aa-4133-8451-0ec7d25f2f17,玉环综合广播,Zhejiang,full service,chinese,MP3,0,0,https://lhttp-hw.qtfm.cn/live/20212390/64k.mp3,reachable,200,audio/mpeg,audio/mpeg,2026-08-08T03:01:58Z,http://yhnews.zjol.com.cn/
17,c47cb56d-bfb8-4850-bd11-79487d8a47a5,瑞安人民广播电台,Zhejiang,news,chinese,MP3,0,0,http://lhttp.qingting.fm/live/1143/64k.mp3,reachable,200,audio/mpeg,audio/mpeg,2026-08-08T03:01:58Z,http://www.66ruian.com/
18,f3e65a73-19d7-4df9-86e2-6f8f137b4134,绍兴交通广播,Zhejiang,"94.1,94.1 fm,entertainment,traffic radio broadcast",chinese,UNKNOWN,0,0,http://live.shaoxing.com.cn/audio/s10001-jt2/index.m3u8,reachable,200,application/vnd.apple.mpegurl,application/vnd.apple.mpegurl,2026-08-08T03:01:58Z,http://www.shaoxing.com.cn/
19,985d5699-73d5-4979-9e9a-f9d55dd66578,绍兴交通广播,Zhejiang,traffic radio broadcast,chinese,MP3,0,0,http://lhttp.qingting.fm/live/5053/64k.mp3,reachable,200,audio/mpeg,audio/mpeg,2026-08-08T03:01:58Z,http://www.shaoxing.com.cn/
20,cd23cf29-8e1b-41c4-881d-6281bad0518c,绍兴戏曲广播,Zhejiang,music,chinese,MP3,0,0,http://lhttp.qingting.fm/live/5054/64k.mp3,reachable,200,audio/mpeg,audio/mpeg,2026-08-08T03:01:58Z,http://www.shaoxing.com.cn/
21,f60ee327-a201-49bb-a14e-27c39add5853,绍兴综合广播,Zhejiang,full service,chinese,MP3,0,0,http://lhttp.qingting.fm/live/5052/64k.mp3,reachable,200,audio/mpeg,audio/mpeg,2026-08-08T03:01:58Z,http://www.shaoxing.com.cn/
22,14790d75-51cb-420b-aa2a-b51787babbd6,绍兴综合广播,Zhejiang,"93.6,93.6 fm,information,news,public radio",chinese,UNKNOWN,0,0,http://live.shaoxing.com.cn/audio/s10001-xw1/index.m3u8,reachable,200,application/vnd.apple.mpegurl,application/vnd.apple.mpegurl,2026-08-08T03:01:58Z,http://www.shaoxing.com.cn/
23,4a14405c-fd6d-4e01-b171-fc3800df069b,缙云广播,Zhejiang,news,chinese,UNKNOWN,0,0,http://l.cztvcloud.com/channels/lantian/SXjinyunaud/128k.m3u8,reachable,200,application/x-mpegURL,application/x-mpegURL,2026-08-08T03:01:58Z,http://jynews.zjol.com.cn/sjindex.html
24,91993d6b-e83e-4a22-8bed-4e1eaf9532ae,苍南广播,Zhejiang,news,chinese,UNKNOWN,0,0,http://l.cztvcloud.com/channels/lantian/SXcangnanaud/128k.m3u8,reachable,200,application/x-mpegURL,application/x-mpegURL,2026-08-08T03:02:16Z,https://www.cnxw.com.cn/
25,0edbd91f-dc6a-4ca4-9db8-6d07cff36993,德兴新闻综合广播 FM98.0,Kiangsi,full service,chinese,UNKNOWN,0,0,http://218.64.164.152:5021/live_hls/1/playlist.m3u8,reachable,200,application/x-mpegURL,application/x-mpegURL,2026-07-11T14:00:48Z,https://sj.qq.com/appdetail/com.jxmfkj.www.company.wdnx
26,cc9362e6-1f15-4788-af82-1c569087f12e,萧山综合广播,Zhejiang,"107.9,107.9 fm,public radio",chinese,UNKNOWN,0,0,https://l.cztvcloud.com/channels/lantian/SXxiaoshanaud1/128k.m3u8,reachable,200,application/x-mpegURL,application/x-mpegURL,2026-08-08T03:02:16Z,http://www.xianghunet.com/
27,4c12d2d2-5f55-4b5d-9158-a5e23542cdb9,衢州交通广播,Zhejiang,traffic,chinese,MP3,0,0,http://lhttp.qingting.fm/live/20442/64k.mp3,reachable,200,audio/mpeg,audio/mpeg,2026-08-08T03:02:16Z,http://www.qz123.com/
28,1e744090-470a-4309-bab8-3d639e3367f4,衢州新闻广播,Zhejiang,news,chinese,MP3,0,0,http://lhttp.qingting.fm/live/20444/64k.mp3,reachable,200,audio/mpeg,audio/mpeg,2026-08-08T03:02:16Z,http://www.qz123.com/
29,2a550fd7-bb9f-48b0-b1e7-ab7561276653,衢江广播,Zhejiang,news,chinese,UNKNOWN,0,0,http://l.cztvcloud.com/channels/lantian/SXqujiangaud/128k.m3u8,reachable,200,application/x-mpegURL,application/x-mpegURL,2026-08-08T03:02:16Z,http://qjnews.cztv.com/
30,aa2c0c0f-554b-42d3-9667-1a7bdcb75afe,诸暨人民广播电台,Zhejiang,news,chinese,MP3,0,0,http://lhttp.qingting.fm/live/5022482/64k.mp3,reachable,200,audio/mpeg,audio/mpeg,2026-08-08T03:02:16Z,http://www.zjbtv.com/
31,3f0bcf49-ccf7-42d1-b38a-e5a8608786a1,诸暨综合广播,Zhejiang,"china,zhejiang",chinese,UNKNOWN,0,0,http://l.cztvcloud.com/channels/lantian/SXzhujiaud/128k.m3u8,reachable,200,application/x-mpegURL,application/x-mpegURL,2026-08-08T03:02:16Z,https://www.zjrb.cn/
32,453ddea1-e229-40ad-a9c5-b637f7ec443a,象山综合广播,Zhejiang,"music,news",chinese,UNKNOWN,0,0,http://l.cztvcloud.com/channels/lantian/SXxiangshanaud/128k.m3u8,reachable,200,application/x-mpegURL,application/x-mpegURL,2026-08-08T03:02:16Z,http://www.cnxsg.cn/
33,12eacf37-ba1a-4e1d-a9d6-0eac403a64d5,镇海104.7 Nice FM,Zhejiang,entertainment,chinese,MP3,0,0,https://lhttp-hw.qtfm.cn/live/20033/64k.mp3,reachable,200,audio/mpeg,audio/mpeg,2026-08-08T03:02:16Z,https://www.zhxww.net/
34,8ce2ddf9-9148-43d7-8d88-29b4d40a3196,长兴人民广播电台·Up Radio FM97.3太湖之声,Zhejiang,information,chinese,MP3,0,0,https://lhttp.qtfm.cn/live/5022311/64k.mp3,reachable,200,audio/mpeg,audio/mpeg,2026-08-08T03:02:16Z,http://zjcxnews.com.cn/
35,1aee2778-8fa7-4336-ae23-202ca63fdb37,青田广播,Zhejiang,public radio,chinese,UNKNOWN,0,0,http://l.cztvcloud.com/channels/lantian/SXqingtianaud/128k.m3u8,reachable,200,application/x-mpegURL,application/x-mpegURL,2026-08-08T03:02:16Z,https://www.zgqt.zj.cn/
36,51864cdb-9a63-46cc-9f9e-45ae1a8cfa18,嘉兴交通广播,Zhejiang,"china,jiaxing,traffic,zhejiang",chinese,MP3,0,0,http://lhttp.qingting.fm/live/1135/64k.mp3,reachable,200,audio/mpeg,audio/mpeg,2026-08-08T03:02:28Z,
37,d2a74f42-5ad6-458a-bc9c-d9973a2db86f,甘南藏语广播,Kansu,full service,tibetan,UNKNOWN,2560,0,https://play.kankanlive.com/live/1715588389099939.m3u8,reachable,200,application/vnd.apple.mpegurl,application/vnd.apple.mpegurl,2026-06-11T05:16:18Z,https://nginx-gnz.xgsyun.com/gnz/site1/m/c146/a12565.html
38,a4268b99-0824-46bd-b241-f674f6f02590,咸宁综合广播,Hupei,full service,chinese,MP3,0,0,https://lhttp-hw.qtfm.cn/live/5067/64k.mp3,reachable,200,audio/mpeg,audio/mpeg,2026-05-15T23:48:30Z,https://m.hbxntv.cn/?ivk_sa=1024320u
39,2bceb10f-ab8b-463d-ae11-f9fcd00cd584,通许融媒广播电台,Honan,full service,chinese,MP3,0,0,https://lhttp-hw.qtfm.cn/live/20500157/64k.mp3,reachable,200,audio/mpeg,audio/mpeg,2026-04-20T23:43:54Z,https://www.zyjjw.cn/tx/
40,7e7d94a7-f644-4945-9392-1b15e353a172,应城市融媒体中心综合广播,Hupei,full service,chinese,MP3,0,0,https://lhttp-hw.qtfm.cn/live/20500227/64k.mp3,reachable,200,audio/mpeg,audio/mpeg,2026-05-15T23:57:02Z,https://m.ycrmtzx.cn/
41,2079c221-5f31-42e8-8d83-9eb01f30d2be,安阳音乐生活广播,Honan,music,chinese,MP3,0,0,https://lhttp-hw.qtfm.cn/live/2123/64k.mp3,reachable,200,audio/mpeg,audio/mpeg,2026-03-07T08:45:29Z,https://www.aynews.net.cn/
42,4bff5176-4a52-4d3c-8802-785c93c41a6a,保定1058飞扬调频汽车音乐广播（清苑区融媒体中心）,Hopei,music,chinese,UNKNOWN,0,0,http://jwcdnqx.hebyun.com.cn/live/fytp1058/1500k/tzwj_video.m3u8,reachable,200,application/vnd.apple.mpegurl,application/vnd.apple.mpegurl,2026-06-08T22:25:37Z,https://www.hebyun.com.cn/html/download.html?siteId=74dbae32fbf74c36986c83a309f88d78
43,fddefb22-cbc7-40bd-8d27-6f35d0357ebb,钦州综合广播,Kwangsi,full service,chinese,UNKNOWN,0,0,https://stream.gxqzxw.com/aac_zhgb986/fm/live.m3u8,reachable,200,application/vnd.apple.mpegurl,application/vnd.apple.mpegurl,2026-05-11T14:25:13Z,https://www.gxqzxw.com/
44,09d9dd85-0630-4315-ad2c-da8333bf32e5,钦州音乐广播,Kwangsi,music,chinese,UNKNOWN,51,0,https://stream.gxqzxw.com/aac_audio889/playlist.m3u8,reachable,200,application/vnd.apple.mpegurl,application/vnd.apple.mpegurl,2026-05-11T14:27:09Z,https://www.gxqzxw.com/
45,730069d6-e446-485f-b217-d3525b5626f3,三河综合广播,Hopei,full service,chinese,UNKNOWN,0,0,https://jwcdnqx.hebyun.com.cn/live/jiyunsanhe1/1500k/tzwj_video.m3u8,reachable,200,application/vnd.apple.mpegurl,application/vnd.apple.mpegurl,2026-06-03T06:04:02Z,https://www.lfnews.cn/portal.php?mod=list&catid=27
46,eb57036d-4540-4e2c-8521-1ea3a6f66082,长沙城市之声,Hunan,,chinese,MP3,0,0,http://lhttp.qingting.fm/live/4237/64k.mp3,reachable,200,audio/mpeg,audio/mpeg,2026-08-03T05:44:12Z,https://www.csbtv.com/
47,0b2efa0f-a42e-420f-9bdc-a1416333b8ce,嘉峪关综合广播,Kansu,full service,chinese,UNKNOWN,2560,0,https://play.kankanlive.com/live/1754366461934397.m3u8,reachable,200,application/vnd.apple.mpegurl,application/vnd.apple.mpegurl,2026-06-11T10:56:51Z,http://wap.jygxw.cn/
48,05deb6c6-c3d3-4b2c-a50d-819dfa8bab07,锦州交通广播,Liaoning,traffic information,chinese,UNKNOWN,0,0,https://srs.beijihainews.com.cn/video/jtgb/index.m3u8,reachable,200,application/vnd.apple.mpegurl,application/vnd.apple.mpegurl,2026-03-28T03:00:57Z,https://sj.qq.com/appdetail/com.cmstop.beijihainews
49,87b6700d-e03c-4804-b9fd-2198b186f007,兰考综合广播,Honan,"information,music",chinese,MP3,0,0,https://lhttp-hw.qtfm.cn/live/20500167/64k.mp3,reachable,200,audio/mpeg,audio/mpeg,2026-06-07T03:00:53Z,https://www.lankaotv.com/
50,fab09f52-5ce2-4623-846e-73d8cb38e0ff,榆林生活资讯,,,chinese,UNKNOWN,0,0,https://cb31e2526da6f06f5ceb3048d5a98912.livehwc4.com/hplayer1.juyun.tv/camera/115986128.m3u8?sub_m3u8=true&edge_slice=true&user_session_id=5ca63976d6141ee4ed1886f51c99e944,reachable,200,application/vnd.apple.mpegurl,application/vnd.apple.mpegurl,2026-01-16T07:15:30Z,https://www.ylrb.com/2/2st/gb/index.shtml
51,03df6961-f7a7-46d7-b50b-f7417027aba5,镇江交通广播,Kiangsu,traffic radio broadcast,chinese,UNKNOWN,0,0,https://zjtv-wshls.homecdn.com/live/6451e.m3u8,reachable,200,application/x-mpegURL,application/x-mpegURL,2026-05-12T07:20:51Z,https://www.zjmc.tv/
52,e85bdcd6-b3e3-4d1f-8f0f-db63985ed87f,武威新闻综合广播 FM89.9,Kansu,full service,chinese,UNKNOWN,2560,0,https://play.kankanlive.com/live/1664439917433940.m3u8,reachable,200,application/vnd.apple.mpegurl,application/vnd.apple.mpegurl,2026-06-23T14:42:19Z,https://cloud.kankanlive.com/cloud/h5/1664439917433940
53,cd4da61a-bbf1-4e7c-95a7-5a33eb4205f7,贵港综合广播 金曲1019,Kwangsi,oldies,chinese,UNKNOWN,0,0,https://play-a2.quklive.com/live/1763082752100268.m3u8,reachable,200,application/x-mpegURL,application/x-mpegURL,2026-06-07T07:59:22Z,https://bookingmaster.gxrb.com.cn/cloudgxLive/liveDetails/2843/
54,2cac76e3-444b-4583-bdd1-ecf554a3a28d,海口旅游交通广播,Hainan,traffic information,chinese,UNKNOWN,0,0,https://live2.hkbtv.cn/live/fm954.m3u8,reachable,200,application/vnd.apple.mpegurl,application/vnd.apple.mpegurl,2026-06-07T08:02:27Z,https://www.hkbtv.cn/#/
55,2833266d-986e-4359-ab32-13edab14e447,海口生活广播 FM104.4,Hainan,"information,music",chinese,UNKNOWN,0,0,https://live2.hkbtv.cn/live/fm1044.m3u8,reachable,200,application/vnd.apple.mpegurl,application/vnd.apple.mpegurl,2026-06-07T08:03:56Z,https://www.hkbtv.cn/#/
56,6daa9013-7f22-49c7-bc9f-120bf900ef68,海口综合广播 FM101.8,Hainan,full service,chinese,UNKNOWN,0,0,https://live2.hkbtv.cn/live/fm1018.m3u8,reachable,200,application/vnd.apple.mpegurl,application/vnd.apple.mpegurl,2026-06-07T08:06:03Z,https://www.hkbtv.cn/#/
57,59483660-901c-4587-baa9-d7b708c063ef,玉山新闻综合广播,Kiangsi,full service,chinese,UNKNOWN,0,0,https://play-a2.quklive.com/live/1744269984309138.m3u8,reachable,200,application/x-mpegURL,application/x-mpegURL,2026-06-07T08:53:50Z,https://www.yszc.com.cn/
58,79e85a1d-954c-4b72-856b-d03a921cc8d5,章贡综合广播,Kiangsi,music,chinese,UNKNOWN,0,0,http://218.95.14.41:8030/ch0.m3u8,reachable,200,application/vnd.apple.mpegurl,application/vnd.apple.mpegurl,2026-06-07T08:59:56Z,https://sj.qq.com/appdetail/com.jxmfkj.www.company.zgfb
59,66463560-6e08-4b0b-9970-608a965aa563,佛山电台FM92.4交通广播,Guangdong,traffic radio broadcast,"cantonese,chinese",UNKNOWN,0,0,https://radiopull.radiofoshan.com.cn/live/1400389414_BSID_42_audio.m3u8,reachable,200,application/vnd.apple.mpegurl,application/vnd.apple.mpegurl,2026-09-05T03:29:52Z,https://www.fscmjt.com/
60,33427e29-abb5-48d5-b7fe-1b664df039e9,佛山电台FM94.6真爱946,Guangdong,,"cantonese,chinese",UNKNOWN,0,0,https://radiopull.radiofoshan.com.cn/live/1400389414_BSID_42_audio.m3u8,reachable,200,application/vnd.apple.mpegurl,application/vnd.apple.mpegurl,2026-09-05T02:52:33Z,https://www.fscmjt.com/
61,a96edcea-56a3-462b-9187-68ffd356a12a,佛山电台真爱946,Guangdong,information,"cantonese,chinese",UNKNOWN,0,0,https://radiopull.radiofoshan.com.cn/live/1400389414_BSID_46_audio.m3u8,reachable,200,application/vnd.apple.mpegurl,application/vnd.apple.mpegurl,2026-09-05T03:37:16Z,https://www.fscmjt.com/
62,45f1ece1-1624-44e1-bf22-4bd55717b810,叙州综合广播 汽车音乐广播FM94.2,Szechuan,"music,oldies",chinese,MP3,0,0,https://lhttp-hw.qtfm.cn/live/20500137/64k.mp3,reachable,200,audio/mpeg,audio/mpeg,2026-03-28T08:52:53Z,https://www.yibinrm.cn/
63,328c5096-b162-472b-8c3b-f3cd4537d638,延吉汉语·朝鲜语综合广播,jilin,"full service,music","chinese,korean",UNKNOWN,75,0,http://stream7.jlntv.cn/yjgb/playlist.m3u8,reachable,200,application/vnd.apple.mpegurl,application/vnd.apple.mpegurl,2026-06-07T13:49:46Z,http://www.yanji.tv/
64,2cfbd559-3f51-429d-9406-5c882a9a28dd,大连老友之声广播,Dalian,"health,old age",chinese,UNKNOWN,0,0,https://livepull.dlrm.cn/dlrm/0f7ecdf4-629d-458a-ab20-bfdb6618cec3.m3u8?txSecret=f211e4ab812934736a9f6f9f5bc16db120c49ee0a75220fed3db295ea1ca8fa5&txTime=8FAFDD5C,reachable,200,application/vnd.apple.mpegurl,application/vnd.apple.mpegurl,2026-09-05T05:56:09Z,https://www.dltv.cn/
65,2d3101c3-f429-4d85-be0b-83bffa7bd050,富顺综合广播,Szechuan,full service,chinese,MP3,0,0,https://lhttp-hw.qtfm.cn/live/5022355/64k.mp3,reachable,200,audio/mpeg,audio/mpeg,2026-03-28T08:58:26Z,https://cbgc.scol.com.cn/channel_MTQ2T
66,cc589f96-86e5-4611-901d-a75cbb4d851d,克拉玛依音乐广播 FM97.1,Sinkiang,music,chinese,UNKNOWN,0,0,https://live-news.kelamayi.com.cn/hls/k971/index.m3u8,reachable,200,application/vnd.apple.mpegurl,application/vnd.apple.mpegurl,2026-07-09T15:26:02Z,https://news.kelamayi.com.cn/klmy-rmt-h5/#/pages/index/index
67,1edc9b08-8d6d-4a42-b888-1c75f84023c7,克拉玛依维吾尔语综合广播 FM90.7 AM882,Sinkiang,full service,"chinese,uyghur",UNKNOWN,0,0,https://live-news.kelamayi.com.cn/hls/k907/index.m3u8,reachable,200,application/vnd.apple.mpegurl,application/vnd.apple.mpegurl,2026-07-09T15:28:29Z,https://news.kelamayi.com.cn/klmy-rmt-h5/#/pages/index/index
68,cdd0c7f9-c687-4369-b6d8-c85c997dd032,东方音乐电台 THMR,,japanese,,MP3,0,0,https://radio.yunmoan.cn/radio/touhou/320k,reachable,200,audio/mpeg,audio/mpeg,2026-08-27T12:40:09Z,https://radio.yunmoan.cn/radio/touhou/320k
69,5ffafb55-105a-4594-8f5c-f2a4d1c0d380,睢宁综合广播,Kiangsu,entertainment,chinese,MP3,0,0,https://lhttp-hw.qtfm.cn/live/20500191/64k.mp3,reachable,200,audio/mpeg,audio/mpeg,2026-01-16T12:24:50Z,http://xuzhou.people.com.cn/GB/359715/359828/index.html
70,d7db905d-bb98-4234-9a6a-3b5868cc1b6c,连云港新农村广播,Kiangsu,"agriculture,entertainment,lifestyle,music,pop",chinese,UNKNOWN,100,0,https://livenew.lyg1.com/FM/playlist.m3u8,reachable,200,application/vnd.apple.mpegurl,application/vnd.apple.mpegurl,2026-06-12T02:39:13Z,https://www.lyg1.com/index.html
71,2cbc3cfd-4018-431c-9741-b325ad0594cb,益阳交通广播,Hunan,"entertainment,traffic news",chinese,MP3,0,0,https://lhttp-hw.qtfm.cn/live/15318153/64k.mp3,reachable,200,audio/mpeg,audio/mpeg,2026-01-16T12:40:54Z,https://www.yyrtv.com/
72,7f0f5089-daa8-40fb-af20-16fdfc9fc078,连云港交通广播,Kiangsu,traffic radio broadcast,chinese,UNKNOWN,100,0,https://livenew.lyg1.com/JTGB927/playlist.m3u8,reachable,200,application/vnd.apple.mpegurl,application/vnd.apple.mpegurl,2026-06-12T02:41:51Z,https://www.lyg1.com/index.html
73,b3e1f596-8da3-474f-8c59-410f85195bd0,连云港综合广播,Kiangsu,news,chinese,UNKNOWN,61,0,https://livenew.lyg1.com/LYGZHGB/playlist.m3u8,reachable,200,application/vnd.apple.mpegurl,application/vnd.apple.mpegurl,2026-06-12T02:44:50Z,https://www.lyg1.com/index.html
74,21f4f4fc-dcf8-48d7-ad02-7eda95990e0b,大连体育广播,Dalian,"sport,sports",chinese,UNKNOWN,0,0,https://livepull.dlrm.cn/dlrm/86f877fd-e5d0-4823-b11f-c5d2e5575360.m3u8?txSecret=62ed476b071c96afead53417b6fd0f113fac9a2c3988b8ad191b553595a56fb4&txTime=8FB42079,reachable,200,application/vnd.apple.mpegurl,application/vnd.apple.mpegurl,2026-09-08T12:08:19Z,https://www.runsky.com/
75,3ec2a2c8-047a-463a-8b3f-3dca4cbba500,鸡西综合广播,Amur River,full service,chinese,MP3,0,0,https://lhttp-hw.qtfm.cn/live/20500089/64k.mp3,reachable,200,audio/mpeg,audio/mpeg,2026-04-16T12:15:46Z,https://jixi.dbw.cn/
76,e640b325-57f0-404d-ac78-9263961f090c,鸡西交通广播,Amur River,full service,chinese,MP3,0,0,https://lhttp-hw.qtfm.cn/live/20500087/64k.mp3,reachable,200,audio/mpeg,audio/mpeg,2026-04-16T12:15:46Z,https://jixi.dbw.cn/
77,7b5b8ece-be19-43d9-8037-e88639401acd,漯河交通广播mp3,Honan,traffic information,chinese,MP3,0,0,https://lhttp-hw.qtfm.cn/live/5022452/64k.mp3,reachable,200,audio/mpeg,audio/mpeg,2026-02-11T08:16:29Z,https://www.luohe.com.cn/
78,30a82229-ba67-4e23-9bbd-74673cf8168c,双阳综合广播,jilin,full service,chinese,UNKNOWN,0,0,http://stream11.jlntv.cn/aac_shuangyanggb/sd/live.m3u8,reachable,200,application/vnd.apple.mpegurl,application/vnd.apple.mpegurl,2026-07-10T01:14:13Z,https://apps.apple.com/cn/app/%E5%8F%8C%E9%98%B3%E8%9E%8D%E5%AA%92/id1481035621
79,9b62d19a-f311-43d7-aea9-b19674c22d1e,漯河综合广播mp3,Honan,news,chinese,MP3,0,0,https://lhttp-hw.qtfm.cn/live/5022660/64k.mp3,reachable,200,audio/mpeg,audio/mpeg,2026-02-11T08:17:35Z,https://www.luohe.com.cn/
80,81c5e1b3-d01e-4ca3-b1cc-59e2a1fbaa83,青海交通音乐广播 FM97.2,Qinghai,"china,music,qinghai,traffic,xining",chinese,MP3,0,0,http://lhttp.qtfm.cn/live/5009/64k.mp3,reachable,200,audio/mpeg,audio/mpeg,2026-08-08T02:42:02Z,https://m.qingting.fm/channels/5009
81,936f9bcf-de6d-456d-92ce-01f936e29009,青海经济生活广播 FM90.3,Qinghai,"china,economy,life,qinghai,xining",chinese,MP3,0,0,http://lhttp.qtfm.cn/live/5008/64k.mp3,reachable,200,audio/mpeg,audio/mpeg,2026-08-08T02:42:02Z,https://m.qingting.fm/channels/5008
82,c25a1f25-7fe3-4a26-96c4-dc47c157ab4f,长江水上安全信息台·长江之声,Hupei,information,chinese,MP3,0,0,https://lhttp-hw.qtfm.cn/live/5021868/64k.mp3,reachable,200,audio/mpeg,audio/mpeg,2026-01-15T13:04:29Z,https://cjhy.mot.gov.cn/?key=%EF%BF%BD%CF%B1%EF%BF%BD%EF%BF%BD%EF%BF%BD
83,448e325a-c395-4722-af56-64bee6277efc,西宁新闻综合广播 FM95.6,Qinghai,"china,news,qinghai,xining",chinese,MP3,0,0,http://lhttp.qtfm.cn/live/5022282/64k.mp3,reachable,200,audio/mpeg,audio/mpeg,2026-08-08T02:42:02Z,https://m.qingting.fm/channels/5022282
84,cfb39113-4996-45ef-a47c-e90259ecd54c,西宁交通文艺广播 FM104.3,Qinghai,"china,literature,qinghai,traffic,xining",chinese,MP3,0,0,http://lhttp.qtfm.cn/live/5022283/64k.mp3,reachable,200,audio/mpeg,audio/mpeg,2026-08-08T02:42:02Z,https://m.qingting.fm/channels/5022283
85,4126bc98-84ba-4d52-ba85-9f27452f5e59,怀柔综合广播,Beijing,full service,chinese,UNKNOWN,0,0,https://pili-live-hls-bjhr-tv.huairtv.com/bjhr-tv/FM101.m3u8?sign=7f858402fef017cb7676deacd1835b4f&t=69bb65a3,reachable,200,application/vnd.apple.mpegurl,application/vnd.apple.mpegurl,2026-03-19T02:51:38Z,https://www.huairtv.com/#/
86,6fb8c73e-b429-4eb4-8a7b-8a9d8255bdc5,FM105平阳电台,Zhejiang,"china,pingyang,zhejiang",chinese,MP3,0,0,https://lhttp-hw.qtfm.cn/live/5022624/64k.mp3,reachable,200,audio/mpeg,audio/mpeg,2026-08-08T02:59:19Z,
87,8697f839-0ff8-4726-899a-dc3381b8c8d1,FM101仙居融媒体广播,Zhejiang,"china,zhejiang",chinese,MP3,0,0,https://lhttp-hw.qtfm.cn/live/5021908/64k.mp3,reachable,200,audio/mpeg,audio/mpeg,2026-08-08T02:59:50Z,https://www.rjxj.com.cn/
88,8fb04794-26b5-418f-ae2d-4c4b9c52f497,FM97 舟山交通音乐广播,Zhejiang,"entertainment,music,pop,talk radio",chinese,MP3,0,0,https://lhttp.qingting.fm/live/1161/64k.mp3,reachable,200,audio/mpeg,audio/mpeg,2026-08-08T02:59:50Z,https://www.wifizs.cn/
89,e879d91b-7a66-422c-9ab0-28820bd8a55c,Shangyu People Radio,Zhejiang,chekiang,chinese,UNKNOWN,0,1,http://l.cztvcloud.com/channels/lantian/SXshangyuaud/128k.m3u8,reachable,200,application/x-mpegURL,application/x-mpegURL,2026-08-08T02:59:50Z,http://www.sybtv.com/
90,6ddec98e-348d-4504-99fa-3a77f5bd8f15,Siaoshan Cable Radio,Zhejiang,"china,zhejiang",chinese,UNKNOWN,0,1,http://l.cztvcloud.com/channels/lantian/SXxiaoshanaud2/128k.m3u8,reachable,200,application/x-mpegURL,application/x-mpegURL,2026-08-08T02:59:50Z,http://www.xianghunet.com/
91,dc50e136-c924-4f93-aa8e-4fd0db8306b1,三门人民广播电台,Zhejiang,news,chinese,MP3,0,1,http://lhttp.qingting.fm/live/15318638/64k.mp3,reachable,200,audio/mpeg,audio/mpeg,2026-08-08T03:00:12Z,http://www.sanmentv.com/plus/list.php?tid=1
92,4222b9c3-da2d-48f9-a741-8bd8dde5610e,临安综合广播,Zhejiang,"entertainment,information,music,news",chinese,MP3,0,1,https://lhttp.qtfm.cn/live/20005/64k.mp3,reachable,200,audio/mpeg,audio/mpeg,2026-08-08T03:00:12Z,http://www.lanews.com.cn/
93,89fc2191-e11f-4007-a206-28ef2a1033bf,临海人民广播电台,Zhejiang,news,chinese,MP3,0,1,http://lhttp.qingting.fm/live/5022437/64k.mp3,reachable,200,audio/mpeg,audio/mpeg,2026-08-08T03:00:12Z,http://lhnews.zjol.com.cn/
94,f3702a35-276b-47ee-a860-6860380090e9,义乌交通,Zhejiang,95.5,chinese,MP3,0,1,https://lhttp.qtfm.cn/live/20533/64k.mp3,reachable,200,audio/mpeg,audio/mpeg,2026-08-08T03:00:12Z,http://www.ywcity.cn/#/homepage
95,36a530cc-b14f-4ea5-b81a-6729bd6b0857,乐清人民广播电台,Zhejiang,news,chinese,MP3,0,1,http://lhttp.qingting.fm/live/20204/64k.mp3,reachable,200,audio/mpeg,audio/mpeg,2026-08-08T03:00:12Z,http://www.yqbtv.cn/
96,a51a964a-7f34-435b-a714-f3e64e2653d7,云和广播,Zhejiang,news,chinese,UNKNOWN,0,1,http://l.cztvcloud.com/channels/lantian/SXyunheaud/128k.m3u8,reachable,200,application/x-mpegURL,application/x-mpegURL,2026-08-08T03:00:12Z,http://zgyhnews.zjol.com.cn/
97,84f4e909-04ad-4e15-b326-34f82023c2f5,北仑电台,Zhejiang,"1008可乐台,entertainment,music",chinese,MP3,0,1,https://lhttp.qingting.fm/live/1153/64k.mp3,reachable,200,audio/mpeg,audio/mpeg,2026-08-08T03:00:12Z,http://www.nbbltv.com/
98,51db9392-3906-4c19-bf7c-8d1de72f28e1,嵊泗广播,Zhejiang,news,chinese,UNKNOWN,0,1,http://l.cztvcloud.com/channels/lantian/SXshengsiaud/128k.m3u8,reachable,200,application/x-mpegURL,application/x-mpegURL,2026-08-08T03:00:47Z,http://ssnews.zjol.com.cn/
99,dde38c50-9c9c-4308-912a-f6961494c350,庆元广播,Zhejiang,public radio,chinese,UNKNOWN,0,1,http://l.cztvcloud.com/channels/lantian/SXqingyuanaud/128k.m3u8,reachable,200,application/x-mpegURL,application/x-mpegURL,2026-08-08T03:00:47Z,http://qynews.zjol.com.cn/
100,08740013-ce0c-42ae-a637-38aa52b7baf7,新昌人民广播电台·天姥之声,Zhejiang,"music,news",chinese,MP3,0,1,https://lhttp.qingting.fm/live/20212423/64k.mp3,reachable,200,audio/mpeg,audio/mpeg,2026-08-08T03:00:47Z,http://www.xcbtv.cn/
101,e546af1a-0b6c-482a-abb5-b5ad3e2c8877,杭州华语之声网络广播,Zhejiang,"full service,internet radio",chinese,MP3,0,1,https://lhttp.qtfm.cn/live/20505/64k.mp3,reachable,200,audio/mpeg,audio/mpeg,2026-08-08T03:01:10Z,https://www.hoolo.tv/
102,97176275-c6ed-4770-a2b9-1410e360392a,杭州音乐时尚广播,Zhejiang,music,chinese,UNKNOWN,0,1,https://live.xmcdn.com/live/1845/64.m3u8,reachable,200,application/vnd.apple.mpegurl,application/vnd.apple.mpegurl,2026-08-08T03:01:10Z,https://www.hoolo.tv/
103,a9088818-8137-44f3-8100-7900742797bf,桐乡人民广播电台,Zhejiang,news,chinese,MP3,0,1,http://lhttp.qingting.fm/live/5021791/64k.mp3,reachable,200,audio/mpeg,audio/mpeg,2026-08-08T03:01:10Z,http://txnews.zjol.com.cn/
104,c3d9c66f-171f-4f0f-8d04-2fc3035e5c1b,武义广播FM87.7,Zhejiang,news,chinese,UNKNOWN,0,1,http://l.cztvcloud.com/channels/lantian/SXwuyiaud/128k.m3u8,reachable,200,application/x-mpegURL,application/x-mpegURL,2026-08-08T03:01:10Z,http://www.wynews.cn/
105,bdd0e7d1-718b-4c4b-ab6a-95296e73a197,永嘉综合广播,Zhejiang,music,chinese,UNKNOWN,0,1,http://l.cztvcloud.com/channels/lantian/SXyongjiaaud/128k.m3u8,reachable,200,application/x-mpegURL,application/x-mpegURL,2026-08-08T03:01:10Z,http://www.yjnet.cn/
106,a19a3747-262c-44ef-b34b-cc66b2db346d,秦安综合广播,Kansu,full service,chinese,UNKNOWN,2560,1,https://play.kankanlive.com/live/1679542079162924.m3u8,reachable,200,application/vnd.apple.mpegurl,application/vnd.apple.mpegurl,2026-06-12T23:11:35Z,https://nwwwn.newgscloud.com/html/download.html?siteId=602e585829bb4d339c7261548309223e
107,0e4e6074-937b-400c-9890-89fab050ae32,江山市广播电视台广播节目,Zhejiang,"104.7,104.7 fm",chinese,UNKNOWN,0,1,http://play-sh.quklive.com/live/1621846880977914.m3u8,reachable,200,application/x-mpegURL,application/x-mpegURL,2026-08-08T03:01:10Z,https://shouyou.3dmgame.com/zt/100694_game/
108,afd8aca8-65f8-4d85-b329-e7753927ef33,洞头广播,Zhejiang,news,chinese,UNKNOWN,0,1,http://l.cztvcloud.com/channels/lantian/SXdongtouaud/128k.m3u8,reachable,200,application/x-mpegURL,application/x-mpegURL,2026-08-08T03:01:34Z,http://www.dtxw.cn/
109,b392c153-ca1a-4497-8ef0-85d837d6eadf,新野综合广播 FM89.8,Honan,full service,chinese,MP3,0,1,https://lhttp-hw.qtfm.cn/live/20500242/64k.mp3,reachable,200,audio/mpeg,audio/mpeg,2026-09-02T11:45:02Z,http://xinye.01ny.cn/
110,36cf109d-ee95-4498-8594-222ac1248c1b,浙江新闻频道,Zhejiang,news,chinese,UNKNOWN,0,1,http://ali-vl.cztv.com/channels/lantian/channel007/360p.m3u8,reachable,200,application/x-mpegURL,application/x-mpegURL,2026-08-08T03:01:34Z,http://www.cztv.com/
111,928cab0f-615e-41d1-8797-50a26c10252b,浙江音乐调频,Zhejiang,music,chinese,UNKNOWN,0,1,http://ali-m-l.cztv.com/channels/lantian/fm968/128k.m3u8,reachable,200,application/x-mpegURL,application/x-mpegURL,2026-08-08T03:01:34Z,http://www.cztv.com/
112,9411d077-ee85-401b-bd5f-4684f7995187,温州交通广播,Zhejiang,traffic,chinese,MP3,0,1,http://lhttp.qingting.fm/live/1156/64k.mp3,reachable,200,audio/mpeg,audio/mpeg,2026-08-08T03:01:34Z,http://www.wztv.cn/
113,fda6d61b-6c67-4042-9ef5-d3c140e740a5,繁昌新闻综合广播,Anhwei,"information,news,news talk",chinese,UNKNOWN,2560,1,https://nfcplay.wuhunews.cn/fc/zhgb.m3u8,reachable,200,application/vnd.apple.mpegurl,application/vnd.apple.mpegurl,2026-06-06T05:35:31Z,http://www.fcxnews.cn/app/
114,96dbcb1a-f51d-4560-8254-e9835aeba701,庄浪综合广播,Kansu,full service,chinese,UNKNOWN,2560,1,https://play.kankanlive.com/live/1687654064712990.m3u8,reachable,200,application/vnd.apple.mpegurl,application/vnd.apple.mpegurl,2026-06-10T22:28:14Z,https://nwwwn.newgscloud.com/html/download.html?siteId=cdf6a0bf386f43dda06b2ea95b0d51ab
115,1ee4a595-ed0c-4516-9adc-83e55fad7993,永昌综合广播FM106.2,Kansu,full service,chinese,UNKNOWN,2560,1,https://play.kankanlive.com/live/1770863457995110.m3u8,reachable,200,application/vnd.apple.mpegurl,application/vnd.apple.mpegurl,2026-06-10T22:31:21Z,https://nginx-ycx.xgsyun.com/ycx/site1/resource/app/template/router/index.html?data=eyJyb290VXJsIjoiaHR0cHM6Ly93YW4teWN4Lnhnc3l1bi5jb20vYXBwLyIsInR5cGUiOjAsImNoYW5uZWwiOjEsInR2U3R5bGUiOjIsImNvbElkIjoyNjUsImlzU2hhcmUiOjEsImFwcElkIjoxLCJzaXRlSUQiOjEsInNpdGVJZCI6MSwic3lzdGVtVHlwZSI6MCwiYXBwVmVyc2lvbiI6IjMuMi4xIiwid3hBcHBJZCI6Ind4OWYxM2EzZmIyZTQ3OWNiMiJ9
116,1adc1714-b265-47ae-be56-a4490bd97a8b,通渭综合广播,Kansu,"5g智慧电台,full service",chinese,UNKNOWN,2560,1,http://play.kankanlive.com/live/1725005604372021.m3u8,reachable,200,application/vnd.apple.mpegurl,application/vnd.apple.mpegurl,2026-06-10T22:37:55Z,https://nginx-twx.xgsyun.com/twx/site1/resource/app/template/router/index.html?data=eyJyb290VXJsIjoiaHR0cHM6Ly93YW4tdHd4Lnhnc3l1bi5jb20vYXBwLyIsInR5cGUiOjAsImNoYW5uZWwiOjIsInR2U3R5bGUiOjIsImNvbElkIjoxMTAsImlzU2hhcmUiOjEsImFwcElkIjoxLCJzaXRlSUQiOjEsInNpdGVJZCI6MSwic3lzdGVtVHlwZSI6MCwiYXBwVmVyc2lvbiI6IjMuMi4xIiwid3hBcHBJZCI6Ind4YTM5ODBjY2QyZWUzNTNlYyJ9
117,234735b0-a9be-44a5-b509-75cd7f592401,临夏市综合广播,Kansu,full service,chinese,UNKNOWN,0,1,http://124.152.34.102:8030/dUhph2/dUhph2.m3u8,reachable,200,application/vnd.apple.mpegurl,application/vnd.apple.mpegurl,2026-06-10T22:48:45Z,https://nginx-linxs.xgsyun.com/linxs/site1/resource/app/template/router/index.html?data=eyJyb290VXJsIjoiaHR0cHM6Ly93YW4tbGlueHMueGdzeXVuLmNvbS9hcHAvIiwidHlwZSI6MCwiY2hhbm5lbCI6MiwidHZTdHlsZSI6MiwiY29sSWQiOjMzNSwiaXNTaGFyZSI6MSwiYXBwSWQiOjEsInNpdGVJRCI6MSwic2l0ZUlkIjoxLCJzeXN0ZW1UeXBlIjowLCJhcHBWZXJzaW9uIjoiMy4yLjEiLCJ3eEFwcElkIjoid3hkOWMzYTA4ZjNkODVhZjRjIn0=
118,d6e39fc0-bf11-4c80-a2ad-9f944070b685,湖州综合广播,Zhejiang,news,chinese,MP3,0,1,https://lhttp.qingting.fm/live/2810/64k.mp3,reachable,200,audio/mpeg,audio/mpeg,2026-08-08T03:01:58Z,http://www.hugd.com/
119,e844b0a7-6b44-42d2-bfc9-8a92a231b8fa,绍兴戏曲广播,Zhejiang,"103.5,103.5 fm,music,pop",chinese,UNKNOWN,0,1,http://live.shaoxing.com.cn/audio/s10001-xq3/index.m3u8,reachable,200,application/vnd.apple.mpegurl,application/vnd.apple.mpegurl,2026-08-08T03:01:58Z,http://www.shaoxing.com.cn/
120,daa544d9-ce20-4841-9a2f-14e317dd30b0,广德综合广播 FM89.3,Anhwei,full service,chinese,UNKNOWN,0,1,https://live.gdtv.ah.cn/live/FM893.m3u8,reachable,200,application/vnd.apple.mpegurl,application/vnd.apple.mpegurl,2026-07-14T21:44:31Z,https://apps.apple.com/cn/app/%E6%88%91%E7%9A%84%E5%B9%BF%E5%BE%B7/id1462023797?l=en-GB
121,32b41629-be6f-4a19-be34-77c5fb1ff074,萧山有线广播,Zhejiang,public radio,chinese,UNKNOWN,0,1,http://l.cztvcloud.com/channels/lantian/SXxiaoshanaud2/128k.m3u8,reachable,200,application/x-mpegURL,application/x-mpegURL,2026-08-08T03:02:16Z,http://www.xianghunet.com/
122,b5e9a295-54a0-4636-a83f-ba47f38ab0dc,东海综合广播,Kiangsu,full service,chinese,MP3,0,1,https://lhttp-hw.qtfm.cn/live/20500220/64k.mp3,reachable,200,audio/mpeg,audio/mpeg,2026-08-02T10:44:50Z,http://js.people.cn/GB/361417/359585/359725/359836/index.html
123,46c1bed3-d8ed-4861-882b-59a6f320a676,定西交通广播,Kansu,traffic radio broadcast,chinese,UNKNOWN,2560,1,https://play.kankanlive.com/live/1745231947900292.m3u8,reachable,200,application/vnd.apple.mpegurl,application/vnd.apple.mpegurl,2026-06-11T04:37:05Z,https://nginx-dxs.xgsyun.com/dxs/site1/resource/app/template/router/index.html?data=eyJyb290VXJsIjoiaHR0cHM6Ly93YW4tZHhzLnhnc3l1bi5jb20vYXBwLyIsInR5cGUiOjAsImNoYW5uZWwiOjUsInR2U3R5bGUiOjIsImNvbElkIjoyOTE5LCJpc1NoYXJlIjoxLCJhcHBJZCI6MSwic2l0ZUlEIjoxLCJzaXRlSWQiOjEsInN5c3RlbVR5cGUiOjAsImFwcFZlcnNpb24iOiIzLjIuMSIsInd4QXBwSWQiOiJ3eDg4ZjFmNDBmNjQ4MjgyMjAifQ==
124,d02884ab-3daa-4189-83af-6275f6971a08,平凉交通广播,Kansu,traffic radio broadcast,chinese,UNKNOWN,2560,1,https://play.kankanlive.com/live/1694762955080949.m3u8,reachable,200,application/vnd.apple.mpegurl,application/vnd.apple.mpegurl,2026-06-11T04:41:46Z,https://nginx-pls.xgsyun.com/pls/site1/resource/app/template/router/index.html?data=eyJyb290VXJsIjoiaHR0cHM6Ly93YW4tcGxzLnhnc3l1bi5jb20vYXBwLyIsInR5cGUiOjAsImNoYW5uZWwiOjYsInR2U3R5bGUiOjIsImNvbElkIjoyMCwiaXNTaGFyZSI6MSwiYXBwSWQiOjEsInNpdGVJRCI6MSwic2l0ZUlkIjoxLCJzeXN0ZW1UeXBlIjowLCJhcHBWZXJzaW9uIjoiMy4yLjEiLCJ3eEFwcElkIjoid3gxOTc3YWUyNTlkOGQ0M2IxIn0=
125,be0ab327-fc31-47a3-ad9d-8cd66b5a57c1,平凉综合广播,Kansu,full service,chinese,UNKNOWN,2560,1,https://play.kankanlive.com/live/1750649719216047.m3u8,reachable,200,application/vnd.apple.mpegurl,application/vnd.apple.mpegurl,2026-06-11T04:43:21Z,https://nginx-pls.xgsyun.com/pls/site1/resource/app/template/router/index.html?data=eyJyb290VXJsIjoiaHR0cHM6Ly93YW4tcGxzLnhnc3l1bi5jb20vYXBwLyIsInR5cGUiOjAsImNoYW5uZWwiOjcsInR2U3R5bGUiOjIsImNvbElkIjoyMCwiaXNTaGFyZSI6MSwiYXBwSWQiOjEsInNpdGVJRCI6MSwic2l0ZUlkIjoxLCJzeXN0ZW1UeXBlIjowLCJhcHBWZXJzaW9uIjoiMy4yLjEiLCJ3eEFwcElkIjoid3gxOTc3YWUyNTlkOGQ0M2IxIn0=
126,e6759706-0259-409e-b2ee-3546ccbc4fa5,庆阳新闻综合广播,Kansu,full service,chinese,UNKNOWN,2560,1,https://play.kankanlive.com/live/1712564707088949.m3u8,reachable,200,application/vnd.apple.mpegurl,application/vnd.apple.mpegurl,2026-06-11T04:46:29Z,https://nginx-qys.xgsyun.com/qys/site1/resource/app/template/router/index.html?data=eyJyb290VXJsIjoiaHR0cHM6Ly93YW4tcXlzLnhnc3l1bi5jb20vYXBwLyIsInR5cGUiOjAsImNoYW5uZWwiOjQsInR2U3R5bGUiOjIsImNvbElkIjozMjQyLCJpc1NoYXJlIjoxLCJhcHBJZCI6MSwic2l0ZUlEIjoxLCJzaXRlSWQiOjEsInN5c3RlbVR5cGUiOjAsImFwcFZlcnNpb24iOiIzLjIuMSIsInd4QXBwSWQiOiJ3eDE3NWY4MTRlZDllYjhhMWIifQ==
127,e3976cb5-b306-4c95-a896-ca0bd0950d5b,遂昌综合广播,Zhejiang,public radio,chinese,UNKNOWN,0,1,http://l.cztvcloud.com/channels/lantian/SXsuichangaud/128k.m3u8,reachable,200,application/x-mpegURL,application/x-mpegURL,2026-08-08T03:02:16Z,http://scnews.zjol.com.cn/
128,17edfcfe-270c-494e-9a5d-286a743976db,陇南综合广播,Kansu,full service,chinese,UNKNOWN,2560,1,https://play.kankanlive.com/live/1709171646630903.m3u8,reachable,200,application/vnd.apple.mpegurl,application/vnd.apple.mpegurl,2026-06-11T04:58:37Z,https://nginx-lns.xgsyun.com/lns/site1/resource/app/template/router/index.html?data=eyJyb290VXJsIjoiaHR0cHM6Ly93YW4tbG5zLnhnc3l1bi5jb20vYXBwLyIsInR5cGUiOjAsImNoYW5uZWwiOjMsInR2U3R5bGUiOjAsImNvbElkIjo2NCwiaXNTaGFyZSI6MSwiYXBwSWQiOjEsInNpdGVJRCI6MSwic2l0ZUlkIjoxLCJzeXN0ZW1UeXBlIjowLCJhcHBWZXJzaW9uIjoiMy4yLjEiLCJ3eEFwcElkIjoid3gxYTljZDc4Y2U4NmYwMTJlIn0=
129,797c516d-febc-4b23-8797-5f330592c21a,天水综合广播,Kansu,full service,chinese,UNKNOWN,2560,1,http://play.kankanlive.com/live/1735268289979102.m3u8,reachable,200,application/vnd.apple.mpegurl,application/vnd.apple.mpegurl,2026-06-11T05:02:10Z,https://nginx-tss.xgsyun.com/tss/site1/resource/app/template/router/index.html?data=eyJyb290VXJsIjoiaHR0cHM6Ly93YW4tdHNzLnhnc3l1bi5jb20vYXBwLyIsInR5cGUiOjAsImNoYW5uZWwiOjMsInR2U3R5bGUiOjIsImNvbElkIjoxMTk1MSwiaXNTaGFyZSI6MSwiYXBwSWQiOjEsInNpdGVJRCI6MSwic2l0ZUlkIjoxLCJzeXN0ZW1UeXBlIjowLCJhcHBWZXJzaW9uIjoiMy4yLjEiLCJ3eEFwcElkIjoid3hlYjE0MmJhMmExMGFhNzNjIn0=
130,ba47c617-ba0c-4230-ab60-528deffd1ed3,Radio 7 Tazas de Molina FM,Maule,baladas cumbia 70 80 varios,español chile,AAC+,128,1,https://miradio.f96.cl/8006/streaming,reachable,200,audio/aacp,audio/aacp,2026-07-05T21:04:45Z,https://radio7tazasdemolina.cl/
131,f84dd4d8-a75d-4005-a7b1-d46ab30e9c97,天水音乐文艺广播,Kansu,music,chinese,UNKNOWN,2560,1,http://play.kankanlive.com/live/1735268150305110.m3u8,reachable,200,application/vnd.apple.mpegurl,application/vnd.apple.mpegurl,2026-06-11T05:05:12Z,https://nginx-tss.xgsyun.com/tss/site1/resource/app/template/router/index.html?data=eyJyb290VXJsIjoiaHR0cHM6Ly93YW4tdHNzLnhnc3l1bi5jb20vYXBwLyIsInR5cGUiOjAsImNoYW5uZWwiOjUsInR2U3R5bGUiOjIsImNvbElkIjoxMTk1MSwiaXNTaGFyZSI6MSwiYXBwSWQiOjEsInNpdGVJRCI6MSwic2l0ZUlkIjoxLCJzeXN0ZW1UeXBlIjowLCJhcHBWZXJzaW9uIjoiMy4yLjEiLCJ3eEFwcElkIjoid3hlYjE0MmJhMmExMGFhNzNjIn0=
132,4fd654db-af58-46d4-9a73-b3f6ec4d634a,酒泉综合广播 FM101.5,Kansu,full service,chinese,UNKNOWN,2560,1,https://play.kankanlive.com/live/1743389402991299.m3u8,reachable,200,application/vnd.apple.mpegurl,application/vnd.apple.mpegurl,2026-06-11T05:09:11Z,https://nginx-jqs.xgsyun.com/jqs/site1/resource/app/template/router/index.html?data=eyJyb290VXJsIjoiaHR0cHM6Ly93YW4tanFzLnhnc3l1bi5jb20vYXBwLyIsInR5cGUiOjAsImNoYW5uZWwiOjMsInR2U3R5bGUiOjIsImNvbElkIjo5NjEsImlzU2hhcmUiOjEsImFwcElkIjoxLCJzaXRlSUQiOjEsInNpdGVJZCI6MSwic3lzdGVtVHlwZSI6MCwiYXBwVmVyc2lvbiI6IjMuMi4xIiwid3hBcHBJZCI6Ind4MmVmMmExNmQxZmJiYzE5OSJ9
133,3aeff878-01b4-42c8-a695-cb1773e6b793,敦煌之声,Kansu,"arts,culture,information,music,news",chinese,UNKNOWN,2560,1,https://play.kankanlive.com/live/1698383289889932.m3u8,reachable,200,application/vnd.apple.mpegurl,application/vnd.apple.mpegurl,2026-06-11T05:11:49Z,https://nginx-dhs.xgsyun.com/dhs/site1/resource/app/template/router/index.html?data=eyJyb290VXJsIjoiaHR0cHM6Ly93YW4tZGhzLnhnc3l1bi5jb20vYXBwLyIsInR5cGUiOjAsImNoYW5uZWwiOjcsInR2U3R5bGUiOjIsImNvbElkIjo3MjIsImlzU2hhcmUiOjEsImFwcElkIjoxLCJzaXRlSUQiOjEsInNpdGVJZCI6MSwic3lzdGVtVHlwZSI6MCwiYXBwVmVyc2lvbiI6IjMuMi4xIiwid3hBcHBJZCI6Ind4ODI5ODgzODA4YzU0YmY0NiJ9
134,1e74385e-c84f-48bd-b6c2-e0aa4ba8827e,甘南综合广播,Kansu,full service,chinese,UNKNOWN,2560,1,https://play.kankanlive.com/live/1715588420818938.m3u8,reachable,200,application/vnd.apple.mpegurl,application/vnd.apple.mpegurl,2026-06-11T05:14:43Z,https://nginx-gnz.xgsyun.com/gnz/site1/m/c146/a12564.html
135,6621d0a4-395e-4d1e-8821-f40622bd5429,兰州交通音乐广播,Kansu,music,chinese,UNKNOWN,0,1,https://liveplus.lzr.com.cn/aac_jtyy/HD/live.m3u8,reachable,200,application/vnd.apple.mpegurl,application/vnd.apple.mpegurl,2026-06-11T05:23:23Z,https://apps.apple.com/cn/app/%E7%88%B1%E5%85%B0%E5%B7%9E/id908186611
136,842e6db7-3861-4f96-8a3b-18cbf4fcab9e,兰州生活文艺广播,Kansu,"entertainment,music,storytelling",chinese,UNKNOWN,0,1,https://liveplus.lzr.com.cn/aac_shwy/HD/live.m3u8,reachable,200,application/vnd.apple.mpegurl,application/vnd.apple.mpegurl,2026-06-11T05:25:08Z,https://apps.apple.com/cn/app/%E7%88%B1%E5%85%B0%E5%B7%9E/id908186611
137,830e13c1-9236-4a2b-bf7e-2b11c018a35f,兰州综合广播,Kansu,full service,chinese,UNKNOWN,0,1,https://liveplus.lzr.com.cn/aac_zhgb/HD/live.m3u8,reachable,200,application/vnd.apple.mpegurl,application/vnd.apple.mpegurl,2026-06-11T05:26:34Z,https://apps.apple.com/cn/app/%E7%88%B1%E5%85%B0%E5%B7%9E/id908186611
138,065b71a6-f5ed-4ed9-8619-aa3646b9996c,孝感综合广播,Hupei,full service,chinese,MP3,0,1,https://lhttp-hw.qtfm.cn/live/5022064/64k.mp3,reachable,200,audio/mpeg,audio/mpeg,2026-05-15T23:40:41Z,https://www.xgnews.cn/
139,86bdb5d9-4b3f-4429-949a-19fbd6a28d90,黄冈新闻综合广播,Hupei,full service,chinese,MP3,0,1,https://lhttp-hw.qtfm.cn/live/1301/64k.mp3,reachable,200,audio/mpeg,audio/mpeg,2026-05-15T23:45:33Z,https://www.hgdaily.com.cn/w/3/m_index.html
140,e2c1afa9-8ab1-43fc-9b11-c7f58597af90,长垣广播电视台综合广播,Honan,"entertainment,music",chinese,MP3,0,1,https://lhttp-hw.qtfm.cn/live/15318663/64k.mp3,reachable,200,audio/mpeg,audio/mpeg,2026-04-20T23:39:51Z,https://www.zyjjw.cn/cy/
141,44504eac-0848-443f-855a-dbaafb325c61,咸宁交通音乐广播,Hupei,"entertainment,music",chinese,MP3,0,1,https://lhttp-hw.qtfm.cn/live/5068/64k.mp3,reachable,200,audio/mpeg,audio/mpeg,2026-05-15T23:54:02Z,http://www.xnnews.com.cn/
142,609cc90d-bbe7-44e8-8dfd-b10866a7c568,陕西交通广播,Shanxi,,,MP3,0,1,https://lhttp.qtfm.cn/live/1601/64k.mp3,reachable,200,audio/mpeg,audio/mpeg,2026-08-12T01:25:37Z,http://www.sxtvs.com/sxtvs_jtgb/
143,44b6801f-4e03-48c7-812f-3a2e9bf487d0,西安新闻广播,Shanxi,,,MP3,0,1,https://lhttp.qtfm.cn/live/1610/64k.mp3,reachable,200,audio/mpeg,audio/mpeg,2026-08-12T01:43:55Z,https://home.xiancity.cn/lxfs/aboutus.shtml
144,aaa8df4e-27bb-4c4c-a450-0df31c1f6e29,太谷综合广播,Shansi,"information,music",chinese,UNKNOWN,0,1,https://p2.vzan.com/slowlive/933376641866061786/live.m3u8,reachable,200,application/vnd.apple.mpegurl,application/vnd.apple.mpegurl,2026-05-24T11:26:21Z,https://oqqsvo.vnet.weizan.cn/live/pc/index?liveId=1725814272&shareuid=0
145,857c8edb-39a5-49d9-bbc5-9b65e977db2c,滦平综合广播,Hopei,full service,chinese,UNKNOWN,0,1,https://jwplay.hebyun.com.cn/live/FM978/1500k/tzwj_video.m3u8,reachable,200,application/vnd.apple.mpegurl,application/vnd.apple.mpegurl,2026-06-08T22:12:54Z,https://www.hebyun.com.cn/html/download.html?siteId=877be038eb69416ab63fc62b1a1c8311
146,b1f04f79-f804-45d3-b0c3-3374e99d44f0,濉溪综合广播,Anhwei,full service,chinese,MP3,0,1,https://lhttp-hw.qtfm.cn/live/20500240/64k.mp3,reachable,200,audio/mpeg,audio/mpeg,2026-06-19T22:31:20Z,https://www.suixinews.net/
147,74770b55-730c-4553-89d7-016d09d5ae47,安阳综合新闻广播,Honan,news,chinese,MP3,0,1,https://lhttp-hw.qtfm.cn/live/15318224/64k.mp3,reachable,200,audio/mpeg,audio/mpeg,2026-03-07T08:47:53Z,https://www.aynews.net.cn/
148,1f2e0b82-2d38-4a5c-b308-ca5e128bfa70,抚松广播,jilin,full service,chinese,UNKNOWN,0,1,http://stream7.jlntv.cn/aac_fsgb/sd/live.m3u8,reachable,200,application/vnd.apple.mpegurl,application/vnd.apple.mpegurl,2026-07-15T13:40:57Z,http://opgx-www.plus.jlntv.cn/fusong/folder3672
149,a620a356-328c-4efe-8127-656d29ac717f,嘉定综合广播,Shanghai,full service,chinese,UNKNOWN,0,1,http://5730.liveplay.myqcloud.com/live/JcmcGBMar.m3u8,not_found,404,,HTTP 404,2026-05-11T14:15:52Z,http://www.jiading.gov.cn/
150,2add7790-f139-4446-a364-9825bd3c5977,石狮综合广播,Fukien,full service,chinese,UNKNOWN,0,1,https://live-new.chinashishi.net/SSradio/sd/live.m3u8,reachable,200,application/vnd.apple.mpegurl,application/vnd.apple.mpegurl,2026-05-11T14:20:53Z,https://www.chinashishi.net/
151,81fe1ce4-b80d-4e1e-84a3-137c913b188d,Shandong RGD Life Channel,,"mandopop,oldies",chinese,UNKNOWN,164,1,https://audiolive302.iqilu.com/sdradioShenghuo/sdradio04/playlist.m3u8,reachable,200,application/x-mpegurl,application/x-mpegurl,2026-07-15T14:40:04Z,
152,8fbfd4d8-cad3-4e1f-95c1-60a309eef072,盐城交通广播,Kiangsu,traffic information,chinese,MP3,0,1,https://lhttp-hw.qtfm.cn/live/20326/64k.mp3?,reachable,200,audio/mpeg,audio/mpeg,2026-02-10T08:17:55Z,https://www.0515yc.cn/
153,a38ee504-1de1-4d72-b636-5b1ec365cbb1,长沙城市之声,Music,,chinese,MP3,0,1,http://lhttp.qingting.fm/live/4237/64k.mp3,reachable,200,audio/mpeg,audio/mpeg,2026-08-03T05:38:23Z,https://www.csbtv.com/
154,6cf51620-1c1c-45cf-9e14-a0d5b5daa978,锦州新闻广播,Liaoning,full service,chinese,UNKNOWN,0,1,https://srs.beijihainews.com.cn/video/FM927/index.m3u8,reachable,200,application/vnd.apple.mpegurl,application/vnd.apple.mpegurl,2026-03-28T02:59:06Z,https://sj.qq.com/appdetail/com.cmstop.beijihainews
155,4e7f2f81-6b8d-43f3-9d01-3f6863fa4f95,891线上音乐台,,,,,0,1,https://live.fm891.net/96k.aac,reachable,200,audio/mpeg,audio/mpeg,2026-09-10T07:55:03Z,https://www.fm891.net/
156,4d88d857-374b-4bf1-941a-78d4e660f1d7,平定综合广播 经典流行FM101.1,Shansi,oldies,chinese,MP3,0,1,https://lhttp-hw.qtfm.cn/live/5022407/64k.mp3,not_found,404,,HTTP 404,2026-05-24T15:34:08Z,https://yangquan.sxgov.cn/node_298836_2.htm
157,5eae6396-bda9-4a02-96e4-0388e22783ee,新县新闻广播 106.2红城之声,Honan,"information,music",chinese,MP3,0,1,https://lhttp-hw.qtfm.cn/live/20500056/64k.mp3,reachable,200,audio/mpeg,audio/mpeg,2026-06-11T14:01:40Z,https://apps.apple.com/cn/app/%E4%BA%91%E4%B8%8A%E6%96%B0%E5%8E%BF/id1466032756
158,794ad6ab-7249-4fd8-8fff-bfbf4542c04a,镇江文艺广播,Kiangsu,"entertainment,music",chinese,UNKNOWN,0,1,https://zjtv-wshls.homecdn.com/live/64524.m3u8,reachable,200,application/x-mpegURL,application/x-mpegURL,2026-05-12T07:19:47Z,https://www.zjmc.tv/
159,c925e1b0-318d-48c9-98d7-c355dd971757,镇江综合广播,Kiangsu,news,chinese,UNKNOWN,0,1,https://zjtv-wshls.homecdn.com/live/64522.m3u8,reachable,200,application/x-mpegURL,application/x-mpegURL,2026-05-12T07:21:45Z,https://www.zjmc.tv/
160,8fe4151a-ea1d-4956-b66a-fd9875b84c92,吕梁综合广播,Shansi,full service,chinese,MP3,0,1,https://lhttp-hw.qtfm.cn/live/4020/64k.mp3,reachable,200,audio/mpeg,audio/mpeg,2026-05-03T00:16:07Z,http://www.sxllnews.cn/
161,bddf8ba4-ed2e-4087-a00d-4727cb205c46,海口音乐广播 WHIZRADIO,Hainan,music,chinese,UNKNOWN,0,1,https://live2.hkbtv.cn/live/fm916.m3u8,reachable,200,application/vnd.apple.mpegurl,application/vnd.apple.mpegurl,2026-06-07T08:07:27Z,https://www.hkbtv.cn/#/
162,57a28bfd-a544-4b03-935a-eaa9b477ed75,海口音乐广播,Hainan,music,chinese,MP3,0,1,https://lhttp-hw.qtfm.cn/live/20010/64k.mp3,reachable,200,audio/mpeg,audio/mpeg,2026-06-07T08:21:11Z,https://www.hkbtv.cn/#/
163,00bd3b80-4d95-4539-81be-aff5fc4036d2,玛纳斯综合广播,Sinkiang,full service,chinese,UNKNOWN,0,1,http://218.84.127.245:1027/hls/main0/playlist.m3u8,reachable,200,application/vnd.apple.mpegurl,application/vnd.apple.mpegurl,2026-07-09T14:11:15Z,http://pcepaper.cjxww.cn/html/2025-02/14/content_1159_197335.htm
164,a8639110-48d9-444e-8b8a-743b5663affc,玉溪新闻综合广播,Yunnan,full service,chinese,UNKNOWN,0,1,https://hwapi.yntv.net/r5fc3f/wr84m9.m3u8,unreachable,,,连接失败: [SSL: CERTIFICATE_VERIFY_FAILED] certificate verify failed: certificate has expi,2026-07-09T14:13:42Z,https://www.yuxinet.cn/?pc=1
165,a6a4718c-65ff-4ef8-b441-7ba494a2d039,双流综合广播·空港之声,Szechuan,"music,oldies",chinese,UNKNOWN,0,1,http://222.209.86.154:1009/hls/main/playlist.m3u8,reachable,200,application/vnd.apple.mpegurl,application/vnd.apple.mpegurl,2026-07-09T14:31:05Z,http://www.sltv.net/
166,3f712767-c460-4b18-8a8a-4142fe3015ad,会宁综合广播,kansu,full service,chinese,UNKNOWN,2560,1,https://play.kankanlive.com/live/1721805639071291.m3u8,reachable,200,application/vnd.apple.mpegurl,application/vnd.apple.mpegurl,2026-07-09T14:39:52Z,https://apps.apple.com/cn/app/%E4%BC%9A%E5%AE%81%E8%9E%8D%E5%AA%92/id1492881278
167,93077c26-3745-4593-95de-ab9447df5c33,克拉玛依汉语综合广播 FM92.6 AM1179,Sinkiang,full service,chinese,UNKNOWN,0,1,https://live-news.kelamayi.com.cn/hls/k926/index.m3u8,reachable,200,application/vnd.apple.mpegurl,application/vnd.apple.mpegurl,2026-07-09T15:23:31Z,https://news.kelamayi.com.cn/klmy-rmt-h5/#/pages/index/index
168,59b1548e-37a3-4f8f-ad04-c8f8f991629f,泽州广播电视台综合广播,Shansi,music,chinese,MP3,0,1,https://lhttp-hw.qtfm.cn/live/5021761/64k.mp3,reachable,200,audio/mpeg,audio/mpeg,2026-01-16T12:21:09Z,https://www.0356sh.com/news/sx/zzxw/
169,623ac813-48af-41d3-bfd4-173f5ad069c9,常熟市融媒体中心综合广播 声动1008,Kiangsu,full service,chinese,MP3,0,1,https://lhttp-hw.qtfm.cn/live/2792/64k.mp3,reachable,200,audio/mpeg,audio/mpeg,2026-01-16T13:22:54Z,https://www.csxww.com/
170,4dc23132-dd8d-4136-8c6f-4a70c91d2bb5,盱眙综合广播,Kiangsu,full service,chinese,MP3,0,1,https://lhttp-hw.qtfm.cn/live/20500051/64k.mp3,reachable,200,audio/mpeg,audio/mpeg,2026-01-15T13:06:38Z,https://www.xuyi.biz/
171,72301bcf-3a0e-42e4-aa77-4900ed723e1c,湖南金鹰955|Hunan,Hunan,,chinese,UNKNOWN,0,1,https://rscdn.ajmide.com/r_1700/nglive_1700.m3u8,reachable,200,audio/x-mpegurl,audio/x-mpegurl,2026-08-01T07:50:33Z,https://rscdn.ajmide.com/r_1700/nglive_1700.m3u8
172,665e82e0-4893-40f5-a611-32808f3d74ff,上虞广播-1,Zhejiang,"china,zhejiang",chinese,UNKNOWN,0,2,https://l.cztvcloud.com/channels/lantian/SXshangyu1/720p.m3u8,reachable,200,application/x-mpegURL,application/x-mpegURL,2026-08-08T03:00:12Z,http://www.sybtv.com/sylive?cid=60401
173,8b3cf8a1-5398-4e3b-8d27-0dfa7d039e46,嵊州综合广播 FM100.3,Chekiang,full service,chinese,UNKNOWN,0,2,https://l.cztvcloud.com/channels/lantian/SXshengzhouaud/128k.m3u8,reachable,200,application/x-mpegURL,application/x-mpegURL,2026-08-10T06:56:52Z,http://wap.szttkk.cn/#/
174,636ae1fc-3ac8-4ad9-b801-cebbb0541524,义乌新闻,Zhejiang,106.2,chinese,MP3,0,2,https://lhttp.qtfm.cn/live/20537/64k.mp3,reachable,200,audio/mpeg,audio/mpeg,2026-08-08T03:00:12Z,http://www.ywcity.cn/#/homepage
175,45ce6bb0-6f69-4b8f-a427-e7f409eaa1ab,内蒙古城乡生活广播（视频直播线路）,Inner Mongolia,lifestyle,chinese,UNKNOWN,0,2,http://play1-qk.nmtv.cn/live/1902718general.m3u8,reachable,200,application/vnd.apple.mpegurl,application/vnd.apple.mpegurl,2026-07-10T08:33:21Z,https://www.nmtv.cn/index
176,a41c238c-a01d-494b-a9df-fe314b0aef19,余姚广播,Zhejiang,96.6,chinese,UNKNOWN,0,2,http://l.cztvcloud.com/channels/lantian/SXyuyaoaud/128k.m3u8,reachable,200,application/x-mpegURL,application/x-mpegURL,2026-08-08T03:00:12Z,http://www.yynews.com.cn/
177,64bddd27-796c-49cd-8c3c-9ab12fdfc96e,兰溪人民广播电台,Zhejiang,music,chinese,UNKNOWN,0,2,http://l.cztvcloud.com/channels/lantian/SXlanxiaud/128k.m3u8,reachable,200,application/x-mpegURL,application/x-mpegURL,2026-08-08T03:00:12Z,http://www.lxnews.cn/
178,f25f833f-508f-4289-9d47-24791e36b214,台州综合广播,Zhejiang,news,chinese,MP3,0,2,https://lhttp.qingting.fm/live/1145/64k.mp3,reachable,200,audio/mpeg,audio/mpeg,2026-08-08T03:00:30Z,http://www.576tv.com/
179,6270f3ce-e90d-45bf-9a3c-a8bd992a275f,台州音乐广播,Zhejiang,"fashion,music",chinese,MP3,0,2,https://lhttp.qingting.fm/live/1144/64k.mp3,reachable,200,audio/mpeg,audio/mpeg,2026-08-08T03:00:30Z,http://www.576tv.com/
180,41fbbd10-a63c-4b75-9796-444b83469d20,天台人民广播电台,Zhejiang,"music,news",chinese,MP3,0,2,https://lhttp.qingting.fm/live/5022200/64k.mp3,reachable,200,audio/mpeg,audio/mpeg,2026-08-08T03:00:30Z,http://ttnews.zjol.com.cn/
181,becb56d1-38ac-4403-8d45-1fba751fad6c,宁波经济广播,Zhejiang,"entertainment,information",chinese,MP3,0,2,https://lhttp.qtfm.cn/live/1152/64k.mp3,reachable,200,audio/mpeg,audio/mpeg,2026-08-08T03:00:30Z,http://www.nbtv.cn/
182,6a9ad440-9eb6-4e7c-b47d-0227f0948f13,宁海新闻综合广播 FM98.9,Zhejiang,"entertainment,full service,game,games,information,music",chinese,MP3,0,2,https://lhttp-hw.qtfm.cn/live/5022406/64k.mp3,reachable,200,audio/mpeg,audio/mpeg,2026-08-08T03:00:47Z,http://nh.cnnb.com.cn/
183,477a0722-d249-4fbd-bf4c-c72b8a6563c1,开化广播,Zhejiang,news,chinese,UNKNOWN,0,2,http://l.cztvcloud.com/channels/lantian/SXkaihuaaud/128k.m3u8,reachable,200,application/x-mpegURL,application/x-mpegURL,2026-08-08T03:00:47Z,http://khnews.zjol.com.cn/khnews/gggs/
184,3988aa2d-de5e-4d33-9fc1-f7380fa0a441,慈溪人民广播电台,Zhejiang,"music,慈溪经典车电台",chinese,MP3,0,2,https://lhttp.qingting.fm/live/5021401/64k.mp3,reachable,200,audio/mpeg,audio/mpeg,2026-08-08T03:00:47Z,http://cxnews.cnnb.com.cn/
185,917dc937-48d8-4d9e-a1d6-7bd82c59ff6c,文成广播,Zhejiang,news,chinese,UNKNOWN,0,2,http://l.cztvcloud.com/channels/lantian/SXwenchengaud/128k.m3u8,reachable,200,application/x-mpegURL,application/x-mpegURL,2026-08-08T03:00:47Z,http://wap.66wc.com/
186,bd026e80-fd99-493d-ade2-f886eadfacf6,普陀广播,Zhejiang,"information,news,public radio",chinese,UNKNOWN,0,2,http://l.cztvcloud.com/channels/lantian/SXputuoaud/128k.m3u8,reachable,200,application/x-mpegURL,application/x-mpegURL,2026-08-08T03:00:47Z,http://ptnews.zjol.com.cn/
187,078035fb-1bb2-44bd-87d7-1044b18b9e67,杭州交通经济广播,Zhejiang,"entertainment,lifestyle,music,talk show,traffic radio broadcast",chinese,MP3,0,2,https://lhttp.qtfm.cn/live/1133/64k.mp3,reachable,200,audio/mpeg,audio/mpeg,2026-08-08T03:00:47Z,https://www.hoolo.tv/
188,69e60aec-f3af-403d-b06c-edca38842459,杭州交通经济广播,Zhejiang,"lifestyle,traffic",chinese,UNKNOWN,0,2,http://live.xmcdn.com/live/632/64.m3u8,reachable,200,application/vnd.apple.mpegurl,application/vnd.apple.mpegurl,2026-08-08T03:01:10Z,http://www.hcrt.cn/
189,815eaa2b-c395-46ed-9b9f-a74d8b6aacb3,松阳广播,Zhejiang,news,chinese,UNKNOWN,0,2,http://l.cztvcloud.com/channels/lantian/SXsongyangaud/128k.m3u8,reachable,200,application/x-mpegURL,application/x-mpegURL,2026-08-08T03:01:10Z,http://syxww.zjol.com.cn/syxww/Mobile.html
190,59281be3-b575-4c64-b639-d3d9e108ae19,柯桥人民广播电台,Zhejiang,music,chinese,MP3,0,2,http://lhttp.qingting.fm/live/2422/64k.mp3,reachable,200,audio/mpeg,audio/mpeg,2026-08-08T03:01:10Z,http://www.zgkqw.com/2017/index.shtml
191,cec59343-7cdc-41aa-a169-e14f0029658d,浙江之声,Zhejiang,news,chinese,UNKNOWN,0,2,http://ali-m-l.cztv.com/channels/lantian/fm88/128k.m3u8,reachable,200,application/x-mpegURL,application/x-mpegURL,2026-08-08T03:01:34Z,http://www.am810.net/
192,badad240-f6d8-4129-8c68-03ec7fcbc81b,湖南音乐之声广播 芒果音乐台,Hunan,music,chinese,MP3,0,2,https://lhttp-hw.qtfm.cn/live/4979/64k.mp3,reachable,200,audio/mpeg,audio/mpeg,2026-09-02T11:51:35Z,https://weibo.com/u/1904226702
193,775e5ae3-1f46-46ad-9922-1e8cdefcbac5,浙江新闻广播,Zhejiang,"music,news",chinese,UNKNOWN,0,2,http://ali-m-l.cztv.com/channels/lantian/fm988/128k.m3u8,reachable,200,application/x-mpegURL,application/x-mpegURL,2026-08-08T03:01:34Z,http://www.cztv.com/
194,b48bcc35-0e45-4ee9-8e4e-439dfe07fb31,深圳飞扬971 FM97.1,Guangdong,"china,guangdong,music,shenzhen",chinese,MP3,0,2,https://lhttp.qtfm.cn/live/1271/64k.mp3,reachable,200,audio/mpeg,audio/mpeg,2026-07-29T15:09:06Z,https://m.qingting.fm/channels/1271
195,f890c092-07d2-4a61-ad4c-dceff703412e,温州经济广播,Zhejiang,entertainment,chinese,MP3,0,2,https://lhttp.qtfm.cn/live/1157/64k.mp3,reachable,200,audio/mpeg,audio/mpeg,2026-08-08T03:01:58Z,http://www.wztv.cn/
196,2dfee2fd-7b24-432c-bd5f-8ece7b74ae41,陇西综合广播,Kansu,5g智慧电台,chinese,UNKNOWN,2560,2,https://play.kankanlive.com/live/1733905755908367.m3u8,reachable,200,application/vnd.apple.mpegurl,application/vnd.apple.mpegurl,2026-06-10T22:24:24Z,https://nginx-lxx.xgsyun.com/lxx/site1/resource/app/template/router/index.html?data=eyJyb290VXJsIjoiaHR0cHM6Ly93YW4tbHh4Lnhnc3l1bi5jb20vYXBwLyIsInR5cGUiOjAsImNoYW5uZWwiOjIsInR2U3R5bGUiOjIsImNvbElkIjoyNDEsImlzU2hhcmUiOjEsImFwcElkIjoxLCJzaXRlSUQiOjEsInNpdGVJZCI6MSwic3lzdGVtVHlwZSI6MCwiYXBwVmVyc2lvbiI6IjMuMi4xIiwid3hBcHBJZCI6Ind4YmI5ODg1ZDcwOGU1N2QxZCJ9
197,1a40dc01-4735-44f3-8e27-66430d0b6360,湖州交通文艺广播,Zhejiang,music,chinese,MP3,0,2,https://lhttp.qtfm.cn/live/2811/64k.mp3,reachable,200,audio/mpeg,audio/mpeg,2026-08-08T03:01:58Z,http://www.hugd.com/
198,2723975b-010f-49c2-9aa1-010f258f70dd,长沙Big Radio 快乐886,Music,,chinese,MP3,0,2,http://lhttp.qingting.fm/live/20847/64k.mp3,reachable,200,audio/mpeg,audio/mpeg,2026-08-02T06:07:08Z,http://lhttp.qingting.fm/live/20847/64k.mp3
199,247584e0-7f8d-430c-9906-70330fe39ace,定西综合广播,Kansu,full service,chinese,UNKNOWN,2560,2,https://play.kankanlive.com/live/1745232015441290.m3u8,reachable,200,application/vnd.apple.mpegurl,application/vnd.apple.mpegurl,2026-06-11T04:34:58Z,https://nginx-dxs.xgsyun.com/dxs/site1/resource/app/template/router/index.html?data=eyJyb290VXJsIjoiaHR0cHM6Ly93YW4tZHhzLnhnc3l1bi5jb20vYXBwLyIsInR5cGUiOjAsImNoYW5uZWwiOjQsInR2U3R5bGUiOjIsImNvbElkIjoyOTE4LCJpc1NoYXJlIjoxLCJhcHBJZCI6MSwic2l0ZUlEIjoxLCJzaXRlSWQiOjEsInN5c3RlbVR5cGUiOjAsImFwcFZlcnNpb24iOiIzLjIuMSIsInd4QXBwSWQiOiJ3eDg4ZjFmNDBmNjQ4MjgyMjAifQ==
200,8d35a21a-46ee-4bea-8706-6e2382586064,白银新闻综合广播,Kansu,news,chinese,UNKNOWN,2560,2,https://play.kankanlive.com/live/1720516773210367.m3u8,reachable,200,application/vnd.apple.mpegurl,application/vnd.apple.mpegurl,2026-06-11T04:50:19Z,https://nginx-bys.xgsyun.com/bys/site1/resource/app/template/router/index.html?data=eyJyb290VXJsIjoiaHR0cHM6Ly93YW4tYnlzLnhnc3l1bi5jb20vYXBwLyIsInR5cGUiOjAsImNoYW5uZWwiOjIsInR2U3R5bGUiOjIsImNvbElkIjoxOSwiaXNTaGFyZSI6MSwiYXBwSWQiOjEsInNpdGVJRCI6MSwic2l0ZUlkIjoxLCJzeXN0ZW1UeXBlIjowLCJhcHBWZXJzaW9uIjoiMy4yLjEiLCJ3eEFwcElkIjoid3gwZmNhYTMxMWRlNTZiZDJkIn0=
201,b5a1c933-78a7-4c98-9c38-2e7f8344a77b,鄞州区1052LoveRadio,Zhejiang,"105.2,105.2 fm,entertainment,music",chinese,MP3,0,2,https://lhttp.qtfm.cn/live/5022061/64k.mp3,reachable,200,audio/mpeg,audio/mpeg,2026-08-08T03:02:16Z,http://yz.cnnb.com.cn/
202,f88a397d-1d80-4c27-b0b8-91d70cc12eeb,天水交通广播,Kansu,,chinese,UNKNOWN,2560,2,http://play.kankanlive.com/live/1735268253198106.m3u8,reachable,200,application/vnd.apple.mpegurl,application/vnd.apple.mpegurl,2026-06-11T05:03:46Z,https://nginx-tss.xgsyun.com/tss/site1/resource/app/template/router/index.html?data=eyJyb290VXJsIjoiaHR0cHM6Ly93YW4tdHNzLnhnc3l1bi5jb20vYXBwLyIsInR5cGUiOjAsImNoYW5uZWwiOjQsInR2U3R5bGUiOjIsImNvbElkIjoxMTk1MSwiaXNTaGFyZSI6MSwiYXBwSWQiOjEsInNpdGVJRCI6MSwic2l0ZUlkIjoxLCJzeXN0ZW1UeXBlIjowLCJhcHBWZXJzaW9uIjoiMy4yLjEiLCJ3eEFwcElkIjoid3hlYjE0MmJhMmExMGFhNzNjIn0=
203,bdc64deb-a8ec-4f3b-9793-37516cbcd4ee,曲阳融媒FM90.4,Hopei,music,chinese,MP3,0,2,https://lhttp-hw.qtfm.cn/live/20500219/64k.mp3,reachable,200,audio/mpeg,audio/mpeg,2026-03-20T23:55:15Z,http://www.tbuz.com.cn/poi/info/13141840
204,a4b4353a-20a0-4713-be99-9d4bc28573c7,Phate Radio,,,,OGG,128,2,https://phate.io/listen.ogg?_=1780760690678,reachable,200,application/ogg,application/ogg,2026-06-06T15:47:26Z,https://phate.io/
205,8b0c70d2-768d-4010-9efa-120883c6c8a1,平泉综合广播,Hopei,full service,chinese,UNKNOWN,0,2,http://jwcdnqx.hebyun.com.cn/live/pqgbdt/1500k/tzwj_video.m3u8,reachable,200,application/vnd.apple.mpegurl,application/vnd.apple.mpegurl,2026-06-08T22:16:13Z,https://www.hebyun.com.cn/html/download.html?siteId=55744754552c47e8ac631fb389c2ec3a
206,ab789187-654d-4fc0-8b32-efc2522830c0,丰宁综合广播,Hopei,full service,chinese,UNKNOWN,0,2,http://jwcdnqx.hebyun.com.cn/live/fengningguangbo/1500k/tzwj_video.m3u8,reachable,200,application/vnd.apple.mpegurl,application/vnd.apple.mpegurl,2026-06-08T22:19:01Z,https://www.hebyun.com.cn/html/download.html?siteId=14e320b5b4584122982197530a799f7c
207,f606a4b1-278b-4c85-9dde-3580fa3a426e,肃宁综合广播 FM93.3,Hopei,full service,chinese,UNKNOWN,0,2,https://jwcdnqx.hebyun.com.cn/live/snrmgb01/1500k/tzwj_video.m3u8,reachable,200,application/vnd.apple.mpegurl,application/vnd.apple.mpegurl,2026-06-08T22:30:49Z,https://www.hebyun.com.cn/html/download.html?siteId=aa2c4d6558fe48559bcd56afb0244522
208,ed5faa14-287c-4ed9-b696-c3f66c71b85a,梁山广播电视台综合广播,Shantung,information,chinese,MP3,0,2,https://lhttp-hw.qtfm.cn/live/20500235/64k.mp3,reachable,200,audio/mpeg,audio/mpeg,2026-01-17T23:52:17Z,https://www.jnnews.tv/xianqu/liangshan/index.html
209,479ddfff-b6b5-4647-83ae-5c6a8528d98b,Shandong RGD Life Channel,,"mandopop,oldies",chinese,UNKNOWN,171,2,https://audiolive302.iqilu.com/sdradioShenghuo/sdradio04/playlist.m3u8,reachable,200,application/x-mpegurl,application/x-mpegurl,2026-07-15T14:40:04Z,
210,1079ee04-8879-494d-b5c3-b463df7cec97,高安电台 最爱942,Kiangsi,"folk,hits,music,pop,rock",chinese,MP3,0,2,https://lhttp-hw.qtfm.cn/live/20500014/64k.mp3,reachable,200,audio/mpeg,audio/mpeg,2026-06-07T02:42:18Z,https://jxyc.jxnews.com.cn/gaxww/bmdq/index.shtml
211,0d6ea351-9fc7-443a-8b19-b806814d61aa,锦州教育频道,Liaoning,tv,chinese,UNKNOWN,0,2,http://srs.beijihainews.com.cn/video/jinzhou2/index.m3u8,reachable,200,application/vnd.apple.mpegurl,application/vnd.apple.mpegurl,2026-05-24T15:19:55Z,https://www.beijihainews.com.cn/
212,56f678b0-55e4-4bad-89ee-d607f007acd1,锦州综合频道,Liaoning,,chinese,UNKNOWN,0,2,https://srs.beijihainews.com.cn/video/jinzhou1/index.m3u8,reachable,200,application/vnd.apple.mpegurl,application/vnd.apple.mpegurl,2026-05-24T15:22:00Z,https://www.beijihainews.com.cn/
213,2dd5a38d-de18-4c5b-92f2-850208c99451,哈尔滨冰城融媒体电台,,music,chinese,MP3,0,2,https://lhttp-hw.qtfm.cn/live/20212259/64k.mp3,reachable,200,audio/mpeg,audio/mpeg,2026-02-10T15:11:45Z,https://www.hrbtv.net/
214,47b70932-3490-4d43-b0ae-5014b752a83b,鹤壁交通广播,Honan,traffic radio broadcast,chinese,MP3,0,2,https://lhttp-hw.qtfm.cn/live/5022089/64k.mp3,reachable,200,audio/mpeg,audio/mpeg,2026-06-10T01:31:18Z,https://www.hebitv.com/
215,e0e669e5-32d8-4a8e-8541-81dfdde0c7a6,诸暨综合广播,Chekiang,,chinese,UNKNOWN,0,2,http://l.cztvcloud.com/channels/lantian/SXzhujiaud/128k.m3u8,reachable,200,application/x-mpegURL,application/x-mpegURL,2026-07-09T14:20:01Z,https://www.zjrb.cn/
216,34c52e96-2a7e-42dd-bd27-f9be7b084c8e,蚌埠综合广播 FM107.9 AM765,Anhwei,news,chinese,MP3,0,2,https://lhttp-hw.qtfm.cn/live/20154/64k.mp3,reachable,200,audio/mpeg,audio/mpeg,2026-06-04T14:55:14Z,https://www.bbnews.cn/
217,1c9d96a8-458f-448a-946e-93dc40ed8fd8,蚌埠交通文艺广播 FM98.4,Anhwei,entertainment,chinese,MP3,0,2,https://lhttp-hw.qtfm.cn/live/4577/64k.mp3,reachable,200,audio/mpeg,audio/mpeg,2026-06-04T14:56:53Z,https://www.bbnews.cn/
218,ed201a1a-0919-40ef-aa63-303b1413685e,颍上广播电视台FM96.2,Anhwei,full service,chinese,MP3,0,2,https://lhttp-hw.qtfm.cn/live/20500039/64k.mp3,reachable,200,audio/mpeg,audio/mpeg,2026-02-11T07:55:57Z,https://www.ys-news.cn/
219,a8d50b84-ee71-4c57-9648-0a704da68d96,博罗综合广播,Kwangtung,full service,chinese,UNKNOWN,0,2,https://live.ximalaya.com/radio-first-page-app/live/2848/64.m3u8?transcode=ts,reachable,200,application/vnd.apple.mpegurl,application/vnd.apple.mpegurl,2026-03-19T02:14:12Z,https://m.mp.oeeee.com/u/3644.html#/
220,f3284cef-ecf9-4b76-a93d-a113104b403f,德惠广播,jilin,full service,chinese,UNKNOWN,0,2,http://stream11.jlntv.cn/aac_dehuigb/sd/live.m3u8,reachable,200,application/vnd.apple.mpegurl,application/vnd.apple.mpegurl,2026-07-10T01:18:13Z,https://apps.apple.com/cn/app/%E5%BE%B7%E6%83%A0%E8%9E%8D%E5%AA%92/id1483309307
221,b0a9d1cc-dd57-4c87-9953-19b6873315a4,临汾音乐广播,Shansi,music,chinese,UNKNOWN,0,2,https://live.ximalaya.com/radio-first-page-app/live/2516/64.m3u8?transcode=ts,reachable,200,application/vnd.apple.mpegurl,application/vnd.apple.mpegurl,2026-03-19T02:21:31Z,https://www.lfgdw.cn/
222,15e9d23c-ba42-4322-a968-4e2543dda00d,宜春新闻综合广播 FM101.1,Kiangsi,news,chinese,UNKNOWN,0,2,https://liveds-yc.newsyc.com/fmmf/sd/live.m3u8,reachable,200,application/vnd.apple.mpegurl,application/vnd.apple.mpegurl,2026-07-10T01:37:49Z,https://www.newsyc.com/
223,e501d69e-2de4-4276-a099-75c0d29e8ebd,BIG BIG MIX 精选歌单,,,,MP3,128,2,https://cn.bigbigmix.com/audio/stream,reachable,200,audio/mpeg,audio/mpeg,2026-09-08T16:52:32Z,https://bigbigmix.com/
224,538757cd-3cbd-4f26-92f9-c331e2a46454,宜春交通音乐广播 FM87.9,Kiangsi,music,chinese,UNKNOWN,0,2,https://liveds-yc.newsyc.com/fmb/sd/live.m3u8,reachable,200,application/vnd.apple.mpegurl,application/vnd.apple.mpegurl,2026-07-10T01:39:03Z,https://www.newsyc.com/
225,af8dcd37-9783-4b2b-95d8-1c0cb5b1b744,Siaoshan FM Radio,Zhejiang,"china,zhejiang",chinese,UNKNOWN,0,3,http://l.cztvcloud.com/channels/lantian/SXxiaoshanaud1/128k.m3u8,reachable,200,application/x-mpegURL,application/x-mpegURL,2026-08-08T02:59:50Z,http://www.xianghunet.com/
226,845acfa8-242d-4e5b-b810-ebfb2cf7e4e9,雅安综合广播,Szechuan,full service,chinese,UNKNOWN,0,3,https://play.yunxya.com/audiolive/1047.m3u8,reachable,200,application/vnd.apple.mpegurl,application/vnd.apple.mpegurl,2026-06-05T04:26:03Z,https://www.yunxya.com/
227,3d934663-4d28-45c8-9bb6-d6f832036879,雅安交通旅游广播,Szechuan,full service,chinese,UNKNOWN,0,3,https://play.yunxya.com/audiolive/whsh.m3u8,reachable,200,application/vnd.apple.mpegurl,application/vnd.apple.mpegurl,2026-06-05T04:27:08Z,https://www.yunxya.com/
228,852a6605-427b-4e27-830a-762132942630,东阳综合广播,Zhejiang,news,chinese,MP3,0,3,https://lhttp.qtfm.cn/live/21181/64k.mp3,reachable,200,audio/mpeg,audio/mpeg,2026-08-08T03:00:12Z,https://www.qingting.fm/radios/21181
229,326a5420-703b-49f1-a40d-4233c05b4c84,丽水龙泉广播,Zhejiang,public radio,chinese,UNKNOWN,0,3,http://l.cztvcloud.com/channels/lantian/SXlongquanaud/128k.m3u8,reachable,200,application/x-mpegURL,application/x-mpegURL,2026-08-08T03:00:12Z,http://lqnews.zjol.com.cn/
230,08698964-505e-4db9-bed2-9e8371198bbb,平湖广播 FM90.6（直播间视频流）,Chekiang,full service,chinese,UNKNOWN,0,3,http://l.cztvcloud.com/channels/lantian/SXpinghu4/720p.m3u8,reachable,200,application/x-mpegURL,application/x-mpegURL,2026-08-10T09:10:26Z,https://app.phgo.cn/client/lightPage.html?tenant_id=83&id=414
231,3ab81b5c-3e51-4dd2-9384-6b69d6388436,嘉兴新闻广播,Zhejiang,news,chinese,MP3,0,3,http://lhttp.qingting.fm/live/1154/64k.mp3,reachable,200,audio/mpeg,audio/mpeg,2026-08-08T03:00:30Z,http://www.jxrtv.com/
232,4d6f68f8-8574-4a4b-9ab0-453b39738bd3,嘉兴音乐广播,Zhejiang,music,chinese,MP3,0,3,http://lhttp.qingting.fm/live/1136/64k.mp3,reachable,200,audio/mpeg,audio/mpeg,2026-08-08T03:00:30Z,http://www.jxrtv.com/
233,33c40cfd-7ba2-4b28-82cf-05b6e2f38723,南平综合广播,Fukien,full service,chinese,MP3,0,3,https://lhttp-hw.qtfm.cn/live/5022065/64k.mp3,reachable,200,audio/mpeg,audio/mpeg,2026-08-17T14:00:20Z,https://www.greatwuyi.com/
234,df894c85-218e-461b-8080-96bed088a07d,新疆蒙语广播,Sinkiang,full service,mongolian,UNKNOWN,0,3,https://live.ximalaya.com/radio-first-page-app/live/1835/64.m3u8?transcode=ts,reachable,200,application/vnd.apple.mpegurl,application/vnd.apple.mpegurl,2026-05-07T02:57:24Z,https://www.xjtvs.com.cn/
235,e2dd722a-2dc0-4ba9-bf54-c8eb6fb7a665,新疆柯语广播,Sinkiang,full service,kyrgyz,UNKNOWN,0,3,https://live.ximalaya.com/radio-first-page-app/live/1692/64.m3u8?transcode=ts,reachable,200,application/vnd.apple.mpegurl,application/vnd.apple.mpegurl,2026-05-07T02:59:04Z,https://www.xjtvs.com.cn/
236,d30bc02b-e386-4911-9694-6d276b9c8101,杭州市广播电视台西湖之声,Zhejiang,entertainment,chinese,MP3,0,3,https://lhttp.qtfm.cn/live/1163/64k.mp3,reachable,200,audio/mpeg,audio/mpeg,2026-08-08T03:01:10Z,https://www.hoolo.tv/
237,64249e90-2db4-4fa1-8d86-9dc82da6e8af,永康电台FM106.6,Zhejiang,"information,news,public radio",chinese,MP3,0,3,https://lhttp.qtfm.cn/live/5022570/64k.mp3,reachable,200,audio/mpeg,audio/mpeg,2026-08-08T03:01:10Z,https://www.qingting.fm/radios/5022570
238,802eb933-72b1-4e21-b909-ff083c9cf360,浙江交通之声,Zhejiang,traffic,chinese,UNKNOWN,0,3,http://ali-m-l.cztv.com/channels/lantian/fm93/128k.m3u8,reachable,200,application/x-mpegURL,application/x-mpegURL,2026-08-08T03:01:34Z,http://www.cztv.com/
239,3e2763e1-127c-4f94-b849-72dcc9adca82,延边交通文艺广播,jilin,traffic information,chinese,UNKNOWN,0,3,https://srs.iyb983.cn/audio/FM1059/index.m3u8,reachable,200,application/vnd.apple.mpegurl,application/vnd.apple.mpegurl,2026-03-30T00:31:36Z,https://www.iyb983.cn/
240,65839c3b-8f3d-4dae-be73-ce47475118ce,孟村综合广播 沧州1058汽车音乐广播,Hopei,"entertainment,music",chinese,MP3,0,3,https://lhttp-hw.qtfm.cn/live/5021914/64k.mp3,reachable,200,audio/mpeg,audio/mpeg,2026-04-02T15:08:07Z,http://czpingan.gov.cn/e/action/ListInfo/?classid=52
241,b5dea293-ac19-499c-afc0-f2badd6a4137,延吉交通之声,jilin,traffic information,chinese,MP3,0,3,https://lhttp-hw.qtfm.cn/live/15318331/64k.mp3,reachable,200,audio/mpeg,audio/mpeg,2026-03-30T00:54:44Z,http://www.yanji.tv/
242,ea5ed09b-02ad-47e0-bc5a-ea0728c187b3,通化交通文艺广播,jilin,traffic information,chinese,MP3,0,3,https://lhttp-hw.qtfm.cn/live/20500120/64k.mp3,reachable,200,audio/mpeg,audio/mpeg,2026-03-30T01:05:36Z,https://apps.apple.com/cn/app/%E9%80%9A%E8%A7%86%E7%95%8C/id1405946282?l=en-GB
243,ac0035b1-d5e7-4901-a6e2-f5235198b699,Bridge Radio - HOT MIX UNCENSORED,,"music,pop",english,AAC+,128,3,https://streaming.live365.com/a36860,reachable,200,audio/aacp,audio/aacp,2026-02-13T09:27:25Z,https://new.brg-radio.com/?lang=zh-hant
244,c5c8dd32-3368-47d9-b901-cc244668403e,赤峰农村牧区广播,Inner Mongolia,"culture,entertainment,literature",chinese,MP3,0,3,https://lhttp-hw.qtfm.cn/live/1898/64k.mp3,reachable,200,audio/mpeg,audio/mpeg,2026-01-14T23:25:16Z,https://www.hncj.com/sjrj/79227.html
245,cdf61d2f-e688-4c25-84eb-a7d4b79747c3,威宁综合广播,Kweichow,full service,chinese,MP3,0,3,https://lhttp-hw.qtfm.cn/live/5022342/64k.mp3,reachable,200,audio/mpeg,audio/mpeg,2026-04-06T01:33:47Z,http://www.weiningrm.org.cn/Html/2026-04-03/Qpaper.html
246,1719ea12-ef5d-4fbe-9933-582e10bac1c4,习水综合广播,Kweichow,full service,chinese,MP3,0,3,https://lhttp-hw.qtfm.cn/live/15318201/64k.mp3,reachable,200,audio/mpeg,audio/mpeg,2026-04-06T05:27:10Z,https://www.zunyiol.cn/index.php?a=lists&catid=114
247,fd509621-d867-4eb4-a09d-cc86305b2c56,孝感交通音乐广播,Hupei,"87.7,entertainment,music",chinese,MP3,0,3,https://lhttp-hw.qtfm.cn/live/5022063/64k.mp3,reachable,200,audio/mpeg,audio/mpeg,2026-05-15T23:39:05Z,https://www.xgnews.cn/
248,bffd66cb-1017-46a7-b706-5a8d6877dc3b,江门新会电台,Kwangtung,oldies,cantonese,UNKNOWN,0,3,https://live.ximalaya.com/radio-first-page-app/live/2916/64.m3u8?transcode=ts,reachable,200,application/vnd.apple.mpegurl,application/vnd.apple.mpegurl,2026-03-14T01:55:03Z,https://www.jmnews.com.cn/index.htm
249,caa79ad1-fc50-4b7a-9380-e7d5fc5f40a1,江门新会电台 mp3,Kwangtung,oldies,cantonese,MP3,0,3,https://lhttp-hw.qtfm.cn/live/5061/64k.mp3,reachable,200,audio/mpeg,audio/mpeg,2026-03-14T01:55:03Z,https://www.jmnews.com.cn/index.htm
250,fb5f7593-f33d-4215-ba92-b3b46436b9ce,江油综合广播,Szechuan,full service,chinese,MP3,0,3,https://lhttp-hw.qtfm.cn/live/20673/64k.mp3,reachable,200,audio/mpeg,audio/mpeg,2026-04-06T10:42:35Z,https://cbgc.scol.com.cn/channel_MTY5T
251,5f7ce708-7ed2-47c6-ae62-daaec9bb764d,任丘新闻综合广播,Hopei,full service,chinese,UNKNOWN,0,3,http://jwcdnqx.hebyun.com.cn/live/rqgb/1500k/tzwj_video.m3u8,reachable,200,application/vnd.apple.mpegurl,application/vnd.apple.mpegurl,2026-06-09T01:45:16Z,https://www.hebyun.com.cn/html/download.html?siteId=a78769b71d9043b5857ccb3a7eb6dd8d
252,2c153214-8b22-4fcb-b012-ff024771361c,汝州新闻综合广播FM99.8,Honan,"99.8 fm,entertainment,information,music,news,oldies,pop",chinese,MP3,0,3,https://lhttp-hw.qtfm.cn/live/5022650/64k.mp3,reachable,200,audio/mpeg,audio/mpeg,2026-04-11T02:38:56Z,https://m.weibo.cn/u/7155836497?jumpfrom=weibocom
253,aeb79487-a8f7-4899-9c66-d760e738ce00,铁岭电视台新闻综合频道,Liaoning,tv,chinese,UNKNOWN,0,3,https://live-play-tlrb.newaircloud.com/tlrb/3dc36395-a7a3-4855-9bd6-8d223cf9ac30.m3u8,reachable,200,application/vnd.apple.mpegurl,application/vnd.apple.mpegurl,2026-05-24T15:16:03Z,http://tieling.nen.com.cn/
254,fb980fc2-d14b-46e3-b554-c1c04e5208f5,麻城综合广播,,,chinese,UNKNOWN,0,3,https://video.yscxy.cn:8888/mctv3.m3u8?t=${Date.now()},reachable,200,application/vnd.apple.mpegurl,application/vnd.apple.mpegurl,2026-01-18T12:48:14Z,https://macheng.com.cn/app/dtzb/index.html
255,fb1af5a1-9930-4868-a59a-c3e49ad508fc,蝠声综合频道,,,chinese,UNKNOWN,0,3,https://live.ximalaya.com/radio-first-page-app/live/1428/64.m3u8?transcode=ts,reachable,200,application/vnd.apple.mpegurl,application/vnd.apple.mpegurl,2026-03-15T03:03:34Z,http://www.xjrb.com/
256,5216b9c9-795f-451e-9e1c-8aca3813ed38,中国·汤阴 FM90.5,Honan,"information,music,oldies",chinese,MP3,0,3,https://lhttp-hw.qtfm.cn/live/20500205/64k.mp3,reachable,200,audio/mpeg,audio/mpeg,2026-02-24T22:16:06Z,http://tangyin.dxhmt.cn/login
257,0574caf7-b3a1-43e7-9482-7c393baf2564,内蒙古城乡生活广播,Inner Mongolia,"agriculture,lifestyle,storytelling",chinese,MP3,0,3,http://lhttp.qingting.fm/live/1888/64k.mp3,reachable,200,audio/mpeg,audio/mpeg,2026-05-17T09:34:57Z,https://www.nmtv.cn/index
258,34ff42df-2706-449f-82ff-91bd9634f8cf,武汉经济广播,Hupei,economics,chinese,MP3,0,3,https://lhttp-hw.qtfm.cn/live/20200/64k.mp3,reachable,200,audio/mpeg,audio/mpeg,2026-01-16T12:33:02Z,http://www.whbc.com.cn/
259,8bfa6ed3-54ea-4b02-baae-09466df93681,爱上海 LIVE 24,Shanghai Direct Administered Municipality,,chinese,UNKNOWN,0,3,https://bp-resource-dfl.bestv.cn/148/3/video.m3u8,reachable,200,application/x-mpegurl,application/x-mpegurl,2026-07-03T21:36:27Z,https://www.bestv.com.cn/web
260,8feeab27-7790-405a-b0ab-5d71e4a2cf92,通化交通文艺广播,,traffic information,chinese,UNKNOWN,51,3,http://stream4.jlntv.cn/aac_thsh/playlist.m3u8,reachable,200,application/vnd.apple.mpegurl,application/vnd.apple.mpegurl,2026-01-15T02:17:46Z,http://10c9-www.plus.jlntv.cn/
261,e848a475-5f7d-431b-b374-92aa1a5cf909,河美靖远930,Kansu,full service,chinese,UNKNOWN,0,3,https://live.ximalaya.com/radio-first-page-app/live/2646/64.m3u8?transcode=ts,reachable,200,application/vnd.apple.mpegurl,application/vnd.apple.mpegurl,2026-03-19T01:49:38Z,https://www.jingyuan.gov.cn/xwzx/
262,c7ab7474-55ca-43f8-b78c-c59ae92aa420,北安综合广播,Amur River,full service,chinese,UNKNOWN,0,3,https://live.ximalaya.com/radio-first-page-app/live/2767/64.m3u8?transcode=ts,reachable,200,application/vnd.apple.mpegurl,application/vnd.apple.mpegurl,2026-03-19T01:59:01Z,https://hhsr.dbw.cn/html/down.html
263,ea4080c4-ba71-46f2-baa2-7e88fc1502ea,成都新闻广播,Szechuan,news,chinese,MP3,0,3,https://lhttp-hw.qtfm.cn/live/4897/64k.mp3,reachable,200,audio/mpeg,audio/mpeg,2026-02-11T07:57:44Z,https://www.cditv.cn/
264,64e827ba-d37c-4f46-ab49-29c7f5c9be1c,新疆柯尔克孜语广播,,full service,kyrgyz,UNKNOWN,0,3,http://satellitepull.cnr.cn/live/wxxjkygb/playlist.m3u8?wsSession=e155c0d7812904556cc22af2-174709889276127&wsIPSercert=29f90b67755e3a4646651f7aa8eb5fd6,reachable,200,application/x-mpegurl,application/x-mpegurl,2026-01-14T22:54:12Z,http://www.xjbs.com.cn/index.shtml
265,be1dbb75-1494-4659-b863-2781b6b67f09,阿坝安多藏语综合广播,Szechuan,full service,"chinese,tibetan",MP3,0,3,https://lhttp-hw.qtfm.cn/live/20500234/64k.mp3,reachable,200,audio/mpeg,audio/mpeg,2026-01-15T13:01:39Z,http://www.aba-news.com.cn/
266,fa55b8fb-b5a8-48cd-af99-6a3a357137e7,每日经济新闻AI电视,,economics,chinese,UNKNOWN,0,3,http://swiftplay.hxkjmedia.com/tv/yytestW.m3u8,reachable,200,application/x-mpegURL,application/x-mpegURL,2026-07-10T02:31:21Z,https://www.nbd.com.cn/corp/AiTv/index.html
267,a4bb69bb-a94a-4218-bb0a-c003f229a3b1,Sinchang Voice of Tienmu,Zhejiang,chekiang,chinese,UNKNOWN,0,4,http://l.cztvcloud.com/channels/lantian/SXxinchangaud/128k.m3u8,reachable,200,application/x-mpegURL,application/x-mpegURL,2026-08-08T03:00:12Z,http://www.zjxcw.com/
268,8d911445-1862-4621-a0e4-340de20db8d2,宣城交通文艺广播,Anhwei,"entertainment,lifestyle,music",chinese,MP3,0,4,https://lhttp-hw.qtfm.cn/live/5023/64k.mp3,reachable,200,audio/mpeg,audio/mpeg,2026-05-09T23:13:20Z,http://www.newsxc.com/
269,3acffc12-2b53-4c35-bf6c-e34e78ca42f5,百色音乐广播 FM87.6,Kwangsi,music,chinese,UNKNOWN,0,4,https://vod.bsyjrb.cn/live/82c95bdd98f2.m3u8,unreachable,,,连接失败: timed out,2026-07-10T08:27:34Z,http://www.bsyjrb.cn/
270,8bc9e6bd-bd09-450f-9349-f1370a9bd3be,高平综合广播 FM88.5,Shansi,full service,chinese,UNKNOWN,100,4,https://live.gprmt.cn/aac_FM885/playlist.m3u8,reachable,200,application/vnd.apple.mpegurl,application/vnd.apple.mpegurl,2026-07-10T08:44:31Z,https://apps.apple.com/cn/app/%E4%BB%8A%E6%97%A5%E9%AB%98%E5%B9%B3/id1512935987
271,d3773bdf-1427-425d-86ab-101af710aa2d,嘉兴交通经济广播 FM92.2,Zhejiang,"china,zhejiang",chinese,MP3,0,4,https://lhttp-hw.qtfm.cn/live/1135/64k.mp3,reachable,200,audio/mpeg,audio/mpeg,2026-08-08T03:00:30Z,https://www.cnjxol.com/
272,418e9453-16cb-402d-95a6-41cccde070f1,嘉兴对农广播 FM88.2,Zhejiang,"china,zhejiang",chinese,MP3,0,4,https://lhttp-hw.qtfm.cn/live/1136/64k.mp3,reachable,200,audio/mpeg,audio/mpeg,2026-08-08T03:00:30Z,https://www.cnjxol.com/
273,cd95d74a-04a2-413d-a6b5-6a76cd6996b4,嘉兴综合广播 FN104.1,Zhejiang,"china,zhejiang",chinese,MP3,0,4,https://lhttp-hw.qtfm.cn/live/1154/64k.mp3,reachable,200,audio/mpeg,audio/mpeg,2026-08-08T03:00:30Z,https://www.cnjxol.com/
274,96557878-8576-4a24-95a4-626c261f6c3c,黑水综合广播·猛河之声,Szechuan,full service,chinese,UNKNOWN,0,4,http://live.schstv.com:90/live/mhzs.m3u8,reachable,200,application/vnd.apple.mpegurl,application/vnd.apple.mpegurl,2026-06-24T22:49:59Z,https://sj.qq.com/appdetail/com.smart.heishui
275,2f383668-13d4-4a62-8578-ab5bf6724ec7,江津融媒体中心综合广播,Chungking,full service,chinese,UNKNOWN,0,4,https://live.ximalaya.com/radio-first-page-app/live/2519/64.m3u8,reachable,200,application/vnd.apple.mpegurl,application/vnd.apple.mpegurl,2026-05-07T02:51:00Z,http://jjqrmt.com/
276,3918c5ff-a95a-4480-9c14-bf140b115ae4,新疆维语交通文艺广播,Sinkiang,"entertainment,literature,traffic radio broadcast",uyghur,UNKNOWN,0,4,https://live.ximalaya.com/radio-first-page-app/live/1834/64.m3u8?transcode=ts,reachable,200,application/vnd.apple.mpegurl,application/vnd.apple.mpegurl,2026-05-07T03:01:20Z,https://www.xjtvs.com.cn/
277,f9e0fa70-7aec-4f98-8aeb-a53221336536,灌南综合广播,Kiangsu,full service,chinese,UNKNOWN,0,4,https://live.ximalaya.com/radio-first-page-app/live/2722/64.m3u8?transcode=ts,reachable,200,application/vnd.apple.mpegurl,application/vnd.apple.mpegurl,2026-06-22T08:51:30Z,https://www.lyg1.com/index.html
278,a9a02b27-501c-41f8-944c-b4590a84c97e,杭州城市资讯广播 FM90.7杭州潮流音乐电台,Zhejiang,"electronic,hits,music,pop,rock",chinese,MP3,0,4,https://lhttp-hw.qtfm.cn/live/15318146/64k.mp3,reachable,200,audio/mpeg,audio/mpeg,2026-08-08T03:01:10Z,https://www.hoolo.tv/
279,efa1c78b-0c9b-4650-8450-f1b136e3b2bf,浙江城市之声,Zhejiang,lifestyle,chinese,UNKNOWN,0,4,http://ali-m-l.cztv.com/channels/lantian/fm107/128k.m3u8,reachable,200,application/x-mpegURL,application/x-mpegURL,2026-08-08T03:01:34Z,http://www.cztv.com/
280,3b4085bd-894b-41ac-9a17-d7a6d657e01b,CNR-15 中国交通广播（辽宁）,Liaoning,"99.3,99.3 fm,traffic radio broadcast",chinese,UNKNOWN,0,4,https://radio.0472.org/?id=1367,forbidden,403,,HTTP 403,2026-07-11T02:21:32Z,https://www.cnr.cn/gsgb/
281,3a56cfd8-8769-47bc-bf52-7d949f8b0d8f,梨树北方交通之声,jilin,full service,chinese,MP3,0,4,https://lhttp-hw.qtfm.cn/live/5022538/64k.mp3,reachable,200,audio/mpeg,audio/mpeg,2026-03-30T00:52:57Z,https://apps.apple.com/cn/app/%E8%BD%AC%E4%B9%A1%E6%A2%A8%E6%A0%91/id1486745904
282,4ba8af90-219d-45d3-9e9f-36d340e6ce7b,海门新闻综合广播,Kiangsu,full service,chinese,MP3,0,4,https://lhttp-hw.qtfm.cn/live/5022640/64k.mp3,reachable,200,audio/mpeg,audio/mpeg,2026-04-02T15:25:39Z,https://www.haimen.gov.cn/hmsrmzf/xwzxslh/xwzxslh.html
283,71f83d2f-c9e6-45b3-93fe-7cea3da7af9f,鄂尔多斯文体交通广播,Inner Mongolia,"entertainment,music,traffic radio broadcast",chinese,UNKNOWN,0,4,https://live.nxw.org.cn/lsdream/H2qFv3M/1000/live.m3u8,reachable,200,application/vnd.apple.mpegurl,application/vnd.apple.mpegurl,2026-06-25T13:15:04Z,http://www.nxw.org.cn/
284,3a93af65-9bae-4119-9c7f-7fe5fa3fae75,晋江电视台,Fukien,"television,tv","chinese,hokkien",UNKNOWN,0,4,https://live.ijjnews.com/jjtv/sd/live.m3u8,reachable,200,application/vnd.apple.mpegurl,application/vnd.apple.mpegurl,2026-01-20T11:14:31Z,https://www.ijjnews.com/
285,4886192d-24e5-48eb-b402-df4c8c3f6d80,滨州综合广播,,full service,chinese,MP3,0,4,https://lhttp-hw.qtfm.cn/live/5021395/64k.mp3,reachable,200,audio/mpeg,audio/mpeg,2026-01-15T07:23:51Z,https://www.bzcm.net/
286,af6146e6-bcdb-44b7-b434-8f8d5e21dad4,兴义市广播电视台,Kweichow,full service,chinese,MP3,0,4,https://lhttp-hw.qtfm.cn/live/20500110/64k.mp3,reachable,200,audio/mpeg,audio/mpeg,2026-04-06T01:39:24Z,https://www.xyrmt.cn/
287,22871e1f-aa53-4b58-8ab1-e89e3d52b4e4,邹平市融媒体中心综合广播,,information,chinese,MP3,0,4,https://lhttp-hw.qtfm.cn/live/5022097/64k.mp3,not_found,404,,HTTP 404,2026-01-14T23:53:53Z,https://www.xfdown.com/soft/52962.html
288,c72398ac-3155-460e-b596-ab90aeeb5e5f,甘孜康巴藏语综合广播,,test,"chinese,tibetan",UNKNOWN,0,4,https://m3u8channel.ganzitv.com/nmip-media/audiolive/audio100645/playlist.m3u8,reachable,200,application/vnd.apple.mpegurl,application/vnd.apple.mpegurl,2026-01-15T06:02:42Z,http://m.ganzitv.com/tms/app/default/81621
289,eddbf929-a30b-454d-8eca-40f22c4cbfbb,邢台经济生活广播,Hopei,"entertainment,information,lifestyle",chinese,UNKNOWN,0,4,https://jwcdnqx.hebyun.com.cn/live/wkx/1500k/tzwj_video.m3u8,reachable,200,application/vnd.apple.mpegurl,application/vnd.apple.mpegurl,2026-01-14T23:45:49Z,https://www.xttv.com.cn/
290,49fe73e3-3015-4a42-9ba9-f45b1124a166,锦州经济广播,Liaoning,lifestyle,chinese,UNKNOWN,0,4,https://srs.beijihainews.com.cn/video/jjgb/index.m3u8,reachable,200,application/vnd.apple.mpegurl,application/vnd.apple.mpegurl,2026-03-28T03:00:11Z,https://sj.qq.com/appdetail/com.cmstop.beijihainews
291,dfef2942-1498-4d73-b590-b97994d925dd,苍溪人民广播电台,Szechuan,"90.0,90.0 fm,full service",chinese,MP3,0,4,https://lhttp-hw.qtfm.cn/live/20500228/64k.mp3,reachable,200,audio/mpeg,audio/mpeg,2026-01-15T05:35:49Z,https://www.cangxiw.com/Common/PcClose
292,3ae5e836-00ab-4c16-880f-63e9ea537d1b,锡林郭勒蒙语广播,,full service,mongolian,UNKNOWN,0,4,https://satellitepull.cnr.cn/live/wx32nmgxlglmygb/playlist.m3u8?wsSession=d966c1f28016a758d88ba0c2-174779643946624&wsIPSercert=2683acdad9e689f89519c7ec3f7e218b,reachable,200,application/x-mpegurl,application/x-mpegurl,2026-01-14T23:15:05Z,https://weibo.com/u/5118600252
293,0aee5904-fdb0-4ac5-a488-234946b37303,德兴之声国际广播 DeXing International,Kiangsi,chinese,chinese,UNKNOWN,0,4,http://player4.juyun.tv/camera/158562106.m3u8?,reachable,200,application/x-mpegURL,application/x-mpegURL,2026-08-06T21:44:23Z,https://www.hongkongitv.com/home_index
294,912bf4e9-507a-4f24-a932-76bc54b7d67f,通化大众生活广播,,lifestyle,chinese,UNKNOWN,51,4,http://stream4.jlntv.cn/aac_thjt/playlist.m3u8,reachable,200,application/vnd.apple.mpegurl,application/vnd.apple.mpegurl,2026-01-15T02:06:33Z,http://10c9-www.plus.jlntv.cn/
295,5057eafd-f34f-433a-b954-9dcdf8674edb,FM98.3如皋人民广播电台,Kiangsu,full service,chinese,MP3,0,4,https://lhttp-hw.qtfm.cn/live/20207734/64k.mp3,reachable,200,audio/mpeg,audio/mpeg,2026-01-16T13:16:54Z,https://top.chinaz.com/site_www.cpcrugao.cn.html
296,961d924a-1a0e-49a5-a64a-f772edbd8478,崂山921,Shantung,"music,oldies,pop",chinese,UNKNOWN,0,4,https://live.ximalaya.com/radio-first-page-app/live/2806/64.m3u8?transcode=ts,reachable,200,application/vnd.apple.mpegurl,application/vnd.apple.mpegurl,2026-03-19T02:05:17Z,https://apps.apple.com/co/app/%E5%B4%82%E5%B1%B1%E8%9E%8D%E5%AA%92/id1558405017
297,9b795181-2f82-417d-9b22-af82fe5c8b3b,历城广播电视台,Shantung,oldies,chinese,UNKNOWN,0,4,https://live.ximalaya.com/radio-first-page-app/live/2903/64.m3u8?transcode=ts,reachable,200,application/vnd.apple.mpegurl,application/vnd.apple.mpegurl,2026-03-19T02:08:04Z,https://www.pianyi-sjczk.com/rj/175192.shtml
298,c6d695ce-4e1e-4911-8e8f-e50925e1636d,鲅鱼圈综合广播,Liaoning,full service,chinese,UNKNOWN,0,4,https://live.ximalaya.com/radio-first-page-app/live/2733/64.m3u8?transcode=ts,reachable,200,application/vnd.apple.mpegurl,application/vnd.apple.mpegurl,2026-03-19T02:18:44Z,https://www.sohu.com/media/386591
299,a89e38b5-cb24-4856-903e-c29507a720fe,台州交通广播,Zhejiang,news,chinese,MP3,0,5,https://lhttp.qingting.fm/live/1146/64k.mp3,reachable,200,audio/mpeg,audio/mpeg,2026-08-08T03:00:30Z,http://www.576tv.com/
300,beb381a2-7bc5-4e68-b618-5effbd0a7ee8,临夏综合广播,Kansu,full service,chinese,UNKNOWN,2560,5,https://play.kankanlive.com/live/1719371517772901.m3u8,reachable,200,application/vnd.apple.mpegurl,application/vnd.apple.mpegurl,2026-05-10T06:30:35Z,http://www.chinalxnet.com/index.html
301,e02ef2c9-601d-4e11-abee-ea7e2b78c817,宁德综合广播,Fukien,full service,chinese,UNKNOWN,0,5,https://live.0593tv.cn/live/grhg5jjxnev6.m3u8,reachable,200,application/vnd.apple.mpegurl,application/vnd.apple.mpegurl,2026-05-10T06:37:58Z,https://m.ndwww.cn/
302,bfe71bc1-5278-44c3-b130-17d45d95f1e9,昌黎广播 FM97.8,Hopei,full service,chinese,UNKNOWN,0,5,https://jwcdnqx.hebyun.com.cn/live/clxrmtzxzhgb/1500k/tzwj_video.m3u8,reachable,200,application/vnd.apple.mpegurl,application/vnd.apple.mpegurl,2026-06-08T09:59:30Z,https://www.hebyun.com.cn/html/download.html?siteId=37ac13b44bad430288e13ffa95654d46
303,da968608-bf49-473b-b5b6-02b01710ad28,资阳综合广播,Szechuan,full service,chinese,UNKNOWN,0,5,https://zbzy.zyrb.com.cn/sclivedt/zydt.m3u8,reachable,200,application/vnd.apple.mpegurl,application/vnd.apple.mpegurl,2026-05-10T06:44:47Z,http://www.zyrb.com.cn/
304,4fa0b839-1cca-4e32-beac-2acc31d8abdc,大竹综合广播,,,chinese,UNKNOWN,0,5,https://lmt.dazhutv.cn/live3/live3.m3u8,reachable,200,application/x-mpegURL,application/x-mpegURL,2026-05-10T07:05:07Z,https://www.dazhutv.cn/
305,922a8b2d-78d9-436d-a3dc-b5cc8aede037,新疆哈语广播,Sinkiang,full service,kazakh,UNKNOWN,0,5,https://live.ximalaya.com/radio-first-page-app/live/1836/64.m3u8?transcode=ts,reachable,200,application/vnd.apple.mpegurl,application/vnd.apple.mpegurl,2026-05-07T02:56:51Z,https://www.xjtvs.com.cn/
306,680542fa-94b7-4a92-9688-3344c66f843e,新疆交通广播,Sinkiang,traffic radio broadcast,chinese,UNKNOWN,0,5,https://live.ximalaya.com/radio-first-page-app/live/987/64.m3u8?transcode=ts,reachable,200,application/vnd.apple.mpegurl,application/vnd.apple.mpegurl,2026-05-07T06:43:17Z,https://www.xjtvs.com.cn/
307,d4174267-8b1b-41b3-9698-7e479ab6c327,怀远人民广播电台 FM95.1,Anhwei,"music,news",chinese,MP3,0,5,https://lhttp-hw.qtfm.cn/live/5021993/64k.mp3,reachable,200,audio/mpeg,audio/mpeg,2026-05-07T06:58:56Z,https://www.ahhy.cn/news/huaiyuan/index.php?page=194
308,7380201c-4b62-4c1e-9bf7-22c8e088bc65,延边旅游广播,jilin,music,chinese,UNKNOWN,0,5,https://srs.iyb983.cn/audio/FM1046/index.m3u8,reachable,200,application/vnd.apple.mpegurl,application/vnd.apple.mpegurl,2026-03-30T00:48:18Z,http://www.iyb983.cn/
309,db039984-8a32-4b4b-a940-95aa899d973a,延边汉语新闻综合广播,jilin,full service,chinese,UNKNOWN,0,5,https://srs.iyb983.cn/audio/FM983/index.m3u8,reachable,200,application/vnd.apple.mpegurl,application/vnd.apple.mpegurl,2026-03-30T00:49:34Z,http://www.iyb983.cn/
310,8dd23352-8c9d-4a90-9d3d-3f9b4426efd7,四平交通文艺广播,jilin,entertainment,chinese,MP3,0,5,https://lhttp-hw.qtfm.cn/live/5022465/64k.mp3,reachable,200,audio/mpeg,audio/mpeg,2026-04-02T14:57:30Z,http://evfh-www.plus.jlntv.cn/
311,d8d9210e-b1d5-4f9b-afe9-30572f230d36,松原交通文艺广播,jilin,entertainment,chinese,MP3,0,5,https://lhttp-hw.qtfm.cn/live/20212256/64k.mp3,reachable,200,audio/mpeg,audio/mpeg,2026-03-30T01:00:07Z,http://uogz-www.plus.jlntv.cn/
312,108b5a92-111f-4710-a8b8-d4e735951694,公主岭综合广播,jilin,full service,chinese,MP3,0,5,https://lhttp-hw.qtfm.cn/live/20212386/64k.mp3,reachable,200,audio/mpeg,audio/mpeg,2026-03-30T01:08:05Z,https://apps.apple.com/tw/app/%E9%AD%85%E5%8A%9B%E5%85%AC%E4%B8%BB%E5%B2%AD/id1447840549?l=en-GB
313,bee61ace-15f6-437f-9de2-92e85e2f263b,开州综合广播,Chungking,full service,chinese,UNKNOWN,0,5,http://183.64.174.171:10124/tlgb.m3u8,reachable,200,application/vnd.apple.mpegurl,application/vnd.apple.mpegurl,2026-03-09T23:44:51Z,https://www.kxzc.cn/
314,87d2ce4f-9130-4a1d-9897-4593cc0294c0,大足综合广播,Chungking,full service,chinese,MP3,0,5,https://lhttp-hw.qtfm.cn/live/20211676/64k.mp3,reachable,200,audio/mpeg,audio/mpeg,2026-03-10T00:35:40Z,https://www.txdzw.com/
315,541b351a-ba46-42ea-99b4-d4dcb9117538,银川文娱综艺广播,,music,chinese,UNKNOWN,0,5,http://live.ximalaya.com/radio-first-page-app/live/2761/64.m3u8,reachable,200,application/json;charset=UTF-8,application/json;charset=UTF-8,2026-01-15T08:21:23Z,https://author.baidu.com/home?from=bjh_article&app_id=1582406061245329
316,87a0c3af-9ce8-41af-9361-d405d0f9e80a,韶关综合广播,Kwangtung,full service,chinese,MP3,0,5,https://lhttp-hw.qtfm.cn/live/5022074/64k.mp3,reachable,200,audio/mpeg,audio/mpeg,2026-03-10T23:16:11Z,http://www.sgxw.cn/mobile/block/0
317,39a7f9ad-4a51-4d73-ae18-d8080bf7a364,黄梅之声,Hupei,full service,chinese,MP3,0,5,https://lhttp-hw.qtfm.cn/live/5022280/64k.mp3,reachable,200,audio/mpeg,audio/mpeg,2026-01-18T13:24:32Z,https://www.hgdaily.com.cn/index.html
318,8e5128e0-0db7-406b-81c4-554594b936c3,延安交通音乐广播,,music,chinese,UNKNOWN,0,5,https://srs.yanews.cn/audio/FM98-7/index.m3u8,reachable,200,application/vnd.apple.mpegurl,application/vnd.apple.mpegurl,2026-01-16T07:58:56Z,https://www.yanews.cn/fm/
319,f762c18c-dc9d-4b0a-bef6-f5a34a8371b7,织金人民广播电台综合广播,Kweichow,full service,chinese,MP3,0,5,https://lhttp.qingting.fm/live/20500037/64k.mp3,reachable,200,audio/mpeg,audio/mpeg,2026-01-15T00:34:09Z,https://mp.weixin.qq.com/s?__biz=MzA4Mzg1NjQ3Ng==&mid=2690269059&idx=1&sn=6bad06aec0105a191a3bfb48a4e2d520&chksm=bbbf59b083e9950ba856edfea61ad820591db22cdc51458155f9e7a00e936b1707259a2289de&scene=27
320,65772530-c543-4f76-9617-ef3563fd25b8,江夏综合广播 魅力FM1064城市生活音乐广播,Hupei,"entertainment,lifestyle",chinese,MP3,0,5,https://lhttp-hw.qtfm.cn/live/5022716/64k.mp3,reachable,200,audio/mpeg,audio/mpeg,2026-01-15T00:45:39Z,http://zsjxia.app.dawuhanapp.com/
321,dc2b12ad-1ef5-48ec-832b-ac06b43e0753,安徽农村广播 高清,,agriculture,chinese,UNKNOWN,0,5,http://satellitepull.cnr.cn/live/wxahncgb/playlist.m3u8?wsSession=c650605f64c6488d38b66982-174830334758393&wsIPSercert=cd39a342afce39d82188ebae3a31d1b8,reachable,200,application/x-mpegurl,application/x-mpegurl,2026-01-15T01:42:04Z,https://www.ahtv.cn/
322,27274a32-7112-45bc-a352-8a84715cfd05,淮北交通广播,,traffic,chinese,MP3,0,5,https://lhttp-hw.qtfm.cn/live/20211647/64k.mp3,reachable,200,audio/mpeg,audio/mpeg,2026-01-15T01:59:15Z,http://www.hbnews.net/
323,6735ad38-959e-4680-9e03-b15d75fb98e3,玉环综合广播,Chekiang,full service,chinese,MP3,0,5,https://lhttp-hw.qtfm.cn/live/20212390/64k.mp3,reachable,200,audio/mpeg,audio/mpeg,2026-01-15T05:09:56Z,http://yhnews.zjol.com.cn/
324,f16c7b6d-8066-45c6-83ec-de366048cf5c,清丰融媒广播 濮阳经典调频1038,,oldies,chinese,MP3,0,5,https://lhttp.qingting.fm/live/5021461/64k.mp3,reachable,200,audio/mpeg,audio/mpeg,2026-01-15T04:26:23Z,http://www.qingfengw.com/
325,200ced17-98d1-402a-9a7c-c9e1a8c1c3d7,兴和综合广播,Inner Mongolia,full service,chinese,UNKNOWN,0,5,https://live.ximalaya.com/radio-first-page-app/live/2907/64.m3u8?transcode=ts,reachable,200,application/vnd.apple.mpegurl,application/vnd.apple.mpegurl,2026-03-19T02:16:59Z,https://apps.apple.com/ms/app/%E8%9E%8D%E5%85%B4%E5%92%8C/id1540535015
326,8272d91d-0713-43d4-84a0-e3fb7b2a5e0a,陕西经济广播·唐诗电台,Shensi,"culture,music,oldies",chinese,MP3,0,5,https://lhttp-hw.qtfm.cn/live/1603/64k.mp3,reachable,200,audio/mpeg,audio/mpeg,2026-02-11T08:22:28Z,http://www.snrtv.com/
327,c7b1cca9-3425-4b8c-94a3-2d1b733af0c4,临汾交通文艺广播,Shansi,traffic information,chinese,UNKNOWN,0,5,https://live.ximalaya.com/radio-first-page-app/live/2515/64.m3u8?transcode=ts,reachable,200,application/vnd.apple.mpegurl,application/vnd.apple.mpegurl,2026-03-19T02:22:45Z,https://www.lfgdw.cn/
328,e3f03fea-34f6-4ce3-8680-493090b55881,日照交通生活广播 RZBC-2,Shantung,entertainment,chinese,MP3,0,5,https://lhttp-hw.qtfm.cn/live/4005/64k.mp3,reachable,200,audio/mpeg,audio/mpeg,2026-01-15T13:12:42Z,https://www.rzw.com.cn/folder247
329,99b7d8fa-be02-4407-8c1d-9683d8f75302,FM998 舟山新闻综合广播,Zhejiang,"news,talk",chinese,MP3,0,6,https://lhttp.qingting.fm/live/1160/64k.mp3,reachable,200,audio/mpeg,audio/mpeg,2026-08-08T02:59:50Z,https://www.wifizs.cn/
330,b7712c7e-159e-4f43-9961-abd737a1c8cf,宁德交通旅游广播,Fukien,full service,chinese,UNKNOWN,0,6,https://live.0593tv.cn/live/1x71vlpybkk5.m3u8,reachable,200,application/vnd.apple.mpegurl,application/vnd.apple.mpegurl,2026-05-10T06:39:05Z,https://m.ndwww.cn/
331,431d8ab3-22d5-4074-b3b3-3e44e1a47858,渭南交通广播,Shensi,entertainment,chinese,MP3,0,6,https://lhttp-hw.qtfm.cn/live/5022389/64k.mp3,reachable,200,audio/mpeg,audio/mpeg,2026-02-08T13:46:55Z,https://www.hshan.com/vod/
332,1a6bd859-775d-4bac-9ba5-3cb3027f863f,阜宁县融媒体中心 新闻综合广播,Kiangsu,"music,oldies",chinese,MP3,0,6,https://lhttp-hw.qtfm.cn/live/20207753/64k.mp3,reachable,200,audio/mpeg,audio/mpeg,2026-05-06T23:44:11Z,https://www.funing.gov.cn/col/col6607/index.html
333,ae5ad4ef-2c99-4dba-932e-c413b7691d5e,新疆文化旅游广播,Sinkiang,entertainment,chinese,UNKNOWN,0,6,https://live.ximalaya.com/radio-first-page-app/live/988/64.m3u8?transcode=ts,reachable,200,application/vnd.apple.mpegurl,application/vnd.apple.mpegurl,2026-05-07T03:02:34Z,https://www.xjtvs.com.cn/
334,01a3d706-5188-415e-835d-45f2d2398d9e,衡阳县综合广播 FM105.6汽车音乐电台,Hunan,music,chinese,UNKNOWN,0,6,https://live.ximalaya.com/radio-first-page-app/live/1182/64.m3u8?transcode=ts,reachable,200,application/vnd.apple.mpegurl,application/vnd.apple.mpegurl,2026-05-07T03:19:53Z,http://www.e0734.com/
335,ff661ee0-b24f-4565-b631-4b6df607937e,Universal Health Radio (中文),,"cdc,chinese,education,fda,health,news,public health,who",chinese,MP3,0,6,https://radio.universalhealthradio.org/uhr-zh.mp3,reachable,200,audio/mpeg,audio/mpeg,2026-08-10T19:48:27Z,https://universalhealthradio.org/
336,9abe8fdc-7db8-48cc-842e-83d828081290,新密综合广播,Honan,music,chinese,MP3,0,6,https://lhttp-hw.qtfm.cn/live/20500144/64k.mp3,reachable,200,audio/mpeg,audio/mpeg,2026-04-12T12:57:53Z,http://xinmi.dxhmt.cn/api/page/shareBroadcast?broadcastId=34527baa94674806920dea4601538ced
337,f8bf234d-d145-48e3-8ba7-3252bb5afc5a,延边朝鲜语文艺生活广播 문예생활방송,jilin,culture,korean,UNKNOWN,0,6,https://srs.iybtv.cn/audio/FM1023/index.m3u8,reachable,200,application/vnd.apple.mpegurl,application/vnd.apple.mpegurl,2026-03-30T00:37:03Z,https://www.iybtv.cn/
338,ebed57dc-77c3-4148-ac1c-aaed2a293f1d,四平综合广播,jilin,full service,chinese,MP3,0,6,https://lhttp-hw.qtfm.cn/live/15318197/64k.mp3,reachable,200,audio/mpeg,audio/mpeg,2026-04-02T14:55:44Z,http://evfh-www.plus.jlntv.cn/
339,d75400d2-a442-4d33-a315-cec5e714f959,梁平融媒体中心综合广播,,full service,chinese,MP3,0,6,https://lhttp-hw.qtfm.cn/live/20211646/64k.mp3,reachable,200,audio/mpeg,audio/mpeg,2026-01-15T04:28:20Z,https://liangping.cbg.cn/
340,7b2d28ba-3674-4943-b379-429a4e90b9da,利津县融媒体中心综合广播,,full service,chinese,MP3,0,6,https://lhttp-hw.qtfm.cn/live/20500138/64k.mp3,reachable,200,audio/mpeg,audio/mpeg,2026-01-15T05:33:41Z,https://shouyou.3dmgame.com/android/193465.html
341,5f9888b6-b366-4b63-a937-674fa8f1dfd8,青海新闻综合广播 青海之声,,,chinese,UNKNOWN,0,6,http://satellitepull.cnr.cn/live/wx32qhwxzhgb/playlist.m3u8?wsSession=1c983a4091d3a5f8a963629b-174700972161410&wsIPSercert=5bb043949891952939522be8c9bd5410,reachable,200,application/x-mpegurl,application/x-mpegurl,2026-01-15T01:39:33Z,http://www.qhbtv.com/
342,6c5f23cc-2572-4f12-90dd-6d878c7dad35,山东维语都市广播,,,chinese,MP3,0,6,https://lhttp-hw.qtfm.cn/live/20211680/64k.mp3,reachable,200,audio/mpeg,audio/mpeg,2026-01-15T07:22:38Z,https://www.qtfm.cn/radios/20211680/
343,5a714abd-1c0c-4564-9ee1-663d697fbdfc,肇庆高要综合广播,Kwangtung,oldies,cantonese,UNKNOWN,0,6,https://live.ximalaya.com/radio-first-page-app/live/2870/64.m3u8?transcode=ts,reachable,200,application/vnd.apple.mpegurl,application/vnd.apple.mpegurl,2026-03-14T02:08:29Z,http://www.xjrb.com/
344,b80cca75-05ce-4dce-b097-a188e21ce5a8,广东新闻广播,Kwangtung,,"american english,cantonese,chinese",MP3,0,6,https://lhttp.qtfm.cn/live/1254/64k.mp3,reachable,200,audio/mpeg,audio/mpeg,2026-02-24T06:19:54Z,https://m.gdtv.cn/
345,d4843c3d-82dc-45ff-acb8-390cba816c03,AsiaFM HD音乐台【HTTPS】,,"asiafm,china,music",chinese,MP3,0,6,https://lhttp.qtfm.cn/live/15318341/64k.mp3,reachable,200,audio/mpeg,audio/mpeg,2026-08-12T09:20:52Z,https://m.qingting.fm/channels/15318341
346,3830e3ce-bfbf-4ded-9e78-1cb18a6a4b1e,蝠声文艺频道,Chekiang,internet radio,chinese,UNKNOWN,0,6,http://fm.fsaxgb.com/radio/fsgb1.m3u8,reachable,200,application/x-mpegURL,application/x-mpegURL,2026-01-17T23:48:26Z,http://fsaxgb.com/
347,6561ee7d-baf1-4d67-a8d0-0af381df8fb4,梅州交通广播,Kwangtung,full service,chinese,MP3,0,6,https://lhttp-hw.qtfm.cn/live/1258/64k.mp3,reachable,200,audio/mpeg,audio/mpeg,2026-03-10T23:14:13Z,https://www.meizhou.cn/
348,5b1d6bc0-0645-489f-b097-85964c8b5a27,岳阳县综合广播,,music,chinese,MP3,0,6,https://lhttp-hw.qtfm.cn/live/20500129/64k.mp3,reachable,200,audio/mpeg,audio/mpeg,2026-01-15T01:20:44Z,http://pic.qtfm.cn/2022/0424/20220424114914.jpeg!200
349,a000a0cf-fbed-4368-8762-f9c4b3048b6b,闽侯综合广播,Fukien,5g智慧电台,chinese,MP3,0,6,https://lhttp-hw.qtfm.cn/live/20500236/64k.mp3,reachable,200,audio/mpeg,audio/mpeg,2026-01-18T13:19:08Z,https://www.mhnews.com.cn/
350,a203a76a-0d93-4474-acad-f0dece368b19,吕梁交通广播,,traffic information,chinese,MP3,0,6,https://lhttp-hw.qtfm.cn/live/4899/64k.mp3,reachable,200,audio/mpeg,audio/mpeg,2026-01-15T03:05:15Z,http://www.llbtv.com/
351,98ee69fc-6cb2-4188-91e6-a30e9ae88662,蓬莱电台仙境之声,,information,chinese,MP3,0,6,https://lhttp-hw.qtfm.cn/live/20500112/64k.mp3,reachable,200,audio/mpeg,audio/mpeg,2026-01-15T08:29:20Z,https://m.liqucn.com/os/android/rj/1221514.wml
352,f49482b1-28cb-4d58-aaab-84f78e907cf1,FM104.7 澧县人民广播电台,Hunan,full service,chinese,MP3,0,6,https://lhttp-hw.qtfm.cn/live/15318178/64k.mp3,reachable,200,audio/mpeg,audio/mpeg,2026-01-16T12:38:05Z,https://www.lxxww.com.cn/
353,0c94f6ca-fd4a-445a-b875-fa891b76d036,成都故事广播,Szechuan,news,chinese,MP3,0,6,https://lhttp-hw.qtfm.cn/live/5022004/64k.mp3,reachable,200,audio/mpeg,audio/mpeg,2026-02-11T08:00:04Z,https://www.cditv.cn/
354,3908981f-63cc-49ca-87db-93c600d1c986,临汾综合广播,Shansi,full service,chinese,UNKNOWN,0,6,https://live.ximalaya.com/radio-first-page-app/live/2514/64.m3u8?transcode=ts,reachable,200,application/vnd.apple.mpegurl,application/vnd.apple.mpegurl,2026-03-19T02:23:39Z,https://www.lfgdw.cn/
355,3ca25f10-febb-40c1-8791-e50492197761,滁州旅游交通广播,Anhwei,"entertainment,lifestyle",chinese,UNKNOWN,0,7,https://live.ximalaya.com/radio-first-page-app/live/174/64.m3u8?transcode=ts,reachable,200,application/vnd.apple.mpegurl,application/vnd.apple.mpegurl,2026-03-09T06:09:31Z,http://www.chuzhou.cn/
356,18957519-963f-4304-b04c-61963c2916a0,深州综合频率FM106.9,Hopei,"entertainment,full service,music,pop",chinese,MP3,0,7,https://lhttp-hw.qtfm.cn/live/20500238/64k.mp3,reachable,200,audio/mpeg,audio/mpeg,2026-03-29T14:33:14Z,https://m.danji100.com/app/325084.html
357,c46297d0-b6bc-4e45-adcd-90ed6e15f31b,万宁综合广播,Hainan,full service,chinese,MP3,0,7,https://lhttp-hw.qtfm.cn/live/20500237/64k.mp3,reachable,200,audio/mpeg,audio/mpeg,2026-03-01T23:33:43Z,https://m.hinews.cn/column/d3f48c84f8f547b7ac1a09e0c12798bb?city=7
358,e7625963-7733-4b82-bc91-fc83e32e77b3,怀化交通文艺广播,Hunan,entertainment,chinese,MP3,0,7,https://lhttp-hw.qtfm.cn/live/5022070/64k.mp3,reachable,200,audio/mpeg,audio/mpeg,2026-03-01T23:36:44Z,http://www.0745tv.com/
359,b238bdcb-24de-4835-9700-e911fa0d2b75,大连普兰店广播,Liaoning,full service,chinese,MP3,0,7,https://lhttp-hw.qtfm.cn/live/20212414/64k.mp3,reachable,200,audio/mpeg,audio/mpeg,2026-03-01T23:52:32Z,https://www.runsky.com/
360,45d99d53-cdbe-4a2a-9a93-495fa64a927b,桐梓电台 综合广播,Kweichow,full service,chinese,MP3,0,7,https://lhttp-hw.qtfm.cn/live/20212410/64k.mp3,reachable,200,audio/mpeg,audio/mpeg,2026-03-26T01:25:22Z,http://www.gztongzi.gov.cn/xwzx/
361,c7ceb815-33a3-47c1-a0da-34f9035c5791,北碚综合广播·重庆嘉陵之声FM88.7,Chungking,"auto,music",chinese,MP3,0,7,https://lhttp-hw.qtfm.cn/live/20211692/64k.mp3,reachable,200,audio/mpeg,audio/mpeg,2026-05-07T12:45:29Z,https://beibei.cbg.cn/
362,e83cf1e1-2406-4878-a9f7-06339002bd3b,上虞广播-3,,,chinese,UNKNOWN,0,7,https://l.cztvcloud.com/channels/lantian/SXshangyuaud/128k.m3u8,reachable,200,application/x-mpegURL,application/x-mpegURL,2026-02-08T23:12:18Z,http://www.sybtv.com/sylive?cid=60401
363,bfc9231c-2f6f-4b05-89b4-058c9d00a09c,80后音悦台·河南网络电台,,,,UNKNOWN,0,7,https://play-radio-stream3.hndt.com/now/SFZeH2cb/chunklist.m3u8,reachable,200,application/vnd.apple.mpegurl,application/vnd.apple.mpegurl,2026-06-08T12:08:56Z,https://www.hndt.com/
364,b835bfa0-47ae-41ae-9c9a-d42ce5e07011,松原新闻综合广播,jilin,full service,chinese,MP3,0,7,https://lhttp-hw.qtfm.cn/live/5079/64k.mp3,reachable,200,audio/mpeg,audio/mpeg,2026-03-30T00:58:58Z,http://uogz-www.plus.jlntv.cn/
365,c6dc0f74-d295-43d7-92c4-ccc1ee0df242,铜山综合广播 徐州经典音乐FM942,Kiangsu,oldies,chinese,MP3,0,7,https://lhttp-hw.qtfm.cn/live/15318160/64k.mp3,reachable,200,audio/mpeg,audio/mpeg,2026-04-02T15:31:04Z,http://xuzhou.people.com.cn/GB/359715/359827/index.html
366,b7de2aca-f0d2-4417-b190-5d15709f686f,A Radio for OST,,,,AAC,300,7,https://hkradio.myaddr.io/listen/a_radio_for_ost/radio.aac,reachable,200,audio/aac,audio/aac,2026-01-25T11:59:00Z,https://hkradio.myaddr.io/listen/a_radio_for_ost/
367,50039f13-59a1-4899-be73-cf29a7161dcb,鄂尔多斯汉语综合广播,Inner Mongolia,full severice,chinese,UNKNOWN,0,7,https://live.nxw.org.cn/lsdream/oRu0aoe/1000/live.m3u8,reachable,200,application/vnd.apple.mpegurl,application/vnd.apple.mpegurl,2026-06-25T13:17:23Z,http://www.nxw.org.cn/
368,478bb6b9-9c1a-48b9-b631-666368d5ce59,合肥文旅广播,Anhwei,"culture,entertainment,music",chinese,MP3,0,7,https://lhttp-hw.qtfm.cn/live/1961/64k.mp3,reachable,200,audio/mpeg,audio/mpeg,2026-01-15T01:42:04Z,https://www.hfbtv.com/home/index
369,69ab09eb-67d4-4ebe-b2e8-9cc4cec64a39,江西信息交通广播,,,chinese,UNKNOWN,0,7,http://live.ximalaya.com/radio-first-page-app/live/609/64.m3u8,reachable,200,application/vnd.apple.mpegurl,application/vnd.apple.mpegurl,2026-01-15T07:33:28Z,https://www.jxntv.cn/?mnlhl=16821
370,46342f4b-b992-4a4e-aad3-4d5cd8eadddb,佛山顺德广播,Kwangtung,"information,music",cantonese,UNKNOWN,0,7,https://radiopull.radiofoshan.com.cn/live/1400820947_BSID_44_audio.m3u8,reachable,200,application/vnd.apple.mpegurl,application/vnd.apple.mpegurl,2026-06-02T14:48:53Z,https://a.app.qq.com/o/simple.jsp?pkgname=com.juntian.radiopeanut
371,62706291-0a6b-4d6b-98ad-4ea9031f7cdd,山亭声动970,,entertainment,chinese,MP3,0,7,https://lhttp-hw.qtfm.cn/live/20500047/64k.mp3,reachable,200,audio/mpeg,audio/mpeg,2026-01-15T07:23:51Z,https://www.xiazaiba.com/html/101098.html
372,27442bbe-c552-4832-b6cb-c6fadbb7c9a5,新余综合广播,,"entertainment,full service,information,news",chinese,MP3,0,7,https://lhttp-hw.qtfm.cn/live/20178/64k.mp3,reachable,200,audio/mpeg,audio/mpeg,2026-01-15T08:27:56Z,https://xy.jxntv.cn/
373,8d4e5699-f8b5-425f-b09b-32e4106c1d62,汉川少儿广播,Hupei,children,chinese,MP3,0,7,https://stream.zeno.fm/6pa9cwlcb98vv,unreachable,,,连接失败: timed out,2026-01-15T05:58:03Z,https://space.bilibili.com/3546652761656084
374,d458767a-f418-43ed-b2d1-34fb0b34ff0d,梅州综合广播,Kwangtung,full service,chinese,MP3,0,7,https://lhttp-hw.qtfm.cn/live/1257/64k.mp3,reachable,200,audio/mpeg,audio/mpeg,2026-03-10T23:17:37Z,https://www.meizhou.cn/
375,6a0ea498-adf3-41f5-b9be-325dcaf44bc7,滨州交通音乐广播,,"entertainment,music,traffic information",chinese,MP3,0,7,https://lhttp-hw.qtfm.cn/live/20519/64k.mp3,reachable,200,audio/mpeg,audio/mpeg,2026-01-15T03:06:34Z,https://www.bzcm.net/
376,5a965bb1-70f1-4bf8-98df-2344e7fdc483,广安交通旅游广播,Szechuan,traffic,chinese,UNKNOWN,0,7,https://live1.gatv.com.cn:90/live/LYJT.m3u8,reachable,200,application/vnd.apple.mpegurl,application/vnd.apple.mpegurl,2026-01-15T02:56:10Z,https://gatv.com.cn/
377,6ba626fb-09e3-445e-b49e-66963c75824b,肥乡广播电视台音乐广播,Hopei,music,chinese,MP3,0,7,https://lhttp-hw.qtfm.cn/live/20500104/64k.mp3,reachable,200,audio/mpeg,audio/mpeg,2026-01-14T23:22:01Z,http://feixiang.hebnews.cn/node_111962.htm
378,ec65e49b-0175-4f6d-8bd0-e8e3d6603aaf,延安综合广播,,news,chinese,UNKNOWN,0,7,https://srs.yanews.cn/audio/FM107-7/index.m3u8,reachable,200,application/vnd.apple.mpegurl,application/vnd.apple.mpegurl,2026-01-16T08:00:53Z,https://www.yanews.cn/fm/
379,b8d8b8e3-a3e6-48af-972a-4af0d77b73f9,内蒙古文艺之声,Inner Mongolia,"culture,entertainment,music,oldies,pop,storytelling",chinese,MP3,0,7,http://lhttp.qingting.fm/live/1886/64k.mp3,reachable,200,audio/mpeg,audio/mpeg,2026-05-17T09:33:05Z,https://www.nmtv.cn/index
380,28a9fa14-7ac8-4390-972c-b1ca6c542228,广东新闻台,,,,UNKNOWN,230,7,https://satellitepull.cnr.cn/live/wxgdxwgb/playlist.m3u8,reachable,200,application/x-mpegurl,application/x-mpegurl,2026-02-25T06:37:18Z,https://satellitepull.cnr.cn/
381,03809f08-dfaa-42de-a3d9-539923f2a447,合肥综合广播,Anhwei,news,chinese,UNKNOWN,0,7,http://live.ximalaya.com/radio-first-page-app/live/148/64.m3u8,reachable,200,application/vnd.apple.mpegurl,application/vnd.apple.mpegurl,2026-01-15T00:45:39Z,https://www.hfbtv.com/home/index
382,34691132-6fe0-464f-af5d-261b866e9d9a,安徽老年广播 高清,,oldies,chinese,UNKNOWN,0,7,http://satellitepull.cnr.cn/live/wxahxspsgb/playlist.m3u8?wsSession=c650605f64c6488d38b66982-174830349218686&wsIPSercert=cd39a342afce39d82188ebae3a31d1b8,reachable,200,application/x-mpegurl,application/x-mpegurl,2026-01-15T00:12:47Z,https://www.ahtv.cn/
383,29c50526-0f11-4156-aa84-9c5716fcfcad,通辽交通文艺广播,,entertainment,chinese,UNKNOWN,0,7,https://video.tongliaowang.com:2443/live/cid5.m3u8,reachable,200,text/plain; charset=utf-8,text/plain; charset=utf-8,2026-01-15T00:20:02Z,https://m.liqucn.com/os/android/rj/76673.wml
384,f41bff96-ce70-490e-8235-0ff8a6fa1209,伊春第一套广播,,,chinese,UNKNOWN,0,7,https://liveplaysr.dbw.cn/lsdream/lYKK5cb/2000/live.m3u8,reachable,200,application/vnd.apple.mpegurl,application/vnd.apple.mpegurl,2026-01-15T01:36:04Z,https://www.dbw.cn/
385,54f74e47-edd5-4071-a118-d6413988a860,伊春第二套广播,,,chinese,UNKNOWN,0,7,https://liveplaysr.dbw.cn/lsdream/nktcdk0/2000/live.m3u8,reachable,200,application/vnd.apple.mpegurl,application/vnd.apple.mpegurl,2026-01-15T07:54:20Z,https://www.dbw.cn/
386,f6627c7b-1e5c-4d05-a131-b48a6ea4c0a4,营口交通文艺广播,,,chinese,UNKNOWN,0,7,http://live.ximalaya.com/radio-first-page-app/live/2862/64.m3u8,reachable,200,application/vnd.apple.mpegurl,application/vnd.apple.mpegurl,2026-01-15T05:58:03Z,https://www.ximalaya.com/radio/2298
387,c4e7077f-cb84-4f8d-a124-9e4d6b6f70bc,宁夏新闻广播,,,chinese,MP3,0,7,https://stream.zeno.fm/rxx6d9fbvv8uv,unreachable,,,连接失败: timed out,2026-01-15T06:30:27Z,https://so1.360tres.com/t01b0dbaa6261f6a888.jpg
388,90a4de37-423a-41d3-9046-fdc13a69bcff,江门旅游之声,Kwangtung,"music,traffic information",cantonese,MP3,0,8,https://lhttp-hw.qtfm.cn/live/1283/64k.mp3,reachable,200,audio/mpeg,audio/mpeg,2026-03-19T09:22:09Z,http://www.jmtv.cn/
389,cfd988f1-be48-433d-88d2-0bf2ed058ba3,彬州市人民广播电台 mp3,Shensi,full service,chinese,MP3,0,8,https://lhttp-hw.qtfm.cn/live/20500035/64k.mp3,reachable,200,audio/mpeg,audio/mpeg,2026-03-09T06:43:01Z,http://rexian.cnwest.com/data/html/org/m_binxian.html
390,3991b676-ecdc-4963-a411-db2ac336a5e8,北京延庆之声,Beijing,full service,chinese,UNKNOWN,0,8,https://videoplaynew.yanqingrmzx.com/yq/gb.m3u8,reachable,200,application/x-mpegURL,application/x-mpegURL,2026-06-24T23:02:03Z,https://sj.qq.com/appdetail/com.pdmi.yanqing.media?&from_wxz=1
391,a729d058-2f8e-430a-8400-375b677a2455,项城936 项城综艺交通广播,Honan,"entertainment,full service",chinese,MP3,0,8,https://lhttp-hw.qtfm.cn/live/15318335/64k.mp3,reachable,200,audio/mpeg,audio/mpeg,2026-02-08T15:11:59Z,https://www.xc-w.com/
392,68aadf63-8a8f-4d43-abcb-cf75c02d2ae5,怀化综合广播,Hunan,full service,chinese,MP3,0,8,https://lhttp-hw.qtfm.cn/live/5022069/64k.mp3,reachable,200,audio/mpeg,audio/mpeg,2026-03-01T23:35:40Z,http://www.0745tv.com/
393,00d34f23-f84d-4d33-ad8a-d1859b31f646,毕节交通音乐广播,Kweichow,"music,oldies",chinese,MP3,0,8,https://lhttp-hw.qtfm.cn/live/5022712/64k.mp3,reachable,200,audio/mpeg,audio/mpeg,2026-03-26T01:29:05Z,https://www.bjsyqw.com/
394,8e879af8-6ae7-4f00-89a2-a498c4aa023e,兵团四师可克达拉综合广播,Sinkiang,full service,chinese,MP3,0,8,https://lhttp-hw.qtfm.cn/live/20500054/64k.mp3,reachable,200,audio/mpeg,audio/mpeg,2026-03-26T02:10:50Z,http://www.cocodala.gov.cn/
395,ca8b505a-c4d0-4b66-9fdf-e1379f484a68,轮台之声,Sinkiang,"full service,news",uyghur,MP3,0,8,https://lhttp-hw.qtfm.cn/live/20500099/64k.mp3,reachable,200,audio/mpeg,audio/mpeg,2026-03-26T02:13:18Z,http://www.xjlt.gov.cn/xjltx/c110353/list_2.shtml
396,a3fc3d0e-2c50-4392-b940-711e3b007464,上虞广播-2,,,chinese,UNKNOWN,0,8,https://l.cztvcloud.com/channels/lantian/SXshangyu2/720p.m3u8,reachable,200,application/x-mpegURL,application/x-mpegURL,2026-02-08T23:11:35Z,http://www.sybtv.com/sylive?cid=60401
397,c14ac1ea-ea60-43c5-a108-eb9d218cc915,偃师综合广播,,,chinese,MP3,0,8,https://lhttp.qingting.fm/live/20211321/64k.mp3,reachable,200,audio/mpeg,audio/mpeg,2026-02-08T23:16:20Z,https://mp.weixin.qq.com/s?__biz=MzA5NzAyMzE3Ng==&mid=2652314031&idx=1&sn=552df8047a7c7683caf8464eafee7423&chksm=8b449c08bc33151e907a45a6d8265dddd6c03840a1c1736c2568bf391cf8dcdd4ce533a146d3&scene=27
398,bf925a1b-56ee-45f1-9a48-cc0c1c77f09c,玛曲电视台,Kansu,full service,chinese,UNKNOWN,2560,8,https://play.kankanlive.com/live/1711955176432990.m3u8,reachable,200,application/vnd.apple.mpegurl,application/vnd.apple.mpegurl,2026-03-26T06:31:55Z,http://gnrtv.cn/m/
399,e673fba1-ca82-4b43-89db-5d099f2c9af0,上虞广播-1,Chekiang,,chinese,UNKNOWN,0,8,https://l.cztvcloud.com/channels/lantian/SXshangyu1/720p.m3u8,reachable,200,application/x-mpegURL,application/x-mpegURL,2026-02-08T23:19:09Z,http://www.sybtv.com/sylive?cid=60401
400,2d8d8566-0e78-4f38-b4a6-e26da4554ba1,望城综合广播 长沙925电台,Hunan,"entertainment,music",chinese,MP3,0,8,https://lhttp-hw.qtfm.cn/live/5022076/64k.mp3,not_found,404,,HTTP 404,2026-04-02T15:18:16Z,https://www.baidu.com/link?url=-ZnJ6aNoQNPPWiJmoylMyaobB9Eb_i3hvV3JW5A6nJC&wd=&eqid=f6e6eda90007697a0000000369ce8882
401,a4434edc-7e45-4844-89c0-8084e6d7a0ea,安徽经济广播 高清,,full service,chinese,UNKNOWN,0,8,http://satellitepull.cnr.cn/live/wxahjjgb/playlist.m3u8?wsSession=c650605f64c6488d38b66982-174830209736930&wsIPSercert=cd39a342afce39d82188ebae3a31d1b8,reachable,200,application/x-mpegurl,application/x-mpegurl,2026-01-15T02:58:06Z,https://www.ahtv.cn/
402,7626273e-83b7-4220-857a-69b768fe522e,襄州综合广播 都市965汽车音乐广播,,pop music,chinese,MP3,0,8,https://lhttp-hw.qtfm.cn/live/20500108/64k.mp3,reachable,200,audio/mpeg,audio/mpeg,2026-01-15T06:43:16Z,http://www.zgxy.gov.cn/
403,c471fe9f-8d0b-447f-8676-b0c94978f863,定州融媒体中心综合广播,,music,chinese,MP3,0,8,https://lhttp-hw.qtfm.cn/live/20211638/64k.mp3,reachable,200,audio/mpeg,audio/mpeg,2026-01-15T05:24:52Z,https://www.dingzhoudaily.com/
404,59d06fb8-fdb8-4cc9-b5c3-a380ecd19e2b,庆云县融媒体中心综合广播,,full service,chinese,MP3,0,8,https://lhttp-hw.qtfm.cn/live/5022403/64k.mp3,reachable,200,audio/mpeg,audio/mpeg,2026-01-15T08:21:23Z,https://app.litenews.cn/download/R0hnK0NXS3VOK0ZyUGxRQjl3WHZaZz09
405,42e9bdc5-8cf4-4a87-8c97-4bbce88f6e0e,茂名交通广播,Kwangtung,"music,traffic","cantonese,chinese",MP3,0,8,https://lhttp.qingting.fm/live/20211574/64k.mp3,reachable,200,audio/mpeg,audio/mpeg,2026-02-24T06:01:34Z,http://www.mmstw.com/
406,7aceb482-a1df-4e8f-b99a-bc9249027a33,西藏都市生活广播,,,"chinese,tibetan",UNKNOWN,0,8,http://satellitepull.cnr.cn/live/wxxzdsshgb/playlist.m3u8?wsSession=51c2a224185caba966715acd-174700953160318&wsIPSercert=5bb043949891952939522be8c9bd5410,reachable,200,application/x-mpegurl,application/x-mpegurl,2026-01-15T00:13:27Z,http://www.vtibet.cn/
407,ac7214a1-5d94-469f-bf0a-3be7a2d0c116,抚州交通音乐广播,,music,chinese,MP3,0,8,https://lhttp-hw.qtfm.cn/live/20500015/64k.mp3,reachable,200,audio/mpeg,audio/mpeg,2026-01-14T23:24:33Z,https://www.zgfznews.com/
408,a827a695-9ebd-4752-ac80-29815a7f05b1,合肥交通信息广播,,traffic,chinese,MP3,0,8,https://lhttp-hw.qtfm.cn/live/1960/64k.mp3,reachable,200,audio/mpeg,audio/mpeg,2026-01-15T02:12:24Z,https://www.hfbtv.com/home/index
409,bfee053c-3c08-4f5d-977c-17c3dea0d6ef,西藏康巴话广播,,full service,tibetan,UNKNOWN,0,8,http://satellitepull.cnr.cn/live/wxxzzykbfy/playlist.m3u8?wsSession=6136affdc49091afe49e248f-174701006672980&wsIPSercert=5bb043949891952939522be8c9bd5410,reachable,200,application/x-mpegurl,application/x-mpegurl,2026-01-15T07:26:25Z,http://www.vtibet.cn/
410,cba078e9-0e15-49da-8c32-cc2510a1f042,甘肃农村广播,Kansu,agriculture,chinese,MP3,0,8,https://stream.zeno.fm/mplz3uhg6yovv,unreachable,,,连接失败: timed out,2026-01-15T01:47:59Z,https://www.gstv.com.cn/
411,32a4a0aa-0b9c-4fbf-af04-395efb1b969e,青海安多藏语广播,,full service,tibetan,UNKNOWN,0,8,http://satellitepull.cnr.cn/live/wx32qhzygb/playlist.m3u8?wsSession=1c983a4091d3a5f8a963629b-174701116820119&wsIPSercert=5bb043949891952939522be8c9bd5410,reachable,200,application/x-mpegurl,application/x-mpegurl,2026-01-15T02:01:25Z,http://www.cnr.cn/
412,1c0e9847-0a82-4ad4-b18c-9839bf1c6521,榆林交通文艺广播,,,chinese,UNKNOWN,2560,8,https://hplayer1.juyun.tv/camera/115978148.m3u8,reachable,200,application/vnd.apple.mpegurl,application/vnd.apple.mpegurl,2026-01-16T07:10:21Z,https://www.ylrb.com/2/2st/gb/index.shtml
413,0c1732fa-c814-40c9-ba11-2ab67101eda9,滨州文艺广播,,music,chinese,MP3,0,8,https://lhttp-hw.qtfm.cn/live/21341/64k.mp3,reachable,200,audio/mpeg,audio/mpeg,2026-01-15T08:29:20Z,https://www.bzcm.net/
414,8c4bbef8-7d7e-4faa-a2d4-3917e9d17cf7,城阳综合广播 青岛广播爱车940,Shantung,full service,chinese,MP3,0,8,https://lhttp-hw.qtfm.cn/live/5022537/64k.mp3,reachable,200,audio/mpeg,audio/mpeg,2026-01-15T08:18:44Z,https://app.mi.com/details?id=com.sobey.cloud.webtv.chengyang
415,6049270c-d73b-4968-aeaa-a90ec947fabe,贵州综合广播,,full service,chinese,UNKNOWN,0,8,http://satellitepull.cnr.cn/live/wx32gzwxwzhgb/playlist.m3u8?wsSession=d8b4488aebb72eb396f72a83-174701403997765&wsIPSercert=5bb043949891952939522be8c9bd5410,reachable,200,application/x-mpegurl,application/x-mpegurl,2026-01-15T04:06:00Z,https://www.gzstv.com/
416,27eb298a-a710-482a-8430-ca5bc99d38d3,嘉峪关综合广播,Kansu,information,chinese,UNKNOWN,2560,8,https://play.kankanlive.com/live/1677655624984920.m3u8,reachable,200,application/vnd.apple.mpegurl,application/vnd.apple.mpegurl,2026-01-15T00:31:56Z,http://www.jygxw.com/
417,82556cf9-4fc0-45a6-bb0e-e331890be7ec,锡林郭勒汉语广播,,full service,chinese,UNKNOWN,0,8,https://satellitepull.cnr.cn/live/wx32nmgxlglhygb/playlist.m3u8?wsSession=d966c1f28016a758d88ba0c2-174779662031724&wsIPSercert=2683acdad9e689f89519c7ec3f7e218b,reachable,200,application/x-mpegurl,application/x-mpegurl,2026-01-15T08:12:44Z,https://weibo.com/u/5118600252
418,04294868-ad49-4dce-bede-40107f043617,之江记录,,,chinese,UNKNOWN,0,8,https://ali-m-l.cztv.com/channels/lantian/channel012/1080p.m3u8,reachable,200,application/x-mpegURL,application/x-mpegURL,2026-01-15T02:18:30Z,https://ali-m-l.cztv.com/channels/lantian/channel012/1080p.m3u8
419,8b151360-855c-4bc3-82cd-8c709fc39520,红河综合广播,Yunnan,,chinese,MP3,0,8,https://lhttp-hw.qtfm.cn/live/4033/64k.mp3,reachable,200,audio/mpeg,audio/mpeg,2026-01-15T03:36:09Z,https://www.hh.cn/
420,dd50f576-4d20-46a1-a95c-4a4e53137085,霸州市融媒体中心综合广播,,"hits,music,oldies,pop",chinese,MP3,0,8,https://lhttp-hw.qtfm.cn/live/20211658/64k.mp3,reachable,200,audio/mpeg,audio/mpeg,2026-01-15T00:57:53Z,http://www.bazhou.gov.cn/xwzx
421,d75df9c1-2400-49a2-bbca-a3b630af15b5,柳州交通广播,,traffic information,chinese,MP3,0,8,https://lhttp-hw.qtfm.cn/live/20571/64k.mp3,reachable,200,audio/mpeg,audio/mpeg,2026-01-15T05:26:25Z,https://www.lzgd.com.cn/
422,712beb67-b7df-4b1d-93a8-18344e348cf7,日喀则综合广播,xizang,full service,chinese,UNKNOWN,0,9,https://console.rkzrm.cn:20323/3.m3u8,reachable,200,application/vnd.apple.mpegurl,application/vnd.apple.mpegurl,2026-02-08T10:23:12Z,https://www.rkzrm.cn/
423,e466a33f-cb76-485a-a299-bb767764a323,赤峰蒙语广播,Inner Mongolia,full service,mongolian,MP3,0,9,https://lhttp-hw.qtfm.cn/live/1897/64k.mp3,reachable,200,audio/mpeg,audio/mpeg,2026-01-15T07:31:29Z,https://www.hncj.com/sjrj/79227.html
424,673ed8c7-db89-49d3-b2af-36726c0b98a3,星球重启水吧歌单,,music,chinese,MP3,0,9,https://stream.zeno.fm/by5n9vuubphvv,unreachable,,,连接失败: timed out,2026-03-29T07:16:50Z,https://zeno.fm/radio/xing-qiu-zhong-qi-shui-ba-ge-dan/
425,11ff9c74-b7bf-49bd-986e-5f975b710d28,东源电台 FM101.5,Kwangtung,"5g智慧电台,full service",chinese,MP3,0,9,https://lhttp-hw.qtfm.cn/live/20500124/64k.mp3,reachable,200,audio/mpeg,audio/mpeg,2026-05-06T23:24:26Z,http://www.gddongyuan.gov.cn/
426,90b2c619-2c61-4344-b208-6e746075b6f5,滁州综合广播,Anhwei,full service,chinese,UNKNOWN,0,9,https://live.ximalaya.com/radio-first-page-app/live/154/64.m3u8?transcode=ts,reachable,200,application/vnd.apple.mpegurl,application/vnd.apple.mpegurl,2026-03-09T06:34:54Z,http://www.chuzhou.cn/
427,a695339b-124a-4bc6-a47c-52553e786794,彬州市人民广播电台,Shensi,full service,chinese,UNKNOWN,0,9,https://live.ximalaya.com/radio-first-page-app/live/2675/64.m3u8?transcode=ts,reachable,200,application/vnd.apple.mpegurl,application/vnd.apple.mpegurl,2026-03-09T06:39:59Z,http://rexian.cnwest.com/data/html/org/m_binxian.html
428,be8acd11-2025-4f4b-bf0d-3b078200823a,太仓综合广播,Kiangsu,5g智慧电台,chinese,MP3,0,9,https://lhttp-hw.qtfm.cn/live/20207759/64k.mp3,reachable,200,audio/mpeg,audio/mpeg,2026-05-06T23:48:58Z,https://www.taicangdaily.cn/
429,e0475ba0-c951-421d-b92b-d947799c6659,延边旅游广播,jilin,"entertainment,lifestyle,music,oldies",chinese,MP3,0,9,https://lhttp-hw.qtfm.cn/live/5022438/64k.mp3,reachable,200,audio/mpeg,audio/mpeg,2026-03-29T14:40:55Z,http://www.iyb983.cn/
430,3793a99b-2299-47d3-8205-36b735652aef,延边朝鲜语新闻综合广播,jilin,full service,korean,MP3,0,9,https://lhttp-hw.qtfm.cn/live/20324/64k.mp3,reachable,200,audio/mpeg,audio/mpeg,2026-03-29T14:43:25Z,http://www.iyb983.cn/
431,eea2554c-eadd-4ffd-a6a6-38d9e6a2d9de,VOK 库尔勒梨城之声 FM105.3,Sinkiang,full service,chinese,MP3,0,9,https://lhttp-hw.qtfm.cn/live/20212425/64k.mp3,reachable,200,audio/mpeg,audio/mpeg,2026-03-26T02:21:36Z,https://www.xjkel.gov.cn/
432,19e53e6b-0b27-414b-b05c-bcb55e474041,夏河电视台汉藏双语综合频道,Kansu,full service,"chinese,tibetan",UNKNOWN,2560,9,http://play.kankanlive.com/live/1711956137852982.m3u8,reachable,200,application/vnd.apple.mpegurl,application/vnd.apple.mpegurl,2026-03-26T06:28:34Z,http://gnrtv.cn/m/
433,aefcffd1-7cdb-4f35-9de2-e26f5791add1,新余经济交通广播,,"entertainment,music",chinese,MP3,0,9,https://lhttp-hw.qtfm.cn/live/20093/64k.mp3,reachable,200,audio/mpeg,audio/mpeg,2026-01-15T04:44:38Z,https://xy.jxntv.cn/
434,3c189a75-c3ed-4131-b2b5-5f73283d046c,兵团八师石河子新闻综合广播,Sinkiang,full service,chinese,MP3,0,9,https://lhttp-hw.qtfm.cn/live/20500118/64k.mp3,reachable,200,audio/mpeg,audio/mpeg,2026-03-30T02:30:35Z,https://www.shznews.com/
435,bd612834-424d-471f-9633-2ea537c057c8,⁡⁡⁡建平综合广播,,full service,chinese,MP3,0,9,https://lhttp-hw.qtfm.cn/live/15318332/64k.mp3,reachable,200,audio/mpeg,audio/mpeg,2026-01-15T02:23:21Z,https://www.jprmt.cn/
436,d1266de0-d0a7-4f57-b3f4-cfa42a5b7296,吉林旅游广播,jilin,"folk,music,storytelling,tourism,travel",chinese,UNKNOWN,0,9,https://live-jlr.jlntv.cn//live/fm1033.m3u8,reachable,200,application/vnd.apple.mpegurl,application/vnd.apple.mpegurl,2026-01-15T03:53:08Z,https://www.jlntv.cn/index
437,bb417349-85b1-4dd8-a283-0c0c78287d68,崇礼综合广播,Hopei,information,chinese,MP3,0,9,https://lhttp-hw.qtfm.cn/live/20500100/64k.mp3,reachable,200,audio/mpeg,audio/mpeg,2026-01-14T23:29:44Z,https://www.qingting.fm/radios/20500100
438,d40f7146-b0d6-4485-8068-5d2bd157a1e9,株洲交通广播,,traffic,chinese,MP3,0,9,https://lhttp-hw.qtfm.cn/live/3971/64k.mp3,reachable,200,audio/mpeg,audio/mpeg,2026-01-15T08:40:44Z,http://www.zzbtv.com.cn/
439,e9b9b3d0-6f23-4acd-adf0-77896a569bd6,广东新闻广播,Kwangtung,,cantonese,MP3,0,9,https://lhttp.qtfm.cn/live/1254/64k.mp3,reachable,200,audio/mpeg,audio/mpeg,2026-02-24T06:17:04Z,https://m.gdtv.cn/
440,eb6e5048-d4db-4e80-933a-2f48681bdcf3,广东文体广播,Kwangtung,"culture,sport,sports","cantonese,chinese",MP3,0,9,https://lhttp.qtfm.cn/live/471/64k.mp3,reachable,200,audio/mpeg,audio/mpeg,2026-02-24T06:29:40Z,https://m.gdtv.cn/
441,e24911ed-c6a5-41f0-b0b1-d6f431f5a8c2,AsiaFM高清音乐台,,"192kbps,hd,music",chinese,MP3,0,9,https://lhttp.qtfm.cn/live/15318341/64k.mp3,reachable,200,audio/mpeg,audio/mpeg,2026-08-12T11:45:56Z,http://www.asiafm.net/index.php#page1
442,55cee067-c4fd-4677-91ac-8bfff0bc073c,淮安区综合广播 淮安经典992,Kiangsu,"music,oldies",chinese,MP3,0,9,https://lhttp-hw.qtfm.cn/live/15318398/64k.mp3,reachable,200,audio/mpeg,audio/mpeg,2026-01-14T23:39:47Z,http://pic.qingting.fm/2020/1029/20201029101716.png
443,49372702-5eda-41d7-8731-9621b7aa9e19,孝昌964电台,,traffic information,chinese,MP3,0,9,https://lhttp-hw.qtfm.cn/live/15318546/64k.mp3,reachable,200,audio/mpeg,audio/mpeg,2026-01-15T01:05:28Z,http://m-xiaochang.cjyun.org/
444,d57184e9-fa4b-4518-8fdd-098c1d7f02f4,广饶广播电视台,,full service,chinese,MP3,0,9,https://lhttp-hw.qtfm.cn/live/20500036/64k.mp3,reachable,200,audio/mpeg,audio/mpeg,2026-01-15T03:43:13Z,https://pic.qtfm.cn/2024/1113/20241113042249.jpeg
445,c2f172f0-7810-4eca-8d59-9efaa88ec052,桂林旅游音乐广播,,"lifestyle,music",chinese,MP3,0,9,https://lhttp-hw.qtfm.cn/live/1760/64k.mp3,reachable,200,audio/mpeg,audio/mpeg,2026-01-15T04:28:20Z,https://www.gltvs.com/
446,f4709aff-a156-4903-99cb-d62530bd18ce,莫旗融媒FM103.5莫力达瓦综合广播,Inner Mongolia,information,chinese,UNKNOWN,0,9,https://live.ximalaya.com/radio-first-page-app/live/2899/64.m3u8?transcode=ts,reachable,200,application/vnd.apple.mpegurl,application/vnd.apple.mpegurl,2026-01-15T08:42:10Z,http://www.mldw.gov.cn/News/showList/1466/page_1.html
447,89dedb1c-32e2-4f54-81e5-a6c2e9d4b381,云南经济广播,Yunnan,information,chinese,AAC,128,9,https://gbw.ynradio.cn/radio/jjgb.stream/playlist.m3u8,reachable,200,application/vnd.apple.mpegurl,application/vnd.apple.mpegurl,2026-01-15T00:44:56Z,https://www.ynradio.cn/
448,9e5922da-56f2-4c3b-a361-31ba69335150,柳州综合广播,,information,chinese,MP3,0,9,https://lhttp-hw.qtfm.cn/live/21043/64k.mp3,reachable,200,audio/mpeg,audio/mpeg,2026-01-15T00:53:11Z,https://www.lzgd.com.cn/
449,56b446ae-b39e-4fef-b54c-8ee872cfc76a,盐城滨海广播,Kiangsu,"entertainment,information",chinese,MP3,0,9,https://lhttp-hw.qtfm.cn/live/20207779/64k.mp3,reachable,200,audio/mpeg,audio/mpeg,2026-01-15T08:15:25Z,http://www.bhxww.cn/
450,cefd5c2e-778b-4e69-a4d1-d93ab931b0df,铜仁交通旅游广播,Kweichow,,chinese,MP3,0,9,https://lhttp.qingting.fm/live/20211615/64k.mp3,reachable,200,audio/mpeg,audio/mpeg,2026-01-15T07:33:27Z,http://www.trrtv.com/
451,b8a3d91c-25eb-425f-abf5-e20fdcc2ee9b,固镇人民广播电台,,,chinese,MP3,0,9,https://lhttp-hw.qtfm.cn/live/20500125/64k.mp3,reachable,200,audio/mpeg,audio/mpeg,2026-01-15T00:28:14Z,https://www.guzhen.gov.cn/gzdt/spxw/index.html
452,f225f466-9111-41b8-b07b-164b95797031,通辽蒙语综合广播,,full service,mongolian,UNKNOWN,0,10,https://video.tongliaowang.com:2443/live/cid3.m3u8,reachable,200,text/plain; charset=utf-8,text/plain; charset=utf-8,2026-01-15T04:42:48Z,https://m.liqucn.com/os/android/rj/76673.wml
453,fdd1ca92-e6af-479d-93b5-8850e13bb929,泸州对农经济生活广播,Szechuan,"music,pop",chinese,MP3,0,10,https://lhttp-hw.qtfm.cn/live/5021565/64k.mp3,reachable,200,audio/mpeg,audio/mpeg,2026-01-15T13:58:00Z,http://m.luzhoubs.com/
454,634c7ffa-ab3c-4c27-938a-94fd6c9b41ef,尤溪综合广播,Fukien,"entertainment,music",chinese,MP3,0,10,https://lhttp-hw.qtfm.cn/live/5022498/64k.mp3,reachable,200,audio/mpeg,audio/mpeg,2026-03-01T23:46:17Z,https://www.yxxww.cn/
455,8ffc4fc5-20a4-4fc3-9827-670c01011983,兵团七师胡杨河新闻综合广播,Sinkiang,full service,chinese,MP3,0,10,https://lhttp-hw.qtfm.cn/live/20500095/64k.mp3,reachable,200,audio/mpeg,audio/mpeg,2026-03-26T02:07:11Z,http://www.nqs.gov.cn/
456,3cb3a062-5051-4c17-98f4-4af7b24aa204,延边朝鲜语新闻综合广播 뉴스종합방송,jilin,full service,korean,UNKNOWN,0,10,https://srs.iybtv.cn/audio/AM1206/index.m3u8,reachable,200,application/vnd.apple.mpegurl,application/vnd.apple.mpegurl,2026-03-30T00:39:52Z,https://www.iybtv.cn/
457,ca624c61-ad61-4b34-b742-9ae13c7b51d0,淮阴区FM100.6淮安车生活,Kiangsu,entertainment,chinese,MP3,0,10,https://lhttp-hw.qtfm.cn/live/5021970/64k.mp3,reachable,200,audio/mpeg,audio/mpeg,2026-01-15T06:42:25Z,http://news.ha101.cn/pc.html
458,41a0faa3-3900-4454-a955-70cca8097a91,安徽旅游广播 高清,,music,chinese,UNKNOWN,0,10,http://satellitepull.cnr.cn/live/wxahlygb/playlist.m3u8?wsSession=d966c1f28016a758d88ba0c2-174830268515298&wsIPSercert=cd39a342afce39d82188ebae3a31d1b8,reachable,200,application/x-mpegurl,application/x-mpegurl,2026-01-14T23:15:05Z,https://www.ahtv.cn/
459,e5869d30-cc3f-4662-84de-f5bfae8b118c,宁夏新闻广播,,information,chinese,UNKNOWN,0,10,http://satellitepull.cnr.cn/live/wxnxxwgb/playlist.m3u8?wsSession=d8b4488aebb72eb396f72a83-174701144043039&wsIPSercert=5bb043949891952939522be8c9bd5410,reachable,200,application/x-mpegurl,application/x-mpegurl,2026-01-15T07:17:44Z,http://www.cnr.cn/
460,461c31ef-a9ca-45c0-b27e-516561b0cca1,运城文艺广播（官网直播）,Shansi,,chinese,UNKNOWN,500,10,https://live.0359tv.com/lsdream/p3e1Pzg/live.m3u8,reachable,200,application/vnd.apple.mpegurl,application/vnd.apple.mpegurl,2026-01-15T04:24:51Z,https://www.0359tv.com/
461,2eae2a48-50a7-4a0e-946e-697b35cc444c,晋江综合广播,Fukien,full service,chinese,UNKNOWN,0,10,https://live.ijjnews.com/jjrd/sd/live.m3u8,reachable,200,application/vnd.apple.mpegurl,application/vnd.apple.mpegurl,2026-01-20T09:11:17Z,https://www.ijjnews.com/
462,27081f70-2af5-40f8-879d-e0b983bdc45b,广元旅游广播,,traffic,chinese,UNKNOWN,0,10,https://m3u8.channel.dzsm.com/nmip-media/audiolive/audio101760/playlist.m3u8,reachable,200,application/vnd.apple.mpegurl,application/vnd.apple.mpegurl,2026-01-15T02:06:33Z,http://www.dzsm.com/
463,1eec02eb-0a5f-4af8-9c8d-0cb725ee28af,优优宝贝广播,,children,chinese,MP3,0,10,https://stream.zeno.fm/de26yhn9yy8uv,unreachable,,,连接失败: timed out,2026-01-15T05:37:33Z,https://baike.so.com/doc/6970003-7192689.html
464,ff1009d2-f8d6-4415-8494-d47b2278f1d4,广安综合广播,Szechuan,news,chinese,UNKNOWN,0,10,https://live1.gatv.com.cn:90/live/xwgb.m3u8,reachable,200,application/vnd.apple.mpegurl,application/vnd.apple.mpegurl,2026-01-15T02:05:55Z,https://gatv.com.cn/
465,78bd1286-5ac2-4d98-adec-8740866b55ff,广州经济交通广播电台,Kwangtung,"economics,news,traffic",cantonese,MP3,0,10,http://lhttp.qingting.fm/live/4955/64k.mp3,reachable,200,audio/mpeg,audio/mpeg,2026-02-24T08:16:13Z,https://www.gztv.com/
466,7b2c2f84-0997-46f9-bfba-049a4bb2bff2,广州新闻资讯广播台,Kwangtung,"economics,news",cantonese,MP3,0,10,http://lhttp.qingting.fm/live/4848/64k.mp3,reachable,200,audio/mpeg,audio/mpeg,2026-02-24T08:23:59Z,https://www.gztv.com/
467,246f65be-8b48-4e6c-b643-b42350e8cf8c,听梦想FM,Yunnan,"internet radio,music",chinese,MP3,0,10,https://lhttp-hw.qtfm.cn/live/4917/64k.mp3,reachable,200,audio/mpeg,audio/mpeg,2026-01-18T00:02:46Z,http://imx.fm/
468,4f9fd2db-9be9-4c91-bff2-db022807fafd,吉林资讯广播,jilin,information,chinese,UNKNOWN,0,10,https://live-jlr.jlntv.cn/live/fm1001.m3u8,reachable,200,application/vnd.apple.mpegurl,application/vnd.apple.mpegurl,2026-01-15T07:19:54Z,https://www.jlntv.cn/index
469,f4a8e480-4bf9-4e3d-8341-171ebfee1c4f,化州融媒体中心综合广播,,,cantonese,MP3,0,10,https://lhttp-hw.qtfm.cn/live/15318689/64k.mp3,reachable,200,audio/mpeg,audio/mpeg,2026-01-15T05:09:14Z,http://www.huazhou.gov.cn/
470,54a962bc-60af-4d98-96a9-afa353953c6d,运城综合广播（官网直播）,Shansi,news,chinese,UNKNOWN,500,10,https://live.0359tv.com/lsdream/4TTDb6q/live.m3u8,reachable,200,application/vnd.apple.mpegurl,application/vnd.apple.mpegurl,2026-01-15T07:36:11Z,https://www.0359tv.com/
471,d58844f2-3728-4983-8332-c18e4d3b65aa,桂林综合广播,,"information,news",chinese,MP3,0,10,https://lhttp-hw.qtfm.cn/live/1759/64k.mp3,reachable,200,audio/mpeg,audio/mpeg,2026-01-15T01:11:29Z,https://www.gltvs.com/
472,514880de-2ad5-4226-a131-3f7a5eff6faf,铜陵交通生活广播,,,chinese,MP3,0,10,https://lhttp-hw.qtfm.cn/live/21305/64k.mp3,reachable,200,audio/mpeg,audio/mpeg,2026-01-15T05:00:15Z,https://appx.tlbts.com/homePage?notnew=1
473,878bd1de-a78e-4d4c-a62a-3f9758c72d91,历城广播电视台,,music,chinese,MP3,0,10,https://lhttp-hw.qtfm.cn/live/20500194/64k.mp3,reachable,200,audio/mpeg,audio/mpeg,2026-01-15T02:14:38Z,http://www.qqtf.com/azrj/129212.html
474,e6bdc38e-c37a-4d32-8720-6d0c6948052b,第一师阿拉尔人民广播电台新闻综合广播,,full service,chinese,MP3,0,10,https://lhttp-hw.qtfm.cn/live/20500209/64k.mp3,reachable,200,audio/mpeg,audio/mpeg,2026-01-15T00:34:09Z,http://www.ale.gov.cn/xwzx
475,e7d928ed-5566-4957-9c8b-d1dfed8b89b1,西藏藏语广播,,full service,tibetan,UNKNOWN,0,10,http://satellitepull.cnr.cn/live/wxxzzygb/playlist.m3u8?wsSession=51c2a224185caba966715acd-174700996678387&wsIPSercert=5bb043949891952939522be8c9bd5410,reachable,200,application/x-mpegurl,application/x-mpegurl,2026-01-15T06:27:38Z,http://www.vtibet.cn/
476,73826baf-cbf8-4977-ab4f-16f482aa2558,嘉峪关交通广播,Kansu,traffic,chinese,UNKNOWN,2560,10,https://play.kankanlive.com/live/1677655747873919.m3u8,reachable,200,application/vnd.apple.mpegurl,application/vnd.apple.mpegurl,2026-01-15T07:10:26Z,http://www.jygxw.com/
477,9c1ca726-d843-4f02-aa75-b43d0408882d,包头城乡广播,Inner Mongolia,,chinese,MP3,0,10,https://lhttp-hw.qtfm.cn/live/1892/64k.mp3,reachable,200,audio/mpeg,audio/mpeg,2026-01-15T05:19:36Z,https://www.qtfm.cn/radios/1892
478,add1b78d-407e-4f3c-b41c-9e212a181ca6,蚌埠综合广播,,information,chinese,UNKNOWN,0,10,http://live.ximalaya.com/radio-first-page-app/live/2680/64.m3u8,reachable,200,application/vnd.apple.mpegurl,application/vnd.apple.mpegurl,2026-01-15T02:14:38Z,https://www.weibo.com/u/3707142207
479,a0ea0918-1da7-4c1e-be21-1a2e1c7d7768,通化综合广播,,"full service,information,news,talk",chinese,UNKNOWN,51,11,http://stream4.jlntv.cn/aac_thxw/playlist.m3u8,reachable,200,application/vnd.apple.mpegurl,application/vnd.apple.mpegurl,2026-01-14T23:46:56Z,http://10c9-www.plus.jlntv.cn/
480,46ab29d9-1459-4013-86e8-7a15cafb910d,泸州综合广播,Szechuan,full service,chinese,MP3,0,11,https://lhttp-hw.qtfm.cn/live/5021557/64k.mp3,reachable,200,audio/mpeg,audio/mpeg,2026-01-15T13:59:20Z,http://m.luzhoubs.com/
481,43c7d4fe-9cb5-4466-b689-f151a9dd322e,呼伦贝尔蒙语广播,Inner Mongolia,full service,mongolian,UNKNOWN,0,11,https://satellitepull.cnr.cn/live/wx32nmghlbemygb/playlist.m3u8?wsSession=c650605f64c6488d38b66982-174814238782426&wsIPSercert=302e928c9e06924943d63c021170d763,reachable,200,application/x-mpegurl,application/x-mpegurl,2026-01-15T07:12:24Z,http://www.hrtonline.cn/
482,1d7d4de8-c2f1-47fe-81c8-7cadd6c1e0e2,德阳经济生活广播,Szechuan,"entertainment,lifestyle",chinese,MP3,0,11,https://lhttp-hw.qtfm.cn/live/5022110/64k.mp3,reachable,200,audio/mpeg,audio/mpeg,2026-01-28T01:04:42Z,https://scdytv.com/
483,c8fe8d59-f123-4f76-b7bf-b4d72de9ef25,兵团二师铁门关综合广播,Sinkiang,full service,chinese,MP3,0,11,https://lhttp-hw.qtfm.cn/live/20211703/64k.mp3,reachable,200,audio/mpeg,audio/mpeg,2026-03-26T02:07:49Z,https://www.tmg.gov.cn/info/iList.jsp?cat_id=10023&cur_page=311
484,c2551f43-710b-4c6c-94b7-d876979a618a,赤峰交通广播,Inner Mongolia,traffic information,chinese,MP3,0,11,https://lhttp-hw.qtfm.cn/live/1899/64k.mp3,reachable,200,audio/mpeg,audio/mpeg,2026-01-15T05:40:19Z,https://www.hncj.com/sjrj/79227.html
485,4f1ab9ca-3698-46db-a95b-9f4b7f92b128,焦作新闻综合广播,Honan,news,chinese,MP3,0,11,https://lhttp-hw.qtfm.cn/live/5022557/64k.mp3,reachable,200,audio/mpeg,audio/mpeg,2026-01-15T02:18:30Z,http://www.jzrt.com/
486,b1acd700-ff35-42b5-b3b3-edc706841158,广西旅游广播,,travel,chinese,UNKNOWN,0,11,http://ls.qingting.fm/live/1753.m3u8,reachable,200,application/vnd.apple.mpegurl,application/vnd.apple.mpegurl,2026-01-15T01:05:28Z,https://www.gxbtv.com/
487,9132bff6-0720-45e3-8a88-fee4383bae18,黔西南旅游广播,,traffic,chinese,MP3,0,11,https://lhttp-hw.qtfm.cn/live/5046/64k.mp3,reachable,200,audio/mpeg,audio/mpeg,2026-01-15T08:24:53Z,http://www.qxndt.com/
488,4d03d470-0ac7-4175-bb28-2261e300ea59,周村区广播电视台,,"full service,music",chinese,MP3,0,11,https://lhttp-hw.qtfm.cn/live/20500132/64k.mp3,reachable,200,audio/mpeg,audio/mpeg,2026-01-15T05:01:43Z,https://m.liqucn.com/rj/9349965965456.wml
489,12d3bd0e-f99d-4dc6-89ba-8e8c06a4bd2c,巧家新闻综合广播 白鹤之声,Yunnan,information,chinese,MP3,0,11,https://lhttp-hw.qtfm.cn/live/20211704/64k.mp3,reachable,200,audio/mpeg,audio/mpeg,2026-01-15T06:59:16Z,https://www.qtfm.cn/radios/20211704/
490,1851c9e5-b9b3-4a89-b04c-6190172799f2,江西综合新闻广播,,news,chinese,UNKNOWN,0,11,http://live.ximalaya.com/radio-first-page-app/live/606/64.m3u8?transcode=ts,reachable,200,application/vnd.apple.mpegurl,application/vnd.apple.mpegurl,2026-01-15T06:53:43Z,https://www.jxntv.cn/?mnlhl=16821
491,b89a7148-cd48-40f8-a5ad-3681b82df783,甘肃人民广播电台农村广播,Kansu,agriculture,chinese,MP3,0,11,https://lhttp-hw.qtfm.cn/live/3941/64k.mp3,reachable,200,audio/mpeg,audio/mpeg,2026-01-15T04:16:45Z,https://www.gstv.com.cn/
492,c1530b99-44c0-4212-b176-d06ca21b8448,镇海104.7 Nice FM,Chekiang,entertainment,chinese,MP3,0,11,https://lhttp-hw.qtfm.cn/live/20033/64k.mp3,reachable,200,audio/mpeg,audio/mpeg,2026-01-15T06:37:46Z,https://www.zhxww.net/
493,f7b4062d-8a0c-4430-9e2b-0d647c9704e7,湛江廉江广播,,information,chinese,MP3,0,11,https://lhttp-hw.qtfm.cn/live/20211578/64k.mp3,reachable,200,audio/mpeg,audio/mpeg,2026-01-15T04:34:00Z,https://www.gdzjdaily.com.cn/
494,fc6d2bec-52a8-4da8-a41d-8fb90646ecc2,呼伦贝尔汉语广播,,full service,chinese,UNKNOWN,0,11,https://satellitepull.cnr.cn/live/wx32nmghlbehygb/playlist.m3u8?wsSession=d966c1f28016a758d88ba0c2-174814248595620&wsIPSercert=302e928c9e06924943d63c021170d763,reachable,200,application/x-mpegurl,application/x-mpegurl,2026-01-15T02:38:10Z,http://www.hrtonline.cn/
495,05113b29-15b8-4c14-9173-44bb4d17712e,榆林综合广播,,,chinese,UNKNOWN,2560,11,https://hplayer1.juyun.tv/camera/115987102.m3u8,reachable,200,application/vnd.apple.mpegurl,application/vnd.apple.mpegurl,2026-01-16T07:03:49Z,https://www.ylrb.com/2/2st/gb/index.shtml
496,37306c18-d661-44f5-8d97-e125b447cdf0,安康交通旅游音乐广播,Shensi,,chinese,MP3,0,11,https://lhttp-hw.qtfm.cn/live/5021862/64k.mp3,reachable,200,audio/mpeg,audio/mpeg,2026-01-15T06:11:46Z,http://www.akxw.cn/
497,10935a10-d28d-4c82-baf5-8b6a54c769d3,三门峡综合广播,,,chinese,MP3,0,11,https://stream.zeno.fm/b7y9bwk1x68uv,unreachable,,,连接失败: timed out,2026-01-14T23:25:16Z,http://pic.qingting.fm/sso/198/1606877621778_JEQiD5n5q.png
498,61e3dd70-ac19-48c4-ac54-92e9d33b4626,北京顺义区广播FM92.9,Beijing,full service,chinese,UNKNOWN,0,11,https://livesy.chinamcache.com/live/gb01.m3u8,reachable,200,application/vnd.apple.mpegurl,application/vnd.apple.mpegurl,2026-01-14T23:59:14Z,http://www.bjsytv.com/
499,20555741-1426-44a2-b0cb-d45654b754f8,盘山电台FM93.9,,,chinese,UNKNOWN,0,11,http://live.ximalaya.com/radio-first-page-app/live/1069/64.m3u8,reachable,200,application/vnd.apple.mpegurl,application/vnd.apple.mpegurl,2026-01-15T08:46:38Z,https://www.tianyancha.com/company/3098341241
500,ebf5997c-0b49-466d-8b8b-250f19ea2a58,湘乡广播电台龙城之声,,"5g智慧电台,full service",chinese,MP3,0,11,https://lhttp-hw.qtfm.cn/live/15318180/64k.mp3,reachable,200,audio/mpeg,audio/mpeg,2026-01-14T23:34:44Z,https://www.hnxxnews.com/
501,dba5e6d4-9d9f-4304-89b0-4cd7ca2383c0,驻马店综合广播,,full service,chinese,MP3,0,11,https://lhttp-hw.qtfm.cn/live/5022118/64k.mp3,reachable,200,audio/mpeg,audio/mpeg,2026-01-15T08:47:21Z,http://www.zmdnews.cn/
502,73d5fb45-5d31-4f18-853c-177e7f5860fd,南川融媒体中心综合广播,,information,chinese,MP3,0,12,https://lhttp-hw.qtfm.cn/live/15318405/64k.mp3,reachable,200,audio/mpeg,audio/mpeg,2026-01-15T03:45:08Z,https://nanchuan.cbg.cn/wap/
503,770eaab1-9d0c-44ac-b94a-02a1127f5a03,德阳综合广播,Szechuan,news,chinese,MP3,0,12,https://lhttp-hw.qtfm.cn/live/4987/64k.mp3,reachable,200,audio/mpeg,audio/mpeg,2026-01-28T01:05:58Z,https://scdytv.com/
504,085e01d1-4501-4b35-913b-c0efa860008c,阿拉善蒙语综合广播,Inner Mongolia,information,mongolian,MP3,0,12,https://lhttp-hw.qtfm.cn/live/5022555/64k.mp3,reachable,200,audio/mpeg,audio/mpeg,2026-01-15T08:48:01Z,http://www.artv.net.cn/
505,408aa71a-a4ae-4192-a6e2-1ffaca81d64f,营口音乐之声,Liaoning,music,chinese,UNKNOWN,0,12,http://live.ximalaya.com/radio-first-page-app/live/2863/64.m3u8,reachable,200,application/vnd.apple.mpegurl,application/vnd.apple.mpegurl,2026-01-15T07:52:50Z,https://www.ximalaya.com/radio/2299
506,ed22cbaa-9f8b-497f-8357-c37f9fe6f231,恩施综合广播,,news,chinese,MP3,0,12,https://lhttp.qingting.fm/live/5022718/64k.mp3,reachable,200,audio/mpeg,audio/mpeg,2026-01-15T00:17:33Z,https://estv.com.cn/
507,d30b9ea3-bb9c-442e-aef9-90f10cd5b4e1,唐县经典913,Hopei,oldies,chinese,MP3,0,12,https://lhttp-hw.qtfm.cn/live/20500222/64k.mp3,reachable,200,audio/mpeg,audio/mpeg,2026-01-15T05:03:36Z,https://www.tangxian.gov.cn/
508,ed408b6a-c082-4c07-9953-d7b8ce093747,乌海蒙语综合广播,Inner Mongolia,information,mongolian,UNKNOWN,0,12,http://live.wuhainews.org.cn/aac_myzhgb/sd/live.m3u8,reachable,200,application/vnd.apple.mpegurl,application/vnd.apple.mpegurl,2026-01-15T00:22:18Z,https://www.wuhainews.org.cn/
509,34029c85-58dc-4938-a164-61b53bb88563,浦江人民广播电台,Chekiang,full service,chinese,MP3,0,12,https://lhttp-hw.qtfm.cn/live/5021924/64k.mp3,reachable,200,audio/mpeg,audio/mpeg,2026-01-15T03:06:34Z,http://gw.pjnews.cn/
510,8761de59-205a-47ea-957f-a0b4da66116a,安阳县Top Radio 88.1,Honan,entertainment,chinese,MP3,0,12,https://lhttp-hw.qtfm.cn/live/20209339/64k.mp3,reachable,200,audio/mpeg,audio/mpeg,2026-01-15T03:18:28Z,https://www.aynews.net.cn/
511,29cbbe7f-e468-42cf-909c-3978d4642e71,云霄综合广播,Fukien,general,chinese,MP3,0,12,https://lhttp-hw.qtfm.cn/live/20500106/64k.mp3,reachable,200,audio/mpeg,audio/mpeg,2026-01-18T10:34:12Z,https://www.zzyxxw.com/
512,33d1b165-536b-438c-81a6-16456c6fc34b,大连长海之声FM91.7,,"culture,information,news,tourism,travel",chinese,UNKNOWN,0,12,https://live.ximalaya.com/radio-first-page-app/live/2882/64.m3u8?transcode=ts,reachable,200,application/vnd.apple.mpegurl,application/vnd.apple.mpegurl,2026-01-15T03:00:03Z,http://dlch.gov.cn/
513,b0404162-b662-481d-8840-95cd88c66a03,ZENO FM Candid Talk,,music,"chinese,english",MP3,0,12,https://stream.zeno.fm/7ue0q6p2p48uv,unreachable,,,连接失败: timed out,2026-01-15T06:24:38Z,https://zeno.fm/radio/candid-talknzz0q6p2p48uv/
514,f16d96d7-7ced-49a9-a781-a101f419b110,新疆广播电视台维语综合广播,Sinkiang,information,uyghur,UNKNOWN,0,12,http://live.ximalaya.com/radio-first-page-app/live/997/64.m3u8,reachable,200,application/vnd.apple.mpegurl,application/vnd.apple.mpegurl,2026-01-14T22:54:12Z,https://www.xjtvs.com.cn/
515,872bd558-c5d0-4187-8d85-adabce4e6535,安徽综合广播 高清,Anhwei,full service,chinese,UNKNOWN,0,12,http://satellitepull.cnr.cn/live/wxahxxgb/playlist.m3u8?wsSession=a919bd0baf31a1a6f3966f08-174830198864311&wsIPSercert=cd39a342afce39d82188ebae3a31d1b8,reachable,200,application/x-mpegurl,application/x-mpegurl,2026-01-15T03:26:15Z,https://www.ahtv.cn/
516,30fdc8a9-d8d3-4964-a435-84005f2935f7,FM998 舟山新闻综合广播,Chekiang,"news,talk",chinese,MP3,0,12,https://lhttp.qingting.fm/live/1160/64k.mp3,reachable,200,audio/mpeg,audio/mpeg,2026-01-15T02:11:33Z,https://www.wifizs.cn/
517,9c9583d5-6570-4263-a469-75b41587b5a9,运城文艺广播,Shansi,music,chinese,MP3,0,12,https://lhttp-hw.qtfm.cn/live/1191/64k.mp3,reachable,200,audio/mpeg,audio/mpeg,2026-01-15T01:16:54Z,https://www.0359tv.com/
518,b9e470b2-01d0-4fac-bd2c-27a9612c10ab,南京交通广播,,,,UNKNOWN,0,12,http://live.xmcdn.com/live/70/64.m3u8,reachable,200,application/vnd.apple.mpegurl,application/vnd.apple.mpegurl,2026-01-14T22:54:07Z,http://www.njgb.com/
519,6b27ad03-3899-4576-b800-fdf60836c96e,黄岩电台,,,chinese,MP3,0,12,https://lhttp-hw.qtfm.cn/live/5022671/64k.mp3,reachable,200,audio/mpeg,audio/mpeg,2026-01-15T01:36:04Z,https://www.qingting.fm/radios/5022671
520,0428b191-ecd8-4e37-aea5-9fafd1377326,大连交通广播,Dalian,"entertainment,traffic",chinese,MP3,0,12,https://lhttp-hw.qtfm.cn/live/3997/64k.mp3,reachable,200,audio/mpeg,audio/mpeg,2026-01-15T08:20:38Z,http://www.dltv.cn/channel/jtgb/
521,2c054f44-b146-4525-aa60-8f08505eeaf5,秦皇岛体育广播,Hopei,music,chinese,MP3,0,12,https://lhttp-hw.qtfm.cn/live/20835/64k.mp3,reachable,200,audio/mpeg,audio/mpeg,2026-01-15T00:18:06Z,http://www.qhdcm.com/
522,21e46cfc-97ed-4b67-bb9b-a019427f0d3b,江陵广播电视台 综合广播,,full service,chinese,MP3,0,13,https://lhttp-hw.qtfm.cn/live/20500203/64k.mp3,reachable,200,audio/mpeg,audio/mpeg,2026-01-15T13:14:33Z,https://www.qtfm.cn/radios/20500203
523,284b18cd-67db-4c74-b463-44585847dc32,日喀则综合广播,xizang,full service,chinese,UNKNOWN,0,13,https://consolestream.rkzrm.cn:20323/0.m3u8,reachable,200,application/vnd.apple.mpegurl,application/vnd.apple.mpegurl,2026-02-08T10:21:06Z,https://www.rkzrm.cn/
524,51a857ca-8a03-4d00-a3a7-35ea399c84d5,主内真生命-英语,,,english,MP3,128,13,https://stream.tligradio.org/listen/english/radio.mp3,reachable,200,audio/mpeg,audio/mpeg,2026-01-15T01:09:32Z,http://www.tlig.tw/
525,73677929-86b7-4163-8860-58410af2b03a,邢台综合广播,Hopei,information,chinese,UNKNOWN,0,13,https://jwcdnqx.hebyun.com.cn/live/xinxingtaiRD/1500k/tzwj_video.m3u8,reachable,200,application/vnd.apple.mpegurl,application/vnd.apple.mpegurl,2026-01-15T05:05:52Z,https://www.xttv.com.cn/
526,e4c8f530-3425-47d8-a834-ff45ce153cf5,潮州交通音乐广播,Kwangtung,"lifestyle,music,traffic information","chaoshan dialect,chinese,teochew",MP3,0,13,https://lhttp.qingting.fm/live/4594/64k.mp3,reachable,200,audio/mpeg,audio/mpeg,2026-01-20T07:31:36Z,https://www.czbtv.com/
527,5d3b3cd6-c973-423c-aa98-60ea595f7bec,东海综合广播,Kiangsu,traffic radio broadcast,chinese,MP3,0,13,https://lhttp-hw.qtfm.cn/live/20500220/64k.mp3,reachable,200,audio/mpeg,audio/mpeg,2026-01-15T00:29:13Z,http://www.jsdh.gov.cn/slhzt/slhzt.htm
528,0a20d87a-ba25-4543-816c-6e5224914de1,南京交通广播,,,,UNKNOWN,0,13,http://live.xmcdn.com/live/70/64.m3u8,reachable,200,application/vnd.apple.mpegurl,application/vnd.apple.mpegurl,2026-01-14T22:54:06Z,http://www.njgb.com/
529,8571b828-1282-41c8-a87d-97530459e511,黄山综合广播,Anhwei,information,chinese,MP3,0,13,https://lhttp-hw.qtfm.cn/live/1968/64k.mp3,reachable,200,audio/mpeg,audio/mpeg,2026-01-15T05:36:39Z,http://www.qxndt.com/
530,2f7797ed-8b71-438d-8752-8d3c8d249864,嘉兴交通经济广播 FM92.2,Chekiang,,chinese,MP3,0,13,https://lhttp-hw.qtfm.cn/live/1135/64k.mp3,reachable,200,audio/mpeg,audio/mpeg,2026-01-15T06:24:38Z,https://www.cnjxol.com/
531,163248de-2c2d-4ddd-8b2c-407576ff7988,凌源综合广播,Liaoning,information,chinese,MP3,0,13,https://lhttp-hw.qtfm.cn/live/15318298/64k.mp3,reachable,200,audio/mpeg,audio/mpeg,2026-01-15T07:11:09Z,https://www.lingyuan.gov.cn/
532,99bd0531-a367-4351-bda7-67c64ffabe2d,扬州江都广播,Kiangsu,entertainment,chinese,MP3,0,13,https://lhttp-hw.qtfm.cn/live/5022636/64k.mp3,reachable,200,audio/mpeg,audio/mpeg,2026-01-15T04:22:03Z,http://www.96189.com/
533,b0d0c20c-c9d7-48dc-96b4-e61c82325f24,浙江之声中波,,full service,chinese,UNKNOWN,0,13,http://satellitepull.cnr.cn/live/wxzjzs/playlist.m3u8?wsSession=1c983a4091d3a5f8a963629b-174704991695690&wsIPSercert=cfb15583bad3e1e7c083a9a0d492bf48,reachable,200,application/x-mpegurl,application/x-mpegurl,2026-01-15T01:14:34Z,https://www.am810.net/
534,254afa8d-da24-40e6-9c6a-6cb3102fbed2,嘉兴综合广播 FN104.1,Chekiang,,chinese,MP3,0,13,https://lhttp-hw.qtfm.cn/live/1154/64k.mp3,reachable,200,audio/mpeg,audio/mpeg,2026-01-15T02:29:06Z,https://www.cnjxol.com/
535,9d27408f-3e7e-41cf-b88f-2d777024f4f8,广元综合广播,,news,chinese,UNKNOWN,0,13,https://m3u8.channel.dzsm.com/nmip-media/audiolive/audio101953/playlist.m3u8,reachable,200,application/vnd.apple.mpegurl,application/vnd.apple.mpegurl,2026-01-15T00:42:51Z,http://www.dzsm.com/
536,acbf4b4b-bc23-49da-9893-3fb2fac4a465,徐州交通广播,Kiangsu,music,chinese,UNKNOWN,64,13,http://stream3.huaihai.tv/aac_gbfm103/playlist.m3u8,reachable,200,application/vnd.apple.mpegurl,application/vnd.apple.mpegurl,2026-01-15T08:42:10Z,http://www.huaihai.tv/
537,04e7e3b1-6632-4664-882c-e68cfbce03b9,开封综合广播,Honan,information,chinese,MP3,0,13,https://lhttp-hw.qtfm.cn/live/5022653/64k.mp3,reachable,200,audio/mpeg,audio/mpeg,2026-01-15T04:44:02Z,https://www.kftv.net.cn/
538,bb39009d-6bd3-463f-acfc-1935c5c6d14b,云南交通之声,Yunnan,traffic information,chinese,MP3,0,13,https://lhttp-hw.qtfm.cn/live/1928/64k.mp3,reachable,200,audio/mpeg,audio/mpeg,2026-01-15T02:17:46Z,https://www.yntv.cn/ygw.html
539,a9b59eaf-60b5-4d03-8bfd-83703f537337,吉林交通广播,jilin,traffic,chinese,UNKNOWN,0,13,https://live-jlr.jlntv.cn/live/fm1038.m3u8,reachable,200,application/vnd.apple.mpegurl,application/vnd.apple.mpegurl,2026-01-15T07:25:31Z,https://www.jlntv.cn/index
540,45241a46-ec21-4f0d-998d-4b4fb82f7313,青海经济广播,Tsinghai,"economics,information,music",chinese,MP3,0,13,https://lhttp-hw.qtfm.cn/live/5008/64k.mp3,reachable,200,audio/mpeg,audio/mpeg,2026-01-15T04:51:21Z,http://www.qhbtv.com/
541,309fcf0f-839d-4afe-828b-7e8600d72075,赣榆综合广播,Kiangsu,full service,chinese,MP3,0,13,https://lhttp-hw.qtfm.cn/live/20500216/64k.mp3,reachable,200,audio/mpeg,audio/mpeg,2026-01-15T05:14:22Z,http://www.gyxw.com/
542,e73e307c-f4e0-402b-8071-dfba950477c5,成都交通文艺广播,Szechuan,news,chinese,MP3,0,13,https://lhttp-hw.qtfm.cn/live/4891/64k.mp3,reachable,200,audio/mpeg,audio/mpeg,2026-02-11T07:58:49Z,https://www.cditv.cn/
543,09aef124-b3f8-4533-925a-478f79f660c1,内蒙古蒙语广播,Inner Mongolia,full service,mongolian,MP3,0,13,https://lhttp-hw.qtfm.cn/live/1882/64k.mp3,reachable,200,audio/mpeg,audio/mpeg,2026-01-15T01:11:29Z,https://www.nmtv.cn/
544,202890b4-7b09-4d90-86e2-3824bced8d54,大连新闻综合广播,Dalian,news,chinese,MP3,0,13,https://lhttp-hw.qtfm.cn/live/1089/64k.mp3,reachable,200,audio/mpeg,audio/mpeg,2026-01-15T07:12:24Z,http://www.dltv.cn/
545,e5c968e5-6603-46fb-bd53-127c7788a831,宜昌新闻综合广播,,information,chinese,UNKNOWN,0,14,https://liveplay.ycrmt.cn/fm/xwt.m3u8,reachable,200,application/x-mpegURL,application/x-mpegURL,2026-01-15T03:09:18Z,https://www.cn3x.com.cn/index.html
546,ee36e296-1f6a-4fc8-99b9-db555b9dd3d0,兴仁广播,Kweichow,information,chinese,MP3,0,14,https://lhttp-hw.qtfm.cn/live/20500077/64k.mp3,reachable,200,audio/mpeg,audio/mpeg,2026-01-15T08:22:03Z,https://mp.weixin.qq.com/s?__biz=MzAxNjU3Nzg5OQ==&mid=2650305496&idx=1&sn=9127809d86bd19e0481bba591e851dc4&chksm=82c18dccfe932078d1f85568da318d81ac13aad704945c01032833ef8696e0e64177ad7001e9&scene=27
547,5f85d361-553b-474a-8c37-bd11ab4e49ce,兵团之声,Sinkiang,full service,chinese,UNKNOWN,0,14,https://live.ximalaya.com/radio-first-page-app/live/1838/64.m3u8?transcode=ts,reachable,200,application/vnd.apple.mpegurl,application/vnd.apple.mpegurl,2026-05-07T03:04:41Z,https://www.btzx.com.cn/
548,c26c80cb-2d49-4507-8b05-16b13c09524f,赤峰综合广播,Inner Mongolia,full service,chinese,MP3,0,14,https://lhttp-hw.qtfm.cn/live/1896/64k.mp3,reachable,200,audio/mpeg,audio/mpeg,2026-01-15T01:38:48Z,https://www.hncj.com/sjrj/79227.html
549,f015058a-a7ed-4204-bbfd-ff90aaa57527,淄川广播电视台,,information,chinese,MP3,0,14,https://lhttp-hw.qtfm.cn/live/20211598/64k.mp3,reachable,200,audio/mpeg,audio/mpeg,2026-01-15T00:47:34Z,https://www.qtfm.cn/radios/20211598
550,11d0ef3d-56ad-4951-9f5a-7655ea69d0bc,固安县融媒体中心综合广播 FM107.9,,"107.9,107.9 fm,classic hits,music,oldies",chinese,MP3,0,14,https://lhttp-hw.qtfm.cn/live/20500225/64k.mp3,reachable,200,audio/mpeg,audio/mpeg,2026-01-15T05:50:37Z,https://www.guan.gov.cn/
551,f198fb0d-f53d-48a1-a063-71da31f6a4f4,石嘴山综合广播,Ningsia,information,chinese,MP3,0,14,https://lhttp-hw.qtfm.cn/live/5022563/64k.mp3,reachable,200,audio/mpeg,audio/mpeg,2026-01-15T07:03:15Z,https://www.szsnews.com/
552,492ad3db-fab0-497d-93e8-3815b0f6870d,淄博综合广播（FM89）,,news,chinese,MP3,0,14,https://lhttp-hw.qtfm.cn/live/1678/64k.mp3,reachable,200,audio/mpeg,audio/mpeg,2026-01-15T04:28:20Z,https://www.cbbn.net/
553,017987cf-b885-4fbf-a03e-b0f673d4ec9b,三门峡交通文艺广播,,,chinese,MP3,0,14,https://stream.zeno.fm/cmbjv6tml6fuv,unreachable,,,连接失败: timed out,2026-01-15T04:36:25Z,http://pic.qingting.fm/2019/0121/2019012113131263.jpg
554,a7042e4d-d4f9-4ef9-9123-ed715c3a79df,西藏汉语广播,,full service,chinese,UNKNOWN,0,14,http://satellitepull.cnr.cn/live/wxxzhygb/playlist.m3u8?wsSession=d8b4488aebb72eb396f72a83-174700937926481&wsIPSercert=5bb043949891952939522be8c9bd5410,reachable,200,application/x-mpegurl,application/x-mpegurl,2026-01-15T06:33:47Z,http://www.vtibet.cn/
555,5305f0c9-d366-4105-8bf1-6490925ccf4b,平潭综合广播FM98.5音乐艺术调频,,"classic hits,culture,information,music,news,oldies",chinese,UNKNOWN,0,14,http://live.ximalaya.com/radio-first-page-app/live/2828/64.m3u8,reachable,200,application/vnd.apple.mpegurl,application/vnd.apple.mpegurl,2026-01-15T04:25:41Z,https://weibo.com/u/3199150960?tabtype=
556,b0529003-6761-4653-9d87-574dc8b10d0d,AsiaFM安岳综合广播,Szechuan,"information,music,pop",chinese,MP3,0,14,https://lhttp-hw.qtfm.cn/live/5022417/64k.mp3,reachable,200,audio/mpeg,audio/mpeg,2026-01-15T04:06:37Z,https://www.anyue.gov.cn/
557,f41619a1-3501-4854-80f4-f5e80aec2848,江西文艺音乐广播,,music,chinese,UNKNOWN,0,14,http://live.ximalaya.com/radio-first-page-app/live/608/64.m3u8,reachable,200,application/vnd.apple.mpegurl,application/vnd.apple.mpegurl,2026-01-15T03:48:14Z,https://www.jxntv.cn/?mnlhl=16821
558,897b612a-667b-4a0e-a3b4-9e71f958496b,蚌埠交通文艺广播,,entertainment,chinese,UNKNOWN,0,14,http://live.ximalaya.com/radio-first-page-app/live/151/64.m3u8,reachable,200,application/vnd.apple.mpegurl,application/vnd.apple.mpegurl,2026-01-15T08:22:03Z,https://www.weibo.com/u/3707142207
559,1f924334-8c58-4d90-98dc-bc7079d3fec3,云南交通之声,,traffic information,chinese,AAC,128,14,https://gbw.ynradio.cn/radio/jtgb.stream/playlist.m3u8,reachable,200,application/vnd.apple.mpegurl,application/vnd.apple.mpegurl,2026-01-15T08:22:40Z,https://www.ynradio.cn/
560,8e4e5c5d-2aac-4a3c-9cea-10b56ad644f8,合肥文艺广播,,"hits,music,pop",chinese,MP3,0,14,https://lhttp-hw.qtfm.cn/live/1975/64k.mp3,reachable,200,audio/mpeg,audio/mpeg,2026-01-15T07:01:02Z,https://www.hfbtv.com/home/index
561,7ee6d2fb-09e9-4021-892c-21e4ff227402,兴宁电台,Kwangtung,,chinese,MP3,0,14,https://lhttp-hw.qtfm.cn/live/20500218/64k.mp3,reachable,200,audio/mpeg,audio/mpeg,2026-01-14T23:45:01Z,https://www.xingning.gov.cn/zfjg/xnsgbdst/
562,5635a022-0131-4661-b29f-d119f190ec51,黑龙江老年·少儿广播,,family,chinese,MP3,0,14,https://lhttp-hw.qtfm.cn/live/4972/64k.mp3,reachable,200,audio/mpeg,audio/mpeg,2026-01-14T23:41:04Z,https://www.hljtv.com/
563,00dd750e-afcb-464b-b4aa-2af26e03b6e3,黔西南综合广播,,information,chinese,MP3,0,14,https://lhttp-hw.qtfm.cn/live/5045/64k.mp3,reachable,200,audio/mpeg,audio/mpeg,2026-01-15T08:11:43Z,http://www.qxndt.com/
564,3cca8ec6-b357-43ad-bf30-d9c4aeabe510,云南民族广播,,information,"dai language,lisu",AAC,128,14,https://gbw.ynradio.cn/radio/mzgb.stream/playlist.m3u8,reachable,200,application/vnd.apple.mpegurl,application/vnd.apple.mpegurl,2026-01-14T22:54:07Z,https://www.ynradio.cn/
565,4c48f89d-f88c-41d0-8d7d-bd8f024b20fc,FM102.4 靖江广播电台（蜻蜓mp3线路）,Kiangsu,"music,oldies",chinese,MP3,0,14,https://lhttp-hw.qtfm.cn/live/15318120/64k.mp3,reachable,200,audio/mpeg,audio/mpeg,2026-01-14T23:44:15Z,http://www.jsjjw.cn/
566,4539cbe8-a66f-46d9-b494-e93b86a659dd,青海交通音乐卫星广播,Tsinghai,"music,traffic information",chinese,MP3,0,14,https://lhttp-hw.qtfm.cn/live/5009/64k.mp3,reachable,200,audio/mpeg,audio/mpeg,2026-01-15T05:00:15Z,http://www.qhbtv.com/
567,89950ef1-8b45-469c-b0e1-ce3d3650c074,东宁市广播电视台综合广播,Amur River,,chinese,MP3,0,15,https://lhttp-hw.qtfm.cn/live/20211653/64k.mp3,not_found,404,,HTTP 404,2026-01-15T05:22:21Z,https://www.qingting.fm/radios/20211653
568,abd5d9d1-42fe-43fd-bfcc-c31659747e17,沅江综合广播,Hunan,5g智慧电台,chinese,UNKNOWN,0,15,https://liveplay-srs.voc.com.cn/hls/broadcast/163_a8d90e.m3u8,reachable,200,application/vnd.apple.mpegurl,application/vnd.apple.mpegurl,2026-01-15T08:28:39Z,http://www.yjxww.cn/
569,5238cdfa-46b9-4422-a102-f7831c143dc9,龙岩综合广播,,information,chinese,MP3,0,15,https://lhttp-hw.qtfm.cn/live/20709/64k.mp3,reachable,200,audio/mpeg,audio/mpeg,2026-01-15T07:42:27Z,http://www.mxrb.cn/
570,7e27ac57-4dd5-4c39-9046-df0b16a1dfb5,芜湖交通经济广播,Anhwei,entertainment,chinese,MP3,0,15,https://lhttp-hw.qtfm.cn/live/5027/64k.mp3,reachable,200,audio/mpeg,audio/mpeg,2026-01-15T04:42:48Z,https://www.wuhubtv.com/
571,e020ecfa-6bc1-4ad3-acfd-740983a235b6,新疆汉语新闻广播,Beijing,"information,news",chinese,MP3,0,15,https://lhttp-hw.qtfm.cn/live/1902/64k.mp3,reachable,200,audio/mpeg,audio/mpeg,2026-01-14T23:41:54Z,https://www.xjtvs.com.cn/
572,01cc63d7-29f0-47c5-9893-8ee06079e30c,Abdulbasit Abdulsamad,,,arabic,AAC,64,15,https://radio.mp3islam.com/listen/abdulbasit/radio.mp3,reachable,200,audio/aac,audio/aac,2026-01-15T04:34:41Z,https://mp3islam.com/
573,6af87b3e-70e5-4170-a0ce-2378669c7b6b,士兵突击FM,,music,chinese,MP3,0,15,https://stream.zeno.fm/vs4zinqldp2vv,unreachable,,,连接失败: timed out,2026-01-14T23:32:03Z,https://zeno.fm/radio/shibing/
574,bdf302f2-e009-4aad-b6ce-166072d519f2,每日经济新闻AI电视,,"economic news,economics",chinese,UNKNOWN,0,15,https://swiftplay.hxkjmedia.com/tv/spbW.m3u8,reachable,200,application/x-mpegURL,application/x-mpegURL,2026-07-10T02:32:04Z,https://www.nbd.com.cn/corp/AiTv/index.html
575,4fbbb1e5-536d-4aaa-a3b8-333f7128437f,丹阳市融媒体中心综合广播 FM97.9 丹阳之声,Kiangsu,full service,chinese,MP3,0,16,https://lhttp-hw.qtfm.cn/live/20207749/64k.mp3,reachable,200,audio/mpeg,audio/mpeg,2026-01-15T00:20:51Z,https://www.dy001.cn/
576,6a9d434b-0b70-4da0-bfd4-0461fc86a9bb,Bridge Radio - BEATS E.D.M. （2）,Dalian,"edm,electronic,music",english,AAC+,192,16,https://streaming.live365.com/a19203_2,unreachable,,,连接失败: _ssl.c:1015: The handshake operation timed out,2026-01-15T02:47:38Z,https://new.brg-radio.com/
577,349a71c7-2ed9-4f83-b3a0-297590f0052d,邢台交通音乐广播,Hopei,traffic information,chinese,UNKNOWN,0,16,https://jwcdnqx.hebyun.com.cn/live/xtjtyygb/1500k/tzwj_video.m3u8,reachable,200,application/vnd.apple.mpegurl,application/vnd.apple.mpegurl,2026-01-15T04:36:25Z,https://www.xttv.com.cn/
578,20fded35-e40a-4166-84e9-6c4ef2deca0a,安阳市广播电视台交通广播,,traffic information,chinese,MP3,0,16,https://lhttp-hw.qtfm.cn/live/2138/64k.mp3,reachable,200,audio/mpeg,audio/mpeg,2026-01-15T02:25:18Z,https://www.aynews.net.cn/
579,d612e359-5142-496f-a737-f069796c6655,楚雄综合广播,,full service,chinese,MP3,0,16,https://lhttp-hw.qtfm.cn/live/4030/64k.mp3,reachable,200,audio/mpeg,audio/mpeg,2026-01-15T01:41:29Z,https://www.chuxiong.cn/
580,058ed58f-e1e8-4dad-bdb0-904b62862eb3,东莞阳光1008,,,chinese,UNKNOWN,0,16,https://stream.sun0769.com/dgrtv1/mp4tv10/index.m3u8?channel=1&t=1768649559&ttl=3600&key=df76a29809948793e0b4642b3e4cd26d,reachable,200,application/vnd.apple.mpegurl,application/vnd.apple.mpegurl,2026-01-17T11:36:19Z,https://dgrtv.sun0769.com/index.php/online2/1
581,6a191c86-8993-4788-86de-2bcdb89e9c72,阿克苏维语综合广播,Sinkiang,information,uyghur,MP3,0,16,https://lhttp-hw.qtfm.cn/live/15318551/64k.mp3,reachable,200,audio/mpeg,audio/mpeg,2026-01-14T22:54:45Z,https://www.qtfm.cn/radios/15318551
582,4061c17a-e6c4-4396-9633-c211c85746df,CNR-11 བོད་སྐད་རླུང་འཕྲིན་ལས།,,full service,tibetan,UNKNOWN,0,16,http://satellitepull.cnr.cn/live/wxzygb/playlist.m3u8?wsSession=d966c1f28016a758d88ba0c2-174726593981287&wsIPSercert=29f90b67755e3a4646651f7aa8eb5fd6,reachable,200,application/x-mpegurl,application/x-mpegurl,2026-01-15T00:20:02Z,http://www.tibetcnr.com/
583,f1e0741e-99f5-431d-b963-f69ee2e49aad,河北综合广播 高清,,full service,chinese,UNKNOWN,0,16,https://satellitepull.cnr.cn/live/wxhebzhgb/playlist.m3u8?wsSession=d966c1f28016a758d88ba0c2-174814184394876&wsIPSercert=302e928c9e06924943d63c021170d763,reachable,200,application/x-mpegurl,application/x-mpegurl,2026-01-15T08:22:41Z,https://www.hebtv.com/
584,5d50680b-4166-4fa7-b972-385efaef8c24,潍坊音乐文旅广播,Shantung,music,chinese,MP3,0,16,https://lhttp-hw.qtfm.cn/live/15318631/64k.mp3,reachable,200,audio/mpeg,audio/mpeg,2026-01-15T06:57:09Z,http://www.wfcmw.cn/
585,c558df7d-9440-4993-a0c5-c0cdaf7aa986,潮州综合广播,Kwangtung,full service,"chaoshan dialect,chinese,teochew",MP3,0,16,https://lhttp.qingting.fm/live/4596/64k.mp3,reachable,200,audio/mpeg,audio/mpeg,2026-01-20T07:22:56Z,https://www.czbtv.com/
586,5b8288c7-f2f2-4836-a1ea-9d5e44b41799,新疆汉语综合广播,Beijing,full service,chinese,UNKNOWN,0,16,http://satellitepull.cnr.cn/live/wxxjlsgb/playlist.m3u8?wsSession=5047841c34cc76f1a161d1fe-174717812676938&wsIPSercert=29f90b67755e3a4646651f7aa8eb5fd6,reachable,200,application/x-mpegurl,application/x-mpegurl,2026-01-15T02:03:07Z,https://www.xjtvs.com.cn/
587,5096c0c3-97f8-4c6e-acaf-b4e2f64f6c53,成都经济广播,,"entertainment,lifestyle",chinese,MP3,0,16,https://lhttp-hw.qtfm.cn/live/1121/64k.mp3,reachable,200,audio/mpeg,audio/mpeg,2026-01-15T03:59:30Z,https://www.cditv.cn/
588,998cebbd-3116-4bbe-a24f-46e5c099e1ca,滕州广播电视台,,full service,chinese,MP3,0,16,https://lhttp-hw.qtfm.cn/live/5022611/64k.mp3,reachable,200,audio/mpeg,audio/mpeg,2026-01-15T00:51:12Z,http://tengzhou.dzwww.com/
589,64e2ba33-38a5-4c01-bc61-a77d85c09bbd,黑龙江朝语广播,Amur River,full service,korean,UNKNOWN,0,16,https://satellitepull.cnr.cn/live/wx32hljcygb/playlist.m3u8?wsSession=a919bd0baf31a1a6f3966f08-174778330216034&wsIPSercert=2683acdad9e689f89519c7ec3f7e218b,reachable,200,application/x-mpegurl,application/x-mpegurl,2026-01-15T07:52:50Z,https://www.hljtv.com/
590,56c0d62d-7fd1-4fb8-a75a-89c5ff4b90a2,CGTN Radio Français,,international,franch,UNKNOWN,0,16,https://sk.cri.cn/frenchafrica.m3u8,reachable,200,application/vnd.apple.mpegurl,application/vnd.apple.mpegurl,2026-04-07T03:23:12Z,http://french.cri.cn/home
591,1872e1dd-bace-4e5d-b09b-7fb27cbf9af7,济南交通广播,,,,MP3,0,16,https://lhttp.qingting.fm/live/1669/64k.mp3,reachable,200,audio/mpeg,audio/mpeg,2026-01-14T22:54:06Z,http://jnradio.ijntv.cn/fm1031/
592,8b6a9237-6669-4a2b-968f-3a65c9dc99b4,周口交通广播,Honan,"89.3,89.3 fm,music",chinese,MP3,0,16,https://lhttp-hw.qtfm.cn/live/15318700/64k.mp3,reachable,200,audio/mpeg,audio/mpeg,2026-01-15T06:35:43Z,http://www.zkxww.com/
593,a667806d-517c-45a5-a771-ab80eb695810,卫辉综合广播 动听925,Honan,"entertainment,music,oldies",chinese,MP3,0,16,https://lhttp-hw.qtfm.cn/live/20500152/64k.mp3,reachable,200,audio/mpeg,audio/mpeg,2026-01-15T04:53:32Z,http://weixin.qq.com/r/ii0mPl3EHgBhrRld93iY
594,d2037a14-d47b-4052-ac94-1d4bb33ff707,遂昌综合广播,Chekiang,public radio,chinese,UNKNOWN,0,16,http://l.cztvcloud.com/channels/lantian/SXsuichangaud/128k.m3u8,reachable,200,application/x-mpegURL,application/x-mpegURL,2026-01-15T02:07:59Z,http://scnews.zjol.com.cn/
595,278e9573-566f-4b77-8713-8591f79cf768,幸福956 大连新城乡广播,,"family,lifestyle",chinese,UNKNOWN,0,17,http://ls.qingting.fm/live/1089.m3u8,reachable,200,application/vnd.apple.mpegurl,application/vnd.apple.mpegurl,2026-01-15T02:49:44Z,http://www.dltv.cn/channel/xcxgb/index.shtml
596,48c485bc-c617-47cf-bb50-42c7142441f1,邢台爱在104（沙河市融媒体中心）,Hopei,entertainment,chinese,MP3,0,17,https://lhttp-hw.qtfm.cn/live/5022484/64k.mp3,reachable,200,audio/mpeg,audio/mpeg,2026-01-15T00:15:22Z,http://www.shaheshi.gov.cn/info/bmzb.jsp?orgid=323&code=71
597,b1496878-381c-4c1c-8d06-96020711d8f1,肃州广播电视台FM106.6,Kansu,information,chinese,MP3,0,17,https://lhttp-hw.qtfm.cn/live/15318602/64k.mp3,reachable,200,audio/mpeg,audio/mpeg,2026-01-15T08:22:03Z,https://www.qingting.fm/radios/15318602
598,61ae33ff-3801-46fd-9e92-e231e73b7ce9,安徽生活广播 高清,,full service,chinese,UNKNOWN,0,17,http://satellitepull.cnr.cn/live/wxahshgb/playlist.m3u8?wsSession=5047841c34cc76f1a161d1fe-174830227253764&wsIPSercert=cd39a342afce39d82188ebae3a31d1b8,reachable,200,application/x-mpegurl,application/x-mpegurl,2026-01-15T00:12:47Z,https://www.ahtv.cn/
599,7139618c-cd84-4c23-b2e3-b909d437a31c,商丘交通广播,,news,chinese,MP3,0,17,https://lhttp.qingting.fm/live/5021932/64k.mp3,reachable,200,audio/mpeg,audio/mpeg,2026-01-15T07:26:24Z,http://zhibo.sqrtv.com/live/pc/index?liveId=187521&shareuid=0
600,e69db25e-2048-4cd1-91fc-770280a9e1c6,诏安广播电视台综合广播,Fukien,5g智慧电台,chinese,MP3,0,17,https://lhttp-hw.qtfm.cn/live/20500186/64k.mp3,reachable,200,audio/mpeg,audio/mpeg,2026-01-15T03:05:15Z,https://www.qtfm.cn/radios/20500186
601,a7ef0a01-a5b7-448f-9ad5-a2d0e706bb6d,吉林新闻综合广播,jilin,"information,news",chinese,UNKNOWN,0,17,https://live-jlr.jlntv.cn//live/am738.m3u8,reachable,200,application/vnd.apple.mpegurl,application/vnd.apple.mpegurl,2026-01-15T02:25:53Z,https://www.jlntv.cn/index
602,490e56a8-e9b3-4f31-a37f-9b5423ec02b1,芜湖综合广播,Anhwei,full service,chinese,MP3,0,17,https://lhttp-hw.qtfm.cn/live/5029/64k.mp3,reachable,200,audio/mpeg,audio/mpeg,2026-01-15T06:13:09Z,https://www.wuhubtv.com/
603,e0d70b08-c9a1-435f-92ff-e39010b09641,潮州戏曲广播,Kwangtung,traditional opera,"chaoshan dialect,chinese,teochew",MP3,0,17,https://lhttp.qingting.fm/live/4595/64k.mp3,reachable,200,audio/mpeg,audio/mpeg,2026-01-20T07:49:09Z,https://www.czbtv.com/
604,c2be51dd-5862-479f-81dc-ee4e38d86f91,FM105平阳电台,Chekiang,full service,chinese,MP3,0,17,https://lhttp-hw.qtfm.cn/live/5022624/64k.mp3,reachable,200,audio/mpeg,audio/mpeg,2026-01-15T02:15:14Z,http://www.pingyang.cn/
605,bfb6999e-85e4-43c3-bc56-2143e69b9ed2,大理市电台苍洱调频,Yunnan,culture,chinese,MP3,0,17,https://lhttp-hw.qtfm.cn/live/1940/64k.mp3,reachable,200,audio/mpeg,audio/mpeg,2026-01-15T00:02:44Z,http://wlzb.dalitv.net/live/pc/index?liveId=234246175&shareuid=0
606,8462ac96-6db6-43f8-98d1-4571041942ee,咸阳综合广播,,"information,news",chinese,UNKNOWN,2560,17,http://hplayer1.juyun.tv/tv/29379189.m3u8,reachable,200,application/vnd.apple.mpegurl,application/vnd.apple.mpegurl,2026-01-15T01:13:18Z,http://www.xybtv.com/
607,8c3ad7aa-a6dd-4047-a927-3293e9e1ea2e,广东珠江经济台,Kwangtung,"economics,economy",cantonese,MP3,0,17,https://lhttp.qtfm.cn/live/1259/64k.mp3,reachable,200,audio/mpeg,audio/mpeg,2026-02-24T06:23:22Z,https://m.gdtv.cn/
608,c086914c-9c84-4542-b335-1042a84bdbfb,威海综合广播FM105.1 FM107.3 AM1206,Shantung,,chinese,MP3,0,17,https://lhttp-hw.qtfm.cn/live/20669/64k.mp3,reachable,200,audio/mpeg,audio/mpeg,2026-01-15T07:25:32Z,http://www.weihai.tv/
609,86338d1a-460f-4a63-ac88-615ead01565d,镇雄新闻综合广播,Yunnan,,chinese,MP3,0,17,https://lhttp-hw.qtfm.cn/live/20210752/64k.mp3,reachable,200,audio/mpeg,audio/mpeg,2026-01-15T00:15:22Z,https://www.ynzxnews.cn/
610,b79ae4c4-27ad-4cca-9463-2d419ce3a383,安徽交通广播,,,chinese,UNKNOWN,221,17,http://satellitepull.cnr.cn/live/wxahjtgb/playlist.m3u8,reachable,200,application/x-mpegurl,application/x-mpegurl,2026-01-15T03:14:10Z,http://www.ahrtv.cn/
611,bb578af4-43f7-41db-94d6-37397ad7b0ad,东方购物,Shanghai,,chinese,UNKNOWN,1019,17,http://ocj2.kksmg.com/ocj2/ocj2.m3u8,reachable,200,application/x-mpegurl,application/x-mpegurl,2026-01-15T05:05:13Z,http://www.ocj.com.cn/
612,59bf25b1-cb64-4d95-9259-8c33963e7322,动感调频FM94.3 沙湾人民广播电台综合广播,,"information,music",chinese,MP3,0,17,https://lhttp-hw.qtfm.cn/live/20500064/64k.mp3,not_found,404,,HTTP 404,2026-01-15T07:04:47Z,https://www.xjsw.gov.cn/
613,c05ff130-8e23-43fa-b44b-d9c4da056041,LOVE Radio,Shanghai Direct Administered Municipality,,,MP3,0,17,https://lhttp.qingting.fm/live/273/64k.mp3?app_id=web,reachable,200,audio/mpeg,audio/mpeg,2026-01-14T22:54:11Z,http://www.smg.cn/
614,617fe867-e08c-49c0-be2f-9526a34653c0,吉首综合广播飞扬101,Hunan,5g智慧电台,chinese,UNKNOWN,0,17,https://liveplay-srs.voc.com.cn/hls/broadcast/143_a544b7.m3u8,reachable,200,application/vnd.apple.mpegurl,application/vnd.apple.mpegurl,2026-01-14T23:51:52Z,https://www.jssxww.cn/
615,725490fc-afb7-4d62-933c-6ae0f465cb2a,宁海新闻综合广播 FM98.9,Chekiang,"entertainment,full service,game,games,information,music",chinese,MP3,0,18,https://lhttp-hw.qtfm.cn/live/5022406/64k.mp3,reachable,200,audio/mpeg,audio/mpeg,2026-01-15T08:14:13Z,http://nh.cnnb.com.cn/
616,355b80f7-d5bc-4a92-89f3-50055d7dc179,临淄广播·公信971,Shantung,"information,news,talk",chinese,MP3,0,18,https://lhttp-hw.qtfm.cn/live/20212204/64k.mp3,reachable,200,audio/mpeg,audio/mpeg,2026-01-15T01:08:58Z,https://m.liqucn.com/os/android/rj/1221514.wml
617,e88dbea3-16d7-4243-98f0-66c3af3844eb,磁县融媒综合广播,,full service,chinese,MP3,0,18,https://lhttp-hw.qtfm.cn/live/20500116/64k.mp3,reachable,200,audio/mpeg,audio/mpeg,2026-01-15T06:11:46Z,http://www.zysbs.cn/zhoubian/cixian/index_2.html
618,40bbbc86-95d6-4270-ab37-e7649652eea0,万盛融媒体中心综合广播,,information,chinese,MP3,0,18,https://lhttp-hw.qtfm.cn/live/15318480/64k.mp3,reachable,200,audio/mpeg,audio/mpeg,2026-01-15T04:41:12Z,https://wansheng.cbg.cn/
619,a5742d07-39b9-4927-be0c-07224b9a5aad,郫都综合广播·川味965,,music,chinese,MP3,0,18,https://lhttp-hw.qtfm.cn/live/20500159/64k.mp3,reachable,200,audio/mpeg,audio/mpeg,2026-01-15T00:26:30Z,http://www.pdrmtzx.com/
620,54f8ff9a-2183-4998-9a04-9e3c5a220c64,宜昌交通广播,,traffic information,chinese,UNKNOWN,0,18,https://liveplay.ycrmt.cn/fm/jtt.m3u8,reachable,200,application/x-mpegURL,application/x-mpegURL,2026-01-15T04:09:15Z,https://www.cn3x.com.cn/index.html
621,5302dc2f-44ee-4511-9600-e9d0d7e05dce,抚州新闻综合广播,,news,chinese,MP3,0,18,https://lhttp-hw.qtfm.cn/live/20500226/64k.mp3,reachable,200,audio/mpeg,audio/mpeg,2026-01-14T23:22:35Z,https://www.zgfznews.com/
622,3678862d-fcbf-4d9f-bf0e-b7a92b1ad7f7,沧州综合广播,Hopei,,chinese,MP3,0,18,https://lhttp-hw.qtfm.cn/live/5021901/64k.mp3,reachable,200,audio/mpeg,audio/mpeg,2026-01-15T02:29:06Z,https://www.qingting.fm/radios/5022536
623,3e57bf78-1314-4dce-867c-f8813b64dbdd,佛冈电台,,"98.0,music",chinese,MP3,0,18,https://lhttp-hw.qtfm.cn/live/15318379/64k.mp3,reachable,200,audio/mpeg,audio/mpeg,2026-01-14T23:41:54Z,https://www.qtfm.cn/radios/15318379
624,fd73ab92-a100-4291-b152-8a9eb8088d83,FM104.1北岳之声 浑源人民广播电台,,"music,oldies",chinese,MP3,0,18,https://lhttp-hw.qtfm.cn/live/20212209/64k.mp3,reachable,200,audio/mpeg,audio/mpeg,2026-01-15T00:51:12Z,http://www.hunyuan.gov.cn/hyxrmzfz/xwzx/ywzx.shtml
625,80f64cb1-d566-4e97-8f78-c2b4a83b2d7b,固安综合广播 1079音乐有话说,Beijing,"107.9,107.9 fm,music",chinese,MP3,0,18,https://lhttp-hw.qtfm.cn/live/20211619/64k.mp3,reachable,200,audio/mpeg,audio/mpeg,2026-01-15T01:56:33Z,https://www.guan.gov.cn/
626,816fb528-89cd-4472-8e01-b0de77d57252,桓仁电台,Liaoning,,chinese,MP3,0,18,https://lhttp-hw.qtfm.cn/live/5022699/64k.mp3,reachable,200,audio/mpeg,audio/mpeg,2026-01-15T03:20:40Z,http://www.hr.gov.cn/xwzx/hrxw
627,c0026cc9-d2af-4640-a8ef-7e916dfa63df,张家口综合广播,,,chinese,MP3,0,18,https://lhttp-hw.qtfm.cn/live/15318285/64k.mp3,reachable,200,audio/mpeg,audio/mpeg,2026-01-14T23:58:18Z,https://www.zjkgdcs.com/
628,f298d40f-61ac-4dfe-875b-bf0b3a3037c3,河北卫视伴音,,tv,chinese,UNKNOWN,0,18,https://piccpndali.v.myalicdn.com/audio/hebei_2.m3u8,reachable,200,application/x-mpegURL,application/x-mpegURL,2026-02-10T10:01:13Z,https://www.hebtv.com/
629,5cbea812-27f1-4e4a-b84a-d079b5f962aa,枣强综合广播 年代995,,"99.5,99.5 fm,classic hits,music,oldies",chinese,MP3,0,18,https://lhttp-hw.qtfm.cn/live/20500202/64k.mp3,reachable,200,audio/mpeg,audio/mpeg,2026-01-15T05:15:03Z,http://www.hspeace.gov.cn/zqx/zqxw/
630,f1a9186a-c686-4691-a47f-20783c8536ca,新疆音乐广播,Sinkiang,"electronic,music,pop,rock",chinese,UNKNOWN,0,18,https://live.ximalaya.com/radio-first-page-app/live/1364/64.m3u8?transcode=ts,reachable,200,application/vnd.apple.mpegurl,application/vnd.apple.mpegurl,2026-01-14T23:29:03Z,https://www.xjtvs.com.cn/
631,684b2d82-f6e3-4bd6-add8-9d153f9e1ce3,河源综合广播,,full service,chinese,UNKNOWN,8,18,https://tmpstream.hyrtv.cn/zhgb/playlist.m3u8,reachable,200,application/vnd.apple.mpegurl,application/vnd.apple.mpegurl,2026-01-15T01:56:33Z,https://www.hyrtv.cn/
632,f117e4cc-6ae6-4093-817e-ce4c526158c4,云南音乐广播,,music,chinese,AAC,128,18,https://gbw.ynradio.cn/radio/yygb.stream/playlist.m3u8,reachable,200,application/vnd.apple.mpegurl,application/vnd.apple.mpegurl,2026-01-15T04:31:27Z,https://www.ynradio.cn/
633,183c03ce-2f2f-4908-8783-90be6b817284,周口综合广播,Honan,"96.0,96.0 fm,entertainment,information,music,news,pop,talk",chinese,MP3,0,18,https://lhttp.qtfm.cn/live/20212215/64k.mp3,reachable,200,audio/mpeg,audio/mpeg,2026-01-15T00:28:14Z,http://www.zkxww.com/
634,4bb0e5c1-f388-44de-8c62-8de092c0177c,FM101仙居融媒体广播,Chekiang,,chinese,MP3,0,18,https://lhttp-hw.qtfm.cn/live/5021908/64k.mp3,reachable,200,audio/mpeg,audio/mpeg,2026-01-15T07:31:29Z,https://www.rjxj.com.cn/
635,95e8dce1-547d-4dcf-b6e8-b1c38f0a2422,京哈高速沿线广播,,,,MP3,0,18,https://lhttp-hw.qtfm.cn/live/5022520/64k.mp3,reachable,200,audio/mpeg,audio/mpeg,2026-01-14T22:54:07Z,https://lhttp-hw.qtfm.cn/live/5022520/64k.mp3
636,dbb48d25-64fb-4d78-97d9-0e27147bfdb8,濮阳县FM1053快乐调频,,,chinese,MP3,0,19,https://lhttp-hw.qtfm.cn/live/20206/64k.mp3,reachable,200,audio/mpeg,audio/mpeg,2026-01-15T01:38:48Z,https://www.qtfm.cn/radios/20206
637,7e94e240-6f36-4a8e-aa6e-79b022c69710,辉南综合广播,jilin,"full service,information",chinese,MP3,0,19,https://lhttp-hw.qtfm.cn/live/20211566/64k.mp3,reachable,200,audio/mpeg,audio/mpeg,2026-01-15T05:58:02Z,https://www.qtfm.cn/radios/20211566/
638,af619d33-165e-470d-a543-0d235ec9fcb4,通辽汉语综合广播,,full service,chinese,UNKNOWN,0,19,https://video.tongliaowang.com:2443/live/cid2.m3u8,reachable,200,text/plain; charset=utf-8,text/plain; charset=utf-8,2026-01-15T04:45:19Z,https://m.liqucn.com/os/android/rj/76673.wml
639,6bbca155-c367-4f1f-8f80-47b5aa6d9a4e,龙泉驿区龙泉人民广播电台,Szechuan,"93.3,93.3 fm,information",chinese,MP3,0,19,https://lhttp.qingting.fm/live/20207769/64k.mp3?app_id=web,reachable,200,audio/mpeg,audio/mpeg,2026-01-15T05:44:37Z,https://www.newslqy.com/
640,230cf80f-f717-4b5d-9d73-391552fbdb55,河北生活广播 高清,,full service,chinese,UNKNOWN,0,19,https://satellitepull.cnr.cn/live/wxhebshgb/playlist.m3u8?wsSession=5047841c34cc76f1a161d1fe-174814204119356&wsIPSercert=302e928c9e06924943d63c021170d763,reachable,200,application/x-mpegurl,application/x-mpegurl,2026-01-15T01:09:32Z,https://www.hebtv.com/
641,41dc05fc-7be7-4231-bd73-5bc1e39e49cd,Tuk Tuk Radio,,,,MP3,64,19,https://stream.rcast.net/206887,forbidden,403,,HTTP 403,2026-01-14T22:54:07Z,https://radio.gawooni.games/
642,0a7fe6d4-2dd2-4162-a18b-79bf3b938162,咸阳音乐广播,,music,chinese,UNKNOWN,2560,19,https://hplayer1.juyun.tv/camera/63973146.m3u8,reachable,200,application/vnd.apple.mpegurl,application/vnd.apple.mpegurl,2026-01-14T23:28:27Z,http://www.xybtv.com/
643,1724473a-7e5d-44a1-8636-70fea1db5d0f,新疆汉语新闻广播,Beijing,"information,news",chinese,UNKNOWN,0,19,http://satellitepull.cnr.cn/live/wxxjxwgb/playlist.m3u8?wsSession=c650605f64c6488d38b66982-174717961694872&wsIPSercert=29f90b67755e3a4646651f7aa8eb5fd6,reachable,200,application/x-mpegurl,application/x-mpegurl,2026-01-15T00:42:51Z,http://www.cnr.cn/
644,78ed6f74-a4cf-4da4-b214-4bed9eb28375,安徽交通广播 高清,Anhwei,traffic information,chinese,UNKNOWN,0,19,http://satellitepull.cnr.cn/live/wxahjtgb/playlist.m3u8?wsSession=d966c1f28016a758d88ba0c2-174830326162340&wsIPSercert=cd39a342afce39d82188ebae3a31d1b8,reachable,200,application/x-mpegurl,application/x-mpegurl,2026-01-15T02:11:33Z,https://www.ahtv.cn/
645,27a76a54-ef2f-4d33-bb7b-bd37c40b6202,辽宁高速广播网,Liaoning,test,chinese,UNKNOWN,0,19,http://living.muzhifm.com/muzhifm/liaoning_switch_bj.m3u8?auth_key=1853376769-0-0-7a0c30952f06f850e64bd8ebe1eec9ce,reachable,200,application/vnd.apple.mpegurl,application/vnd.apple.mpegurl,2026-01-15T04:29:18Z,https://www.lnjttz.cn/
646,1161a62c-1f08-4b3d-ba3b-da4a3ad9a288,FM97 舟山交通音乐广播,Chekiang,"entertainment,music,pop,talk radio",chinese,MP3,0,19,https://lhttp.qingting.fm/live/1161/64k.mp3,reachable,200,audio/mpeg,audio/mpeg,2026-01-15T07:13:03Z,https://www.wifizs.cn/
647,9058df53-4db5-4cfa-9102-4254c3b0d00d,大连少儿广播 FM106.7,Dalian,,chinese,MP3,0,19,https://lhttp-hw.qtfm.cn/live/1084/64k.mp3,reachable,200,audio/mpeg,audio/mpeg,2026-01-15T01:13:18Z,http://www.dltv.cn/
648,96a41509-343d-4513-ba65-5ef423f225e4,威远综合广播,Szechuan,information,chinese,MP3,0,20,https://lhttp-hw.qtfm.cn/live/20500102/64k.mp3,reachable,200,audio/mpeg,audio/mpeg,2026-01-15T04:30:45Z,https://www.qingting.fm/radios/20500102
649,a50dadee-6186-4a36-8212-ac174b382841,HKI,Kiangsi,tourism,chinese,UNKNOWN,0,20,http://player4.juyun.tv/camera/158562106.m3u8,reachable,200,application/x-mpegURL,application/x-mpegURL,2026-07-17T15:35:23Z,https://www.hongkongitv.com/home_index
650,d9ab5134-1cdf-4f23-b39c-ad81d02eeca8,营口综合广播,,,chinese,UNKNOWN,0,20,http://live.ximalaya.com/radio-first-page-app/live/2861/64.m3u8,reachable,200,application/vnd.apple.mpegurl,application/vnd.apple.mpegurl,2026-01-15T08:48:40Z,https://www.ximalaya.com/radio/c210000/
651,ece74371-cbbb-416a-9bd8-b3628735bfeb,雅安广播电视台综合广播,,,chinese,UNKNOWN,0,20,http://iovliveplay.radio.cn/fm/1600000003331h.m3u8,reachable,200,application/vnd.apple.mpegurl,application/vnd.apple.mpegurl,2026-01-15T07:42:27Z,https://www.yaantv.com/home/
652,20e4fc1d-2b40-4859-941b-681a83abe196,河北经济广播 高清,,storytelling,chinese,UNKNOWN,0,20,https://satellitepull.cnr.cn/live/wxhebjjgb/playlist.m3u8?wsSession=a919bd0baf31a1a6f3966f08-174814197009714&wsIPSercert=302e928c9e06924943d63c021170d763,reachable,200,application/x-mpegurl,application/x-mpegurl,2026-01-14T23:51:52Z,https://www.hebtv.com/
653,c6870d2f-3e00-4632-8d1d-8ba6a2f1ccaa,扬州邗江广播FM96.7,Kiangsu,entertainment,chinese,MP3,0,20,https://lhttp-hw.qtfm.cn/live/20211632/64k.mp3,reachable,200,audio/mpeg,audio/mpeg,2026-01-15T04:42:48Z,http://www.96189.com/
654,9170032b-dbe7-4a35-a733-600b48947cc6,延边汉语新闻综合广播,jilin,information,chinese,MP3,0,20,https://lhttp-hw.qtfm.cn/live/5022488/64k.mp3,reachable,200,audio/mpeg,audio/mpeg,2026-01-15T07:08:10Z,https://www.yb983.com/
655,c7214173-7421-41fe-ae65-48682840431f,龙山综合广播龙凤之声,Hunan,"5g智慧电台,full service",chinese,UNKNOWN,0,20,https://liveplay-srs.voc.com.cn/hls/broadcast/146_80a15b.m3u8,reachable,200,application/vnd.apple.mpegurl,application/vnd.apple.mpegurl,2026-01-14T23:17:02Z,http://www.hnlstv.cn/
656,7f067c10-acc0-4f38-897b-a4b44a66b9e3,泗水广播电视台,Shantung,full service,chinese,UNKNOWN,0,20,http://live.ximalaya.com/radio-first-page-app/live/2775/64.m3u8,reachable,200,application/vnd.apple.mpegurl,application/vnd.apple.mpegurl,2026-01-15T02:17:08Z,http://www.sishui.gov.cn/col/col17481/index.html
657,4ff95bf5-4dec-40dc-990b-032e7976f318,广东新闻广播,Kwangtung,news,"cantonese,chinese",MP3,0,20,https://lhttp.qtfm.cn/live/1254/64k.mp3,reachable,200,audio/mpeg,audio/mpeg,2026-02-24T06:20:18Z,https://m.gdtv.cn/
658,da7285d3-7bef-4a3a-b1f6-3adc9b55172b,Nice Radio 永安广播电视台综合广播,,"information,music","chinese,hakka,hokkien",MP3,0,20,https://lhttp-hw.qtfm.cn/live/15318388/64k.mp3,reachable,200,audio/mpeg,audio/mpeg,2026-01-15T06:30:27Z,https://www.weibo.com/u/2523476812?refer_flag=1005055013_
659,f4b26a45-318d-4a6d-b3b2-fe7c9da61017,贵港综合广播/贵港金曲1019/FM101.9,,"music,oldies",chinese,MP3,0,20,https://lhttp-hw.qtfm.cn/live/20697/64k.mp3,reachable,200,audio/mpeg,audio/mpeg,2026-01-14T23:54:34Z,https://www.qtfm.cn/radiopage/239/2
660,f053017d-a7ea-44b8-98c8-547039348c20,徐州音乐广播,Kiangsu,music,chinese,UNKNOWN,64,20,http://stream3.huaihai.tv/aac_gbFM916/playlist.m3u8,reachable,200,application/vnd.apple.mpegurl,application/vnd.apple.mpegurl,2026-01-15T00:40:59Z,http://www.huaihai.tv/
661,77781199-f186-4254-9876-a37a66d0ce8f,黑龙江高校广播,,youth,chinese,MP3,0,20,https://lhttp-hw.qtfm.cn/live/4976/64k.mp3,reachable,200,audio/mpeg,audio/mpeg,2026-01-15T07:23:51Z,https://www.hljtv.com/
662,06128ffc-115e-49f8-a3cb-3d75f0e6b971,大理综合广播,Yunnan,,chinese,MP3,0,20,https://lhttp-hw.qtfm.cn/live/20207747/64k.mp3,reachable,200,audio/mpeg,audio/mpeg,2026-01-15T05:01:43Z,http://wlzb.dalitv.net/live/pc/index?liveId=234246175&shareuid=0
663,1874130b-be18-4613-a627-1a860c11cb36,阿拉善汉语综合广播,Inner Mongolia,information,chinese,MP3,0,20,https://lhttp-hw.qtfm.cn/live/5022521/64k.mp3?,reachable,200,audio/mpeg,audio/mpeg,2026-01-15T00:57:07Z,http://www.artv.net.cn/
664,5c63f9b5-c2b7-4667-808a-4599301e57a0,浦口综合广播,Kiangsu,"entertainment,music",chinese,UNKNOWN,0,20,http://live.xmcdn.com/live/2697/64.m3u8,reachable,200,application/vnd.apple.mpegurl,application/vnd.apple.mpegurl,2026-01-15T00:55:05Z,http://www.pukou.gov.cn/xwpd/spxw/
665,28582658-7b8a-4804-aac6-a28ce6496441,浦口综合广播,Kiangsu,entertainment,chinese,UNKNOWN,0,20,http://hls.njgb.com/live_hls/7/playlist.m3u8,reachable,200,application/x-mpegURL,application/x-mpegURL,2026-01-15T06:42:26Z,http://www.njgb.com/
666,06e6f159-0bab-4117-9d53-840759b12d22,嘉兴对农广播 FM88.2,Chekiang,,chinese,MP3,0,20,https://lhttp-hw.qtfm.cn/live/1136/64k.mp3,reachable,200,audio/mpeg,audio/mpeg,2026-01-15T06:54:30Z,https://www.cnjxol.com/
667,ffd28ae3-a6aa-4b8d-a37d-aa79b3301e93,大连都市之声,Dalian,"culture,entertainment,lifestyle",chinese,UNKNOWN,0,21,http://live.ximalaya.com/radio-first-page-app/live/2819/64.m3u8,reachable,200,application/vnd.apple.mpegurl,application/vnd.apple.mpegurl,2026-01-15T01:02:30Z,http://www.dltv.cn/channel/dsgb/
668,aa42fb46-6397-44e9-86bc-0491982d490c,宜昌音乐生活广播,,music,chinese,UNKNOWN,0,21,https://liveplay.ycrmt.cn/fm/qct.m3u8,reachable,200,application/x-mpegURL,application/x-mpegURL,2026-01-15T04:54:13Z,https://www.cn3x.com.cn/index.html
669,a5f56045-7f18-4154-b0f0-7e871a779495,滁州南谯之声 经典983电台,,oldies,chinese,MP3,0,21,https://lhttp-hw.qtfm.cn/live/20211575/64k.mp3,reachable,200,audio/mpeg,audio/mpeg,2026-01-15T05:17:36Z,http://szbk.chuzhou.cn/czrb/wap/layout/202106/30/node_A05.html
670,8dba140a-59f8-4caa-883e-104aaa87a0af,仁寿人民广播电台,Szechuan,music,chinese,MP3,0,21,https://lhttp-hw.qtfm.cn/live/5021453/64k.mp3,reachable,200,audio/mpeg,audio/mpeg,2026-01-15T03:00:48Z,https://www.qingting.fm/radios/5021453
671,f5f5e437-f677-47df-9be3-7e6010f7cc74,三台人民广播电台,Szechuan,,chinese,MP3,0,21,https://lhttp-hw.qtfm.cn/live/15318544/64k.mp3,reachable,200,audio/mpeg,audio/mpeg,2026-01-15T06:03:28Z,https://cbgc.scol.com.cn/channel_MTcwT
672,b8ca2adc-5848-4625-8d8b-c767c404204e,羊城交通电台,Kwangtung,traffic,cantonese,MP3,0,21,https://lhttp.qtfm.cn/live/1262/64k.mp3,reachable,200,audio/mpeg,audio/mpeg,2026-02-24T05:53:15Z,https://m.gdtv.cn/
673,527d5f6e-ba9c-45fa-8416-430e9390304c,湘潭新闻综合广播 私家车音乐广播FM88.2,Hunan,music,chinese,MP3,0,21,https://lhttp.qingting.fm/live/15318549/64k.mp3,reachable,200,audio/mpeg,audio/mpeg,2026-01-15T05:18:50Z,http://www.hnxttv.com/
674,2854479f-6ad7-483c-a564-fddd26b7eb34,景德镇综合广播,Kiangsi,"information,news",chinese,MP3,0,21,https://lhttp.qtfm.cn/live/5022025/64k.mp3,reachable,200,audio/mpeg,audio/mpeg,2026-01-15T08:36:02Z,https://www.jdztv.net/
675,4ca00934-0a38-4119-ae2b-16980bf3e415,徐州新闻综合广播,Kiangsu,news,chinese,UNKNOWN,64,21,http://stream3.huaihai.tv/aac_gbfm93/playlist.m3u8,reachable,200,application/vnd.apple.mpegurl,application/vnd.apple.mpegurl,2026-01-15T06:39:51Z,http://www.huaihai.tv/
676,8c864fe5-3ef8-49a7-b906-7b7959eda334,甘孜康巴藏语综合广播,Szechuan,,tibetan,UNKNOWN,0,21,https://m3u8channel.ganzitv.com/nmip-media/audiolive/audio100645/playlist.m3u8,reachable,200,application/vnd.apple.mpegurl,application/vnd.apple.mpegurl,2026-01-15T02:25:18Z,http://www.ganzitv.com/
677,2aa31384-57d3-4668-a493-2200a45f7b85,桃江电台,Hunan,entertainment,chinese,MP3,0,21,https://lhttp.qtfm.cn/live/20500086/64k.mp3,reachable,200,audio/mpeg,audio/mpeg,2026-01-15T03:38:47Z,https://www.taojiangnews.com/
678,b6996976-5d3e-46eb-8a59-4cd4ec85105f,高密广播电视台,Shantung,full service,chinese,MP3,0,21,https://lhttp.qtfm.cn/live/20212417/64k.mp3,reachable,200,audio/mpeg,audio/mpeg,2026-01-15T00:34:09Z,http://www.gaominews.com/
679,8cefb734-4de5-4fce-8611-d479592a0258,眉山综合广播,Szechuan,information,chinese,MP3,0,21,https://lhttp-hw.qtfm.cn/live/4027/64k.mp3,reachable,200,audio/mpeg,audio/mpeg,2026-01-15T01:07:32Z,http://www.scmstv.cn/
680,207c2b7f-d415-4a09-9a47-135ba347a1ab,CNR-17 قازاقشا راديو,,full service,kazakh,UNKNOWN,0,21,http://satellitepull.cnr.cn/live/wxhygb/playlist.m3u8?wsSession=5047841c34cc76f1a161d1fe-174726561703025&wsIPSercert=29f90b67755e3a4646651f7aa8eb5fd6,reachable,200,application/x-mpegurl,application/x-mpegurl,2026-01-15T03:34:16Z,http://www.kazakcnr.com/
681,a9bb7990-9dc6-43df-9d6e-04e03212f1a6,临沂音乐科教广播,Shantung,music,chinese,MP3,0,21,https://lhttp-hw.qtfm.cn/live/4017/64k.mp3,reachable,200,audio/mpeg,audio/mpeg,2026-01-14T23:42:51Z,https://www.ilinyi.net/
682,992f249a-049b-4f6e-abf7-7cc8e5146ee5,通榆综合广播,Jilin,"agriculture,news,public radio",chinese,UNKNOWN,76,21,http://stream7.jlntv.cn/tygb/playlist.m3u8,reachable,200,application/vnd.apple.mpegurl,application/vnd.apple.mpegurl,2026-01-15T07:58:24Z,http://www.tongyu.gov.cn/xwzx/jcdt1/
683,99a607d8-1605-41bc-9c3f-6bb427be6592,商丘综合广播,,news,chinese,MP3,0,22,https://lhttp-hw.qtfm.cn/live/5022443/64k.mp3,reachable,200,audio/mpeg,audio/mpeg,2026-01-15T08:16:49Z,http://zhibo.sqrtv.com/live/pc/index?liveId=187521&shareuid=0
684,d6814ac9-21b4-4751-a339-ab10c8eb2bba,陕西青少广播,,"music,oldies",chinese,UNKNOWN,0,22,http://live.ximalaya.com/radio-first-page-app/live/870/64.m3u8,reachable,200,application/vnd.apple.mpegurl,application/vnd.apple.mpegurl,2026-01-15T08:12:44Z,http://www.snrtv.com/
685,0fd3c9e6-4f56-4599-a25c-406be34283de,江西财经广播,,"music,shopping",chinese,UNKNOWN,0,22,http://live.ximalaya.com/radio-first-page-app/live/614/64.m3u8,reachable,200,application/vnd.apple.mpegurl,application/vnd.apple.mpegurl,2026-01-15T03:51:41Z,https://www.jxntv.cn/?mnlhl=16821
686,66aca013-4c40-4417-8a77-8b247d342f48,岳阳经济广播,Hunan,,chinese,MP3,0,22,https://lhttp-hw.qtfm.cn/live/5022391/64k.mp3,reachable,200,audio/mpeg,audio/mpeg,2026-01-15T07:20:35Z,https://www.0730news.com/
687,eed0783c-0ba5-4d1b-8e68-15238ad3b871,镇江交通广播,Kiangsu,,chinese,MP3,0,22,https://lhttp-hw.qtfm.cn/live/3985/64k.mp3,reachable,200,audio/mpeg,audio/mpeg,2026-01-14T23:24:33Z,https://www.zjmc.tv/
688,79c39964-7e15-4362-a91d-621b3b3af8c2,北海交通音乐广播 BTR FM99.1,,,chinese,MP3,0,22,https://lhttp.qtfm.cn/live/20211621/64k.mp3,reachable,200,audio/mpeg,audio/mpeg,2026-01-15T06:09:01Z,https://weibo.com/u/7466311698
689,d1ae2869-8d64-4d28-b138-9071a4d4a7bc,深圳宝安湾区之声,Kwangtung,"full service,local",chinese,UNKNOWN,0,22,https://live.ximalaya.com/radio-first-page-app/live/2912/64.m3u8?transcode=ts,reachable,200,application/vnd.apple.mpegurl,application/vnd.apple.mpegurl,2026-01-22T18:19:23Z,https://ibaoan.sznews.com/
690,b4108384-8272-4c4d-b302-4a11a7106d01,海南旅游广播,,"culture,music",chinese,MP3,0,22,https://lhttp.qtfm.cn/live/1862/64k.mp3,reachable,200,audio/mpeg,audio/mpeg,2026-01-15T01:55:39Z,http://www.hnntv.cn/
691,6b0ae03b-1aa9-4405-97f2-8a48af5a4209,阿克苏市融媒体中心综合广播,Sinkiang,entertainment,chinese,MP3,0,22,https://lhttp-hw.qtfm.cn/live/20500041/64k.mp3,reachable,200,audio/mpeg,audio/mpeg,2026-01-15T04:11:54Z,https://www.qtfm.cn/radios/20500041
692,6479eefc-6929-47c8-9bb8-28849b2978d1,春天的风,,好听,音乐,UNKNOWN,0,22,https://radio.pull.hebtv.com/live/hebxw.m3u8,reachable,200,application/vnd.apple.mpegurl,application/vnd.apple.mpegurl,2026-01-14T22:54:10Z,https://radio.pull.hebtv.com/live/hebxw.m3u8
693,19bff320-ee45-4aac-a6b3-24d16f44ee2e,成安综合广播久久金曲 FM99.9,Hopei,oldies,chinese,MP3,0,22,https://lhttp-hw.qtfm.cn/live/20211694/64k.mp3,reachable,200,audio/mpeg,audio/mpeg,2026-01-15T03:29:48Z,https://www.qingting.fm/radios/20211694
694,815ffc44-61f6-4a5d-ab94-94b1fb53be98,德宏综合广播（民族语）,Yunnan,public radio,"kachin,zaiwa",MP3,0,22,https://lhttp.qingting.fm/live/5021850/64k.mp3,reachable,200,audio/mpeg,audio/mpeg,2026-01-14T22:54:03Z,https://mtydazzle.yunshicloud.com/index.html?companyId=dehong&productId=dehong
695,93a21346-b876-4764-ad35-7874e90a285d,阜阳经济广播,Anhwei,5g智慧电台,chinese,MP3,0,22,https://lhttp.qtfm.cn/live/5022571/64k.mp3,reachable,200,audio/mpeg,audio/mpeg,2026-01-15T00:05:08Z,https://www.fytv.com.cn/
696,d28431e3-e280-4bcb-9573-86a1728f86d1,绍兴交通广播,Chekiang,traffic radio broadcast,chinese,MP3,0,22,http://lhttp.qingting.fm/live/5053/64k.mp3,reachable,200,audio/mpeg,audio/mpeg,2026-01-15T01:00:36Z,http://www.shaoxing.com.cn/
697,fbca3940-2489-4668-94de-edc591b7fdd5,Bridge Radio - BEATS E.D.M.,Dalian,"edm,electronic,music",english,AAC+,192,22,https://das-edge14-live365-dal02.cdnstream.com/a19203_2,reachable,200,audio/aacp,audio/aacp,2026-01-14T23:44:14Z,https://new.brg-radio.com/
698,e9ecd448-fcc5-4af5-8fae-064f69c6813e,江源综合广播,Jilin,"news,public radio",chinese,UNKNOWN,76,22,http://stream9.jlntv.cn/jiangyuangb/playlist.m3u8,reachable,200,application/vnd.apple.mpegurl,application/vnd.apple.mpegurl,2026-01-15T00:17:33Z,http://www.jlntv.cn/newpc/wlt/live/
699,f5dfaaa9-67bd-477b-8589-99b5f92b46b8,威海交通广播FM102.2 FM95.0 AM1557,Shantung,,chinese,MP3,0,22,https://lhttp-hw.qtfm.cn/live/20671/64k.mp3,reachable,200,audio/mpeg,audio/mpeg,2026-01-15T01:39:32Z,http://www.weihai.tv/
700,e785830d-9ecc-4200-86f1-6151c69c22ae,吉林卫视伴音,jilin,"culture,news,tv",chinese,UNKNOWN,0,22,https://piccpndali.v.myalicdn.com/audio/jilin_2.m3u8,reachable,200,application/x-mpegURL,application/x-mpegURL,2026-02-10T23:31:57Z,https://vod-jlr.jlntv.cn/index.do
701,37164951-b4d5-45ca-bb9c-8fd32e5585a0,榆林生活资讯广播,Shensi,music,chinese,UNKNOWN,2560,22,https://hplayer1.juyun.tv/camera/115986128.m3u8,reachable,200,application/vnd.apple.mpegurl,application/vnd.apple.mpegurl,2026-01-15T03:36:10Z,https://v.ylrb.com/
702,97085316-0ef6-4560-a71c-9c6d264929a1,常州音乐广播,Kiangsu,music,chinese,MP3,0,22,https://lhttp-hw.qtfm.cn/live/2799/64k.mp3,reachable,200,audio/mpeg,audio/mpeg,2026-01-15T07:11:47Z,https://www.cztv.tv/
703,3b743c19-4492-49ae-a58b-3932dd19744d,湘潭交通广播,Hunan,traffic,chinese,MP3,0,23,https://lhttp.qingting.fm/live/21269/64k.mp3,reachable,200,audio/mpeg,audio/mpeg,2026-01-15T01:18:42Z,http://www.hnxttv.com/
704,0024fffe-a69e-45c2-bb8b-118ff933eb8c,CRI HIT FM 广州（停播）,Kwangtung,,chinese,UNKNOWN,0,23,http://satellitepull.cnr.cn/live/wxhitfm/playlist.m3u8?wsSession=5047841c34cc76f1a161d1fe-174718013932472&wsIPSercert=29f90b67755e3a4646651f7aa8eb5fd6,reachable,200,application/x-mpegurl,application/x-mpegurl,2026-01-15T08:34:02Z,https://www.cri.cn/
705,dba0ef93-595e-4e07-82c2-3b0652f26a4d,南安市广播电视台综合广播,Fukien,music,chinese,MP3,0,23,https://lhttp-hw.qtfm.cn/live/5021731/64k.mp3,reachable,200,audio/mpeg,audio/mpeg,2026-01-15T08:31:18Z,http://www.mnw.cn/nanan/
706,deee0f71-ac2d-4262-8761-a56017273462,北海广播电视台新闻综合广播,,full service,chinese,MP3,0,23,https://lhttp.qtfm.cn/live/20861/64k.mp3,reachable,200,audio/mpeg,audio/mpeg,2026-01-15T07:33:28Z,https://www.bhxww.com/
707,e510475b-8523-4dec-a196-981b4638c656,阿克苏汉语综合广播城市之声 活力940,Sinkiang,entertainment,chinese,MP3,0,23,https://lhttp-hw.qtfm.cn/live/15318550/64k.mp3,reachable,200,audio/mpeg,audio/mpeg,2026-01-15T05:45:24Z,https://www.qtfm.cn/radios/15318550
708,c7e75037-146c-4ee5-a751-7d3dd56d7629,动听913（宣化区融媒体中心综合广播）,,music,chinese,MP3,0,23,https://lhttp-hw.qtfm.cn/live/15318538/64k.mp3,reachable,200,audio/mpeg,audio/mpeg,2026-01-15T04:44:03Z,https://www.qtfm.cn/radios/15318538
709,a3c3adc1-ac62-4e54-8aa3-8c82e4c77e01,CNR-13 ئۇيغۇرچە رادىيو,,full service,uyghur,UNKNOWN,0,23,http://satellitepull.cnr.cn/live/wxwygb/playlist.m3u8?wsSession=c650605f64c6488d38b66982-174726578692450&wsIPSercert=29f90b67755e3a4646651f7aa8eb5fd6,reachable,200,application/x-mpegurl,application/x-mpegurl,2026-01-14T22:54:12Z,http://www.uycnr.com/
710,0e08b296-17bc-45de-a912-bb55f081f183,龙游人民广播电台FM95.4,,information,chinese,MP3,0,23,https://lhttp-hw.qtfm.cn/live/15318359/64k.mp3,reachable,200,audio/mpeg,audio/mpeg,2026-01-15T02:10:00Z,https://www.qtfm.cn/radios/15318359
711,5a7e81de-8675-4270-84ee-3a97f360979f,公安县综合广播,Hupei,full service,chinese,MP3,0,23,https://lhttp.qtfm.cn/live/5063/64k.mp3,reachable,200,audio/mpeg,audio/mpeg,2026-01-15T05:01:43Z,https://gongan.cjyun.org/
712,43e3a4c5-f8c2-483a-8653-b61ba812456f,朋克音乐台,,,chinese,MP3,0,23,https://stream.zeno.fm/y99cwikkky8tv,unreachable,,,连接失败: timed out,2026-01-15T01:28:23Z,https://zeno.fm/radio/punkmusic/
713,17b26a3e-9ba0-457f-88e2-1b2004290d8a,菏泽交通广播,Shantung,traffic radio broadcast,chinese,UNKNOWN,0,23,http://live.hznet.tv:1935/live/live948/32k/tzwj_video.m3u8,reachable,200,application/vnd.apple.mpegurl,application/vnd.apple.mpegurl,2026-01-15T02:03:07Z,https://www.hezegd.com/
714,fa4a2745-8ef2-44d5-97ee-8cd9aae1e572,大庆综合广播,Amur River,"information,news,talk",chinese,MP3,0,23,https://lhttp.qtfm.cn/live/20500060/64k.mp3,reachable,200,audio/mpeg,audio/mpeg,2026-01-15T07:27:51Z,http://www.dqrtv.cn/
715,402140a0-4f6d-47f4-bde6-6a8105315629,Gospel Living Water,Hopei,"religion,religious",chinese,MP3,0,23,https://stream.zeno.fm/8cs8d1tp3a0uv,unreachable,,,连接失败: timed out,2026-01-15T04:42:48Z,https://zeno.fm/radio/gwlivingwater/
716,dac67c65-92a1-4974-a338-64cf8a2c3583,长春少儿与老年生活广播,Kiangsi,"lifestyle,music",chinese,MP3,0,23,https://lhttp.qtfm.cn/live/4984/64k.mp3,reachable,200,audio/mpeg,audio/mpeg,2026-01-14T23:51:17Z,http://www.chinactv.com/
717,4b0f4da5-8a0d-4989-9b40-bb6c7569fe66,沛县综合广播,Kiangsu,"90.7,90.7 fm",chinese,MP3,0,23,https://lhttp.qtfm.cn/live/20500173/64k.mp3,reachable,200,audio/mpeg,audio/mpeg,2026-01-15T00:02:44Z,https://peixian.cm.jstv.com/index.html?topid=22678
718,a35b986d-15a9-46a9-a4b8-fbf9f36562e1,抗大之声,Hopei,"history,information",chinese,MP3,0,23,https://lhttp-hw.qtfm.cn/live/20500096/64k.mp3,reachable,200,audio/mpeg,audio/mpeg,2026-01-15T08:15:25Z,http://hbxtkd.cn/
719,a59464bb-5c1a-4b67-8283-4e0c15a01c7b,江西旅游广播,,"music,oldies",chinese,UNKNOWN,0,24,http://live.ximalaya.com/radio-first-page-app/live/1303/64.m3u8,reachable,200,application/vnd.apple.mpegurl,application/vnd.apple.mpegurl,2026-01-15T04:07:09Z,https://weibo.com/u/1885624052?tabtype=album
720,63c5d94b-2acb-42a6-b961-fa4250a5a4ee,济宁生活广播,Shantung,"lifestyle,music",chinese,MP3,0,24,https://lhttp-hw.qtfm.cn/live/4008/64k.mp3,reachable,200,audio/mpeg,audio/mpeg,2026-01-15T07:03:15Z,https://www.jnnews.tv/
721,a60d6e71-f993-4d13-a73a-5b1774fa6756,新都区广播电视台综合广播 新声905,Szechuan,"music,old time radio",chinese,MP3,0,24,https://lhttp-hw.qtfm.cn/live/20500221/64k.mp3,reachable,200,audio/mpeg,audio/mpeg,2026-01-14T23:18:26Z,https://www.qingting.fm/radios/20500221
722,133a1d44-d6e7-4131-bf3d-5d25e368c1e9,保山综合广播,,,chinese,MP3,0,24,https://lhttp-hw.qtfm.cn/live/5022446/64k.mp3,reachable,200,audio/mpeg,audio/mpeg,2026-01-15T00:34:09Z,https://www.qtfm.cn/radios/5022446
723,5005b479-3eed-4f46-a8f2-a28cf3d503ec,昭通乌蒙之声新闻综合广播,,,chinese,MP3,0,24,https://lhttp-hw.qtfm.cn/live/21249/64k.mp3,reachable,200,audio/mpeg,audio/mpeg,2026-01-15T07:54:20Z,http://www.zttv.cn/
724,c4218b1e-5b0a-49cf-baa7-fca091c0d475,信阳广播二套,,,chinese,MP3,0,24,https://lhttp.qtfm.cn/live/15318156/64k.mp3,reachable,200,audio/mpeg,audio/mpeg,2026-01-15T03:16:53Z,https://m.xyxww.com.cn/
725,a10054f5-967e-443b-919b-b6e39bbc8abf,大兴安岭综合广播,Inner Mongolia,"agriculture,rural",chinese,MP3,0,24,https://lhttp-hw.qtfm.cn/live/20500057/64k.mp3,reachable,200,audio/mpeg,audio/mpeg,2026-01-15T00:51:12Z,https://www.qtfm.cn/radios/20500057
726,331853cf-8f6f-43cd-a5a0-589d1f569ea5,昆明老年广播,,"life,music,news",chinese,MP3,0,24,https://lhttp-hw.qtfm.cn/live/1937/64k.mp3,reachable,200,audio/mpeg,audio/mpeg,2026-01-15T05:48:32Z,https://www.kmtv.com.cn/
727,cfd040c1-6ee7-4fde-8faa-4832ea8fe749,东莞畅享1075,,,chinese,UNKNOWN,0,24,https://stream.sun0769.com/dgrtv1/mp4tv11/index.m3u8?channel=1&t=1768649828&ttl=3600&key=6b0bf8d7f487b09d77d33797b44714c0,reachable,200,application/vnd.apple.mpegurl,application/vnd.apple.mpegurl,2026-01-17T11:38:36Z,https://dgrtv.sun0769.com/index.php/online2/2
728,1bc7b5b6-069e-401e-9e15-e4e5a1117770,绵竹综合广播,Szechuan,full service,chinese,MP3,0,24,https://lhttp.qingting.fm/live/15318098/64k.mp3,reachable,200,audio/mpeg,audio/mpeg,2026-01-15T06:02:43Z,http://www.mztoday.gov.cn/index.html
729,ba4e687f-d644-4db7-acd8-64c02e8b9137,太原交通广播,Shansi,music,chinese,MP3,0,24,https://lhttp-hw.qtfm.cn/live/4900/64k.mp3,reachable,200,audio/mpeg,audio/mpeg,2026-01-15T04:04:00Z,http://www.tynews.com.cn/
730,e701e76e-be2e-44c2-8fc8-640f34a1a476,绍兴综合广播,Chekiang,full service,chinese,MP3,0,24,http://lhttp.qingting.fm/live/5052/64k.mp3,reachable,200,audio/mpeg,audio/mpeg,2026-01-15T04:41:13Z,http://www.shaoxing.com.cn/
731,cb3dc7c7-f260-4f21-ace7-41a5a862041e,李大爷9527,,music,chinese,MP3,0,24,https://stream.zeno.fm/ijdx5orz8wqvv,unreachable,,,连接失败: timed out,2026-01-21T08:58:34Z,https://zeno.fm/radio/lidaye9527/
732,2189d121-8ffe-462b-be5f-c0a07d9ee9c4,伊通综合广播（2）,Jilin,"105.5,105.5 fm",chinese,UNKNOWN,76,24,http://stream3.jlntv.cn/ytgb/playlist.m3u8,reachable,200,application/vnd.apple.mpegurl,application/vnd.apple.mpegurl,2026-01-15T00:38:37Z,http://www.yitong.gov.cn/zw/
733,9584e24b-ab58-4efb-9a19-cbd16469cdfc,镇江综合广播,Kiangsu,"full service,information",chinese,MP3,0,25,https://lhttp-hw.qtfm.cn/live/3984/64k.mp3,reachable,200,audio/mpeg,audio/mpeg,2026-01-15T04:26:23Z,https://www.zjmc.tv/
734,da892c2d-9bd0-41f1-80fd-8fcd11e3ed6c,青海新闻综合广播,Tsinghai,news,chinese,MP3,0,25,https://lhttp-hw.qtfm.cn/live/20063/64k.mp3,reachable,200,audio/mpeg,audio/mpeg,2026-01-15T03:06:34Z,http://www.qhbtv.com/
735,a7a6d225-3217-4696-b237-ff0466659d0d,梨树北方交通之声(2),Jilin,"news,public radio,traffic",chinese,UNKNOWN,62,25,http://stream3.jlntv.cn/lsgb/playlist.m3u8,reachable,200,application/vnd.apple.mpegurl,application/vnd.apple.mpegurl,2026-01-15T05:26:25Z,https://www.qingting.fm/radios/5022538
736,799e7bda-d9d9-427b-ac39-9c6981bc1ad6,贵州经济广播,Kweichow,agriculture,chinese,MP3,0,25,https://lhttp.qtfm.cn/live/20065/64k.mp3,reachable,200,audio/mpeg,audio/mpeg,2026-01-15T03:40:39Z,https://www.gzstv.com/
737,221bea90-becb-4b15-9c50-2ce0110f3e37,永吉县人民广播电台(2),Jilin,"music,pop",chinese,UNKNOWN,75,25,http://stream9.jlntv.cn/yongjigb/playlist.m3u8,reachable,200,application/vnd.apple.mpegurl,application/vnd.apple.mpegurl,2026-01-15T02:45:26Z,http://www.xzyongji.cn/
738,65b45a43-f2a6-4c7f-b0b7-b994a2b142fd,嵊泗广播,Chekiang,news,chinese,UNKNOWN,0,25,http://l.cztvcloud.com/channels/lantian/SXshengsiaud/128k.m3u8,reachable,200,application/x-mpegURL,application/x-mpegURL,2026-01-15T00:53:11Z,http://ssnews.zjol.com.cn/
739,5fdccb14-89c7-49cd-9825-291588c30937,少爷生活,,,,MP3,0,25,https://lhttp-hw.qtfm.cn/live/15318332/64k.mp3,reachable,200,audio/mpeg,audio/mpeg,2026-01-14T22:54:07Z,https://lhttp-hw.qtfm.cn/live/15318332/64k.mp3
740,55c2c091-844e-4336-84f0-e64921fe79ba,景县综合广播,Hopei,full service,chinese,MP3,0,25,https://lhttp.qtfm.cn/live/20500192/64k.mp3,reachable,200,audio/mpeg,audio/mpeg,2026-01-15T08:50:50Z,http://jingxian.hebei.com.cn/
741,817c89f0-bcd3-4231-a031-c11fcde43cf3,盘锦经济生活广播,Liaoning,economics,chinese,UNKNOWN,0,25,http://live.xmcdn.com/live/2696/64.m3u8,reachable,200,application/vnd.apple.mpegurl,application/vnd.apple.mpegurl,2026-01-15T07:07:34Z,https://www.panjin.gov.cn/
742,970ba0ca-6397-4249-86fa-7d9a28c8759c,测试25,,,chinese,MP3,16,25,http://d.liveatc.net/rjoo1,timeout,,,连接超时,2026-01-15T07:57:44Z,https://www.fqxww.cn/
743,2669efb3-02d0-48f5-896a-eb4f38f32185,蓬莱广播电视台,Shantung,"information,news",chinese,MP3,0,25,https://lhttp.qtfm.cn/live/20500112/64k.mp3,reachable,200,audio/mpeg,audio/mpeg,2026-01-15T04:56:19Z,https://apps.apple.com/it/app/%E4%BB%99%E5%A2%83%E8%93%AC%E8%8E%B1/id1519147293
744,5d4e13d9-40bb-40b3-a87d-f1c009867dbd,宝鸡综合广播,,news,chinese,MP3,0,25,https://lhttp-hw.qtfm.cn/live/15318125/64k.mp3,reachable,200,audio/mpeg,audio/mpeg,2026-01-15T06:51:37Z,http://www.baojinews.com/
745,093c6bb1-8c3c-4914-a753-0d200b1a1d3d,枣庄经济生活广播,Shantung,"entertainment,lifestyle,talk show",chinese,MP3,0,25,https://lhttp.qtfm.cn/live/1687/64k.mp3,reachable,200,audio/mpeg,audio/mpeg,2026-01-15T04:22:03Z,http://www.lncm.cn/
746,96b2fb6a-ca56-44a8-a9ed-078e6c85ed53,松阳广播,Chekiang,news,chinese,UNKNOWN,0,25,http://l.cztvcloud.com/channels/lantian/SXsongyangaud/128k.m3u8,reachable,200,application/x-mpegURL,application/x-mpegURL,2026-01-15T06:39:51Z,http://syxww.zjol.com.cn/syxww/Mobile.html
747,332c88cd-7354-4d90-a6ba-3cabe5ec3c9b,临江县综合广播,Jilin,"news,public radio",chinese,UNKNOWN,0,25,http://stream9.jlntv.cn/aac_linjianggb/sd/live.m3u8,reachable,200,application/vnd.apple.mpegurl,application/vnd.apple.mpegurl,2026-01-15T06:23:58Z,http://www.ljzhgd.com/index.shtml
748,3c6b5916-ddf3-4815-b639-b9df7f548286,鹿泉区FM87.3犀牛电台,Hopei,"indie,mp3,music,pop,rock",chinese,MP3,0,25,https://lhttp-hw.qtfm.cn/live/20211668/64k.mp3,reachable,200,audio/mpeg,audio/mpeg,2026-01-15T00:57:53Z,https://weibo.com/p/1006066512264724
749,64e5cc8f-1531-49e0-8300-8129298949db,肇庆高新之声,Kwangtung,information,cantonese,MP3,0,26,https://lhttp-hw.qtfm.cn/live/20500213/64k.mp3,reachable,200,audio/mpeg,audio/mpeg,2026-01-15T05:11:51Z,https://ronghehao-h5-zhaoqing-v3.nanyuecloud.com/down
750,c5930181-0ff1-4af7-9eb1-414414db7473,乐山综合广播,Szechuan,"economics,information,news,public radio",chinese,MP3,0,26,https://lhttp.qtfm.cn/live/1122/64k.mp3,reachable,200,audio/mpeg,audio/mpeg,2026-01-15T02:44:03Z,http://www.leshantv.net/
751,36cb6a17-a72d-4000-919a-be989475c849,珲春综合广播,Jilin,"news,public radio",chinese,UNKNOWN,75,26,http://stream9.jlntv.cn/hcgb/playlist.m3u8,reachable,200,application/vnd.apple.mpegurl,application/vnd.apple.mpegurl,2026-01-15T06:26:48Z,"https://author.baidu.com/home?type=profile&action=profile&mthfr=box_share&context={%22from%22:%22dusite_sresults%22,%22uk%22:%22ASDfL6eiamqXrgnWMXo5Og%22,%22tab%22:%22video%22}"
752,3f622ba9-b1be-4ade-9b99-fc1681671bce,渭南综合广播,Shensi,public radio,chinese,MP3,0,26,https://lhttp.qingting.fm/live/5022388/64k.mp3,not_found,404,,HTTP 404,2026-01-15T00:21:39Z,http://www.wnnews.cn/
753,f3e587ec-0c8c-42c6-9724-6231f6c5b682,登封综合广播,Honan,"music,news",chinese,MP3,0,26,https://lhttp.qtfm.cn/live/5022077/64k.mp3,reachable,200,audio/mpeg,audio/mpeg,2026-01-15T05:00:57Z,https://www.qingting.fm/radios/5022077
754,8fd06436-f7f8-41d6-8bd6-adb0dd69b977,阜阳综合广播,Anhwei,information,chinese,MP3,0,26,https://lhttp.qtfm.cn/live/1970/64k.mp3,reachable,200,audio/mpeg,audio/mpeg,2026-01-14T23:59:14Z,https://www.fytv.com.cn/
755,f0b8d295-14d8-4dc1-9b71-0c1a4fe8fbd9,南京经济广播,Kiangsu,economics,chinese,UNKNOWN,0,26,http://hls.njgb.com/live_hls/6/playlist.m3u8,reachable,200,application/x-mpegURL,application/x-mpegURL,2026-01-15T03:45:08Z,http://www.njgb.com/
756,2822b9c2-5cc9-4ab9-8017-2e47433a9a87,榆林综合广播,Shensi,news,chinese,UNKNOWN,2560,26,https://hplayer1.juyun.tv/camera/115987102.m3u8,reachable,200,application/vnd.apple.mpegurl,application/vnd.apple.mpegurl,2026-01-15T06:00:00Z,https://v.ylrb.com/
757,aa2a5814-86ab-4c70-8f0f-35e80a5d5177,CNR-8 民族之声 조선어방송  ,,full service,"korean,mongolian",UNKNOWN,0,26,https://satellitepull.cnr.cn/live/wxmzzs/playlist.m3u8?wsSession=a919bd0baf31a1a6f3966f08-174761703245334&wsIPSercert=270c8446fe14303f2433a2f164ccd9e5,reachable,200,application/x-mpegurl,application/x-mpegurl,2026-01-15T05:24:15Z,https://www.cnr.cn/2010zhuanti/bsfb/logo/201004/t20100427_506347430.html
758,55d63380-f191-4881-8bfb-a4c758f0b4e1,聊城交通广播,Shantung,"99.4,99.4 fm,am1557",chinese,MP3,0,26,https://lhttp.qtfm.cn/live/5022263/64k.mp3,reachable,200,audio/mpeg,audio/mpeg,2026-01-15T03:33:37Z,http://www.lcbtv.com/
759,f1a8125a-1a2a-4608-8bd1-80b5a3466759,黄山旅游广播,,travel,chinese,MP3,0,27,https://lhttp-hw.qtfm.cn/live/1969/64k.mp3,reachable,200,audio/mpeg,audio/mpeg,2026-01-15T04:38:30Z,http://www.hsnewsnet.com/
760,b5ec7938-58dc-4a8d-97f5-82ba0cf30b0f,Sao.FM 思奥FM,,"entertainment,internet radio,music",chinese,MP3,0,27,https://stream.zeno.fm/98nz8aq2vc9uv,unreachable,,,连接失败: timed out,2026-01-15T02:32:41Z,https://sao.fm/
761,7fb02f83-de5d-4bd2-8eed-4ff0254f1a8b,吉林乡村广播,jilin,agriculture,chinese,UNKNOWN,0,27,https://live-jlr.jlntv.cn/live/fm976.m3u8,reachable,200,application/vnd.apple.mpegurl,application/vnd.apple.mpegurl,2026-01-15T02:51:36Z,https://www.jlntv.cn/index
762,bec7da78-3210-41b3-9fb6-d7841de253b1,河北文艺广播 高清,,culture,chinese,UNKNOWN,0,27,https://satellitepull.cnr.cn/live/wxhebwygb/playlist.m3u8?wsSession=c650605f64c6488d38b66982-174814121476253&wsIPSercert=302e928c9e06924943d63c021170d763,reachable,200,application/x-mpegurl,application/x-mpegurl,2026-01-15T00:12:47Z,https://www.hebtv.com/
763,d0a916c2-2fb9-4e10-b616-e20b2c79e441,遂宁交通旅游广播,Szechuan,"culture,entertainment,lifestyle",chinese,MP3,0,27,http://lhttp.qingting.fm/live/20180/64k.mp3,reachable,200,audio/mpeg,audio/mpeg,2026-01-15T06:37:06Z,http://www.snxw.com/
764,f170353f-8d14-4aa9-b8f2-b4faf27e4d67,新疆维语综合广播,Sinkiang,information,uyghur,UNKNOWN,1067,27,http://ocj2.kksmg.com/ocj1/ocj1.m3u8,reachable,200,application/x-mpegurl,application/x-mpegurl,2026-01-14T22:54:04Z,https://www.xjtvs.com.cn/
765,4c9ce6a4-cf4a-4e07-a87a-dcdc8e3179a3,Wild FM station,Fukien,music,,MP3,0,27,https://stream.zeno.fm/m3rh225sgm8uv,unreachable,,,连接失败: timed out,2026-01-14T22:54:07Z,https://zeno.fm/radio/wildfmstation/
766,c3972aae-b462-4de9-a054-2ffe7b5f19c2,新疆蒙语广播,Sinkiang,"news,public radio",mongolian,MP3,0,27,https://lhttp.qtfm.cn/live/1903/64k.mp3,reachable,200,audio/mpeg,audio/mpeg,2026-01-15T07:47:33Z,http://www.cjxww.cn/
767,78ee7ef9-bdbb-4c47-905d-013a7e0c01c5,昆山人民广播电台,Kiangsu,full service,chinese,MP3,0,27,https://lhttp-hw.qtfm.cn/live/20500128/64k.mp3,reachable,200,audio/mpeg,audio/mpeg,2026-01-14T23:41:04Z,http://www.ks.gov.cn/kss/ttxw/common_list_45.shtml
768,e44f72e1-77a6-4235-a324-942017c7500d,秦皇岛旅游经济广播,Hopei,103.8,chinese,MP3,0,27,http://lhttp.qingting.fm/live/20859/64k.mp3,reachable,200,audio/mpeg,audio/mpeg,2026-01-15T02:44:44Z,http://www.qhdcm.com/
769,47d12a1e-b8fc-11e8-aaf2-52543be04c81,Shikiachwang Traffic Radio,Hopei,,chinese,UNKNOWN,0,27,http://ls.qingting.fm/live/1655.m3u8,reachable,200,application/vnd.apple.mpegurl,application/vnd.apple.mpegurl,2026-01-15T05:28:38Z,http://www.sjzntv.cn/
770,c9f4a597-e3ce-4213-8c6f-1b5d6a995666,鄞州区1052LoveRadio,Chekiang,"105.2,105.2 fm,entertainment,music",chinese,MP3,0,27,https://lhttp.qtfm.cn/live/5022061/64k.mp3,reachable,200,audio/mpeg,audio/mpeg,2026-01-14T23:29:44Z,http://yz.cnnb.com.cn/
771,7ed6fa69-00d0-405c-a223-63a732f5015b,阳泉经济广播,Shansi,music,chinese,MP3,0,27,http://lhttp.qingting.fm/live/20211652/64k.mp3,reachable,200,audio/mpeg,audio/mpeg,2026-01-14T23:56:14Z,http://www.yqrtv.com/
772,f42c1338-e715-4ecd-b303-58c0783c14dc,CETV早期教育广播,Beijing,children,chinese,MP3,0,27,https://stream.zeno.fm/qefuzz74kfhvv,unreachable,,,连接失败: timed out,2026-01-15T07:40:19Z,http://www.centv.cn/zqjy
773,5eb60978-5c98-4bbe-88d0-5cf4d20800ec,江西故事广播,,"music,pop",chinese,UNKNOWN,0,27,http://live.ximalaya.com/radio-first-page-app/live/613/64.m3u8,reachable,200,application/vnd.apple.mpegurl,application/vnd.apple.mpegurl,2026-01-15T08:27:11Z,https://www.jxntv.cn/?mnlhl=16821
774,0b7dd75f-9aeb-4bca-9743-634a0f3da2a1,邓州综合广播,Honan,full service,chinese,MP3,0,27,https://lhttp.qtfm.cn/live/20500198/64k.mp3,reachable,200,audio/mpeg,audio/mpeg,2026-01-15T08:44:42Z,http://www.jinridengzhou.com/
775,afe8f0ab-b6b9-48b4-a7d4-03c99fa68403,金乡综合广播,Shantung,"music,news",chinese,MP3,0,27,https://lhttp.qtfm.cn/live/20500085/64k.mp3,not_found,404,,HTTP 404,2026-01-15T00:50:24Z,https://www.qingting.fm/radios/20500085
776,e067d082-6e9f-47d5-8cc1-d684bf2b5bf4,朝阳交通广播,Liaoning,"103.1,103.1 fm,88.6,88.6 fm,92.1,92.1 fm,96.6,public service,radio reading service,traffic radio broadcast",chinese,MP3,0,27,https://lhttp.qtfm.cn/live/20719/64k.mp3,reachable,200,audio/mpeg,audio/mpeg,2026-01-15T04:14:02Z,https://www.cygbdst.com/
777,e9779a5e-cbd0-4d3a-bc78-f033d37cd07a,云和广播,Chekiang,news,chinese,UNKNOWN,0,27,http://l.cztvcloud.com/channels/lantian/SXyunheaud/128k.m3u8,reachable,200,application/x-mpegURL,application/x-mpegURL,2026-01-14T23:19:04Z,http://zgyhnews.zjol.com.cn/
778,0f8bfc1d-120e-4b2a-b37d-23975d0e296a,朝阳经济广播 AM648,Liaoning,"economics,full service",chinese,MP3,0,27,https://lhttp.qtfm.cn/live/5021880/64k.mp3,reachable,200,audio/mpeg,audio/mpeg,2026-01-14T23:45:01Z,https://www.cygbdst.com/
779,47ab10f1-f1e2-4e2d-a1c4-2fdf2439d63a,南京体育广播,Kiangsu,"music,sports",chinese,UNKNOWN,0,27,http://hls.njgb.com/live_hls/3/playlist.m3u8,reachable,200,application/x-mpegURL,application/x-mpegURL,2026-01-14T23:45:01Z,http://www.njgb.com/
780,a912a8d1-e1b1-4717-94c1-4097788aaf16,巩义综合广播,Honan,full service,chinese,MP3,0,28,https://lhttp.qingting.fm/live/5022551/64k.mp3,reachable,200,audio/mpeg,audio/mpeg,2026-01-15T04:44:38Z,https://www.gongyishi.gov.cn/
781,13979a5c-4852-41dc-819d-80a9f8389ec1,内蒙古农村牧区广播,Inner Mongolia,agriculture,chinese,MP3,0,28,https://lhttp-hw.qtfm.cn/live/1888/64k.mp3,reachable,200,audio/mpeg,audio/mpeg,2026-01-14T23:49:40Z,https://www.nmtv.cn/
782,3f29e23e-a0b2-44dd-a90e-aeebf0a502a9,测试26,,,chinese,MP3,16,28,http://d.liveatc.net/rjsf,reachable,200,audio/mpeg,audio/mpeg,2026-01-15T00:25:41Z,https://www.fqxww.cn/
783,4603ad6d-db83-4714-867f-333b4dcacb9e,昌吉综合广播,Sinkiang,information,chinese,MP3,0,28,https://lhttp.qtfm.cn/live/20440/64k.mp3,reachable,200,audio/mpeg,audio/mpeg,2026-01-15T08:44:42Z,http://www.cjxww.cn/
784,57f066a2-9806-4d29-a5d5-880e0b599793,南通经济广播,Kiangsu,5g智慧电台,chinese,MP3,0,28,https://lhttp.qtfm.cn/live/21327/64k.mp3,reachable,200,audio/mpeg,audio/mpeg,2026-01-15T08:22:03Z,https://www.ntjoy.com/
785,4fa391d6-9654-47ad-a587-bab68bae6c90,恩施交通音乐广播,Hupei,"easy listening,enjoy,music,pop",chinese,MP3,0,28,https://lhttp.qtfm.cn/live/5022719/64k.mp3,reachable,200,audio/mpeg,audio/mpeg,2026-01-15T03:18:28Z,https://www.estv.com.cn/
786,63946617-c85d-4cc3-af5d-16bce4aa6517,成都文化休闲广播,,oldies,chinese,MP3,0,28,https://lhttp-hw.qtfm.cn/live/4892/64k.mp3,reachable,200,audio/mpeg,audio/mpeg,2026-01-15T01:05:28Z,https://www.cditv.cn/
787,1d955c18-a5b3-4263-9a2d-e66b81a1ae61,广州汽车音乐电台金曲音乐广播,Kwangtung,"music,news","cantonese,chinese",MP3,0,28,http://lhttp.qingting.fm/live/20192/64k.mp3,reachable,200,audio/mpeg,audio/mpeg,2026-02-24T08:31:29Z,https://www.gztv.com/
788,8597adce-e9b3-434a-a746-fa4ce46a77e0,湛江综合广播,Kwangtung,full service,chinese,MP3,0,28,https://lhttp-hw.qtfm.cn/live/20617/64k.mp3,reachable,200,audio/mpeg,audio/mpeg,2026-01-14T23:16:26Z,http://www.zjwtv.com/
789,01a5115b-4c14-4798-8cf9-c80d26dcc43e,贵州故事广播,Kweichow,"culture,music,storytelling",chinese,UNKNOWN,0,28,http://satellitepull.cnr.cn/live/wx32gzgsgb/playlist.m3u8?wsSession=d8b4488aebb72eb396f72a83-174701428079898&wsIPSercert=5bb043949891952939522be8c9bd5410,reachable,200,application/x-mpegurl,application/x-mpegurl,2026-01-15T01:14:34Z,https://www.gzstv.com/
790,c6fc8290-7244-44f2-a40e-af01822b52e8,BIG BIG MIX – 乐享音乐 标清,,"music,oldies",chinese,MP3,0,28,https://lhttp-hw.qtfm.cn/live/4913/64k.mp3,reachable,200,audio/mpeg,audio/mpeg,2026-01-14T23:54:34Z,http://bigbigmix.com/
791,558cc76e-8bbe-4c57-8b19-93e5e6e2d968,呼图壁县5G智慧电台,Sinkiang,5g智慧电台,chinese,MP3,0,28,https://lhttp.qtfm.cn/live/20500188/64k.mp3,reachable,200,audio/mpeg,audio/mpeg,2026-01-15T08:27:56Z,http://www.htb.gov.cn/
792,c9a32b20-acf0-42d7-8ac3-dd456cec8298,天水交通广播频道,Kansu,traffic radio broadcast,chinese,MP3,0,28,https://lhttp.qtfm.cn/live/20211613/64k.mp3,reachable,200,audio/mpeg,audio/mpeg,2026-01-15T03:49:38Z,http://www.tstv.cn/
793,94b72a29-7a2d-46be-bc44-8127707c2311,金湖综合广播,Kiangsu,news,chinese,MP3,0,28,https://lhttp.qingting.fm/live/15318464/64k.mp3,reachable,200,audio/mpeg,audio/mpeg,2026-01-15T07:00:09Z,https://www.qingting.fm/radios/15318464
794,724fcdfb-308b-4fb4-9291-481fa59294b7,蕲春综合广播,Hupei,news,chinese,MP3,0,28,https://lhttp.qtfm.cn/live/5022252/64k.mp3,reachable,200,audio/mpeg,audio/mpeg,2026-01-15T00:57:53Z,https://www.qingting.fm/radios/5022252
795,f00db133-5e11-4cc8-8429-04a429f6dc5c,眉山交通音乐广播,Szechuan,music,chinese,MP3,0,28,https://lhttp.qtfm.cn/live/20207781/64k.mp3,reachable,200,audio/mpeg,audio/mpeg,2026-01-15T05:29:20Z,http://www.scmstv.cn/
796,edef3662-45b0-4d0c-ab31-74c13cd823c7,吉林经济广播 老年频率,jilin,old age,chinese,UNKNOWN,0,29,https://live-jlr.jlntv.cn/live/fm953.m3u8,reachable,200,application/vnd.apple.mpegurl,application/vnd.apple.mpegurl,2026-01-15T00:28:14Z,https://www.jlntv.cn/index
797,dca23906-95a3-4baa-8c28-807d0b8d54e2,昌吉交通广播,Sinkiang,traffic radio broadcast,chinese,MP3,0,29,https://lhttp.qtfm.cn/live/20440/64k.mp3,reachable,200,audio/mpeg,audio/mpeg,2026-01-15T03:48:14Z,http://www.cjxww.cn/
798,41e46823-2d39-449f-99d6-d5644c43aa25,洛阳文艺广播,,"music,oldies,storytelling",chinese,MP3,0,29,https://lhttp-hw.qtfm.cn/live/20211321/64k.mp3,reachable,200,audio/mpeg,audio/mpeg,2026-01-15T00:17:33Z,https://www.qtfm.cn/radios/20211321
799,0b522fbf-4773-4567-8db1-0523ab8ca6e3,滨城广播电视台,Shantung,music,chinese,MP3,0,29,https://lhttp.qtfm.cn/live/20500168/64k.mp3,reachable,200,audio/mpeg,audio/mpeg,2026-01-15T02:38:10Z,http://www.aiskycn.com/az/1210193.html
800,06f170ef-b6d9-49f1-94df-58110e36496d,禹州人民广播电台 调频FM93.4,Honan,music,chinese,UNKNOWN,0,29,http://live.ximalaya.com/radio-first-page-app/live/2866/24.m3u8,reachable,200,application/vnd.apple.mpegurl,application/vnd.apple.mpegurl,2026-01-14T23:37:16Z,https://www.baidu.com/link?url=KdyHzUE-7VadX4_PYE73utwBBSehEFDL3h8K5ulzkKHyrDQ9MiUDWEi-wzzT6nSh&wd=&eqid=818bc4d9001db65c0000000365e02a96
801,12642a45-98ae-4f42-a3d7-fe51a23ed43d,南通生活广播,Kiangsu,"music,pop,rock",chinese,MP3,0,29,https://lhttp.qtfm.cn/live/21275/64k.mp3,reachable,200,audio/mpeg,audio/mpeg,2026-01-14T23:59:14Z,https://www.ntjoy.com/
802,c5222e25-85ba-4cb9-8961-ec7ce9b50971,天门综合广播,Hupei,"information,news",chinese,MP3,0,29,https://lhttp.qtfm.cn/live/20500199/64k.mp3,reachable,200,audio/mpeg,audio/mpeg,2026-01-15T02:50:21Z,https://www.tmwcn.com/
803,ae7da7c0-3871-4afb-9dce-a96d7c1a83fc,内江综合广播,Szechuan,news,chinese,UNKNOWN,0,29,https://www.scnj.tv/hls_njtv/live/zhgb.m3u8,reachable,200,application/vnd.apple.mpegurl,application/vnd.apple.mpegurl,2026-01-15T05:39:41Z,https://www.scnj.tv/
804,9bc68eed-02fd-456b-b170-b8fcc3f046d5,80后音悦台,,,,UNKNOWN,0,29,https://live.ximalaya.com/radio-first-page-app/live/2684/64.m3u8?transcode=ts,reachable,200,application/vnd.apple.mpegurl,application/vnd.apple.mpegurl,2026-06-08T13:22:21Z,https://www.hndt.com/
805,8f3befaa-f598-4058-8471-c63a9e81cfc6,柳河综合广播,Jilin,"news,public radio",chinese,UNKNOWN,75,29,http://stream3.jlntv.cn/lhgb/playlist.m3u8,reachable,200,application/vnd.apple.mpegurl,application/vnd.apple.mpegurl,2026-01-15T00:55:05Z,"https://author.baidu.com/home?type=profile&action=profile&mthfr=box_share&context={%22from%22:%22dusite_sresults%22,%22uk%22:%22Yrac2l9AXG309UcwzwNIWA%22,%22tab%22:%22video%22}"
806,bdf335ca-9c7d-43f9-9564-77bcf9092a33,阳江综合广播,Kwangtung,news,cantonese,MP3,0,29,https://lhttp.qtfm.cn/live/15318429/64k.mp3,reachable,200,audio/mpeg,audio/mpeg,2026-01-15T05:07:10Z,https://www.yjtvw.com/index.html
807,8a28bb73-b65a-4934-9889-0d660a0aae30,湾区音乐台_鹤山音乐广播,Kwangtung,"music,oldies",cantonese,MP3,0,29,https://lhttp-hw.qtfm.cn/live/20500163/64k.mp3,reachable,200,audio/mpeg,audio/mpeg,2026-01-15T03:00:03Z,http://www.heshan.gov.cn/
808,1f1d24ed-6492-4f87-aed7-eae2bf919a24,巴彦淖尔交通广播,Inner Mongolia,entertainment,chinese,MP3,0,29,https://lhttp.qtfm.cn/live/1895/64k.mp3,reachable,200,audio/mpeg,audio/mpeg,2026-01-15T05:00:57Z,https://haokan.baidu.com/haokan/wiseauthor?app_id=1608400942284067&fr=aladdin_vid_cooperate
809,157a6dd3-b8fc-11e8-aaf2-52543be04c81,Shikiachwang News Radio,Hopei,,chinese,UNKNOWN,0,29,http://ls.qingting.fm/live/1652.m3u8,reachable,200,application/vnd.apple.mpegurl,application/vnd.apple.mpegurl,2026-01-15T05:12:26Z,http://www.sjzntv.cn/
810,f8219aa1-80fa-42c9-846e-2b3c4e32ff71,九台区综合广播,Jilin,"music,news",chinese,UNKNOWN,0,29,http://stream9.jlntv.cn/aac_jiutaigb/sd/live.m3u8,reachable,200,application/vnd.apple.mpegurl,application/vnd.apple.mpegurl,2026-01-15T01:24:48Z,"https://author.baidu.com/home?type=profile&action=profile&mthfr=box_share&context={%22from%22:%22dusite_sresults%22,%22uk%22:%22_p6zyab2dWY9MhITUAh-0g%22,%22tab%22:%22video%22}"
811,e482c810-3bfb-4ff2-86b3-8e7e16c8bca2,宜章综合广播,Hunan,"music,news",chinese,MP3,0,29,https://lhttp.qtfm.cn/live/15318691/64k.mp3,reachable,200,audio/mpeg,audio/mpeg,2026-01-15T07:52:11Z,https://www.qingting.fm/radios/15318691
812,3098733a-0e05-462a-a438-446893da5485,南部交通音乐·南部人民广播电台,Szechuan,music,chinese,MP3,0,29,https://lhttp.qingting.fm/live/5022604/64k.mp3,reachable,200,audio/mpeg,audio/mpeg,2026-01-15T02:22:41Z,http://bxnt.nbwcw.com/
813,4cd5e1fd-75b0-4134-93eb-748dcae48bbe,Radio Collection,,"pop,rock",chinese,MP3,320,29,http://listen.radioking.com/radio/251653/stream/296545,unreachable,,,连接失败: timed out,2026-01-15T08:40:44Z,
814,733d7c74-ad3a-448f-8564-6f78fb5dca7e,垣曲人民广播电台,shansi,"music,news",chinese,MP3,0,29,https://lhttp.qingting.fm/live/20500090/64k.mp3,reachable,200,audio/mpeg,audio/mpeg,2026-01-15T04:58:11Z,https://author.baidu.com/home/1608400434020246
815,99fc47c5-23ac-4015-a278-5321eae0dcba,FM100.8 包河之声,Anhwei,full service,chinese,MP3,0,29,https://lhttp-hw.qtfm.cn/live/5022668/64k.mp3,reachable,200,audio/mpeg,audio/mpeg,2026-02-10T23:28:38Z,https://baohenews.cn/
816,36655b37-8360-4060-8a2d-57dd1a4f0a80,绍兴综合广播,Chekiang,"93.6,93.6 fm,information,news,public radio",chinese,UNKNOWN,0,29,http://live.shaoxing.com.cn/audio/s10001-xw1/index.m3u8,reachable,200,application/vnd.apple.mpegurl,application/vnd.apple.mpegurl,2026-01-15T06:30:27Z,http://www.shaoxing.com.cn/
817,16f9529a-f18c-11e8-a471-52543be04c81,Hotse TV-2 Public,Shantung,,chinese,UNKNOWN,0,29,http://live.hznet.tv:1935/live/live2/500K/tzwj_video.m3u8,reachable,200,application/vnd.apple.mpegurl,application/vnd.apple.mpegurl,2026-01-15T06:23:58Z,http://www.hznet.tv/
818,7c11c2dd-0d23-4e68-bdfe-6aa990039957,遂宁综合广播,Szechuan,"history,information",chinese,MP3,0,30,http://lhttp.qingting.fm/live/20182/64k.mp3,reachable,200,audio/mpeg,audio/mpeg,2026-01-15T05:09:57Z,http://www.snxw.com/
819,08019f94-b10d-41ae-b7dc-b562d17e8112,澎湃907   江阴人民广播电台,,entertainment,chinese,MP3,0,30,https://lhttp-hw.qtfm.cn/live/2789/64k.mp3,reachable,200,audio/mpeg,audio/mpeg,2026-01-15T00:36:24Z,https://weibo.com/u/2690053831
820,15e854b6-3ffc-42e5-b5ad-2f2563d62185,綦江综合广播,Chungking,"information,news",chinese,MP3,0,30,https://lhttp.qtfm.cn/live/20500201/64k.mp3,reachable,200,audio/mpeg,audio/mpeg,2026-01-15T03:18:28Z,https://www.cqqjnews.cn/
821,43da4f2e-6bde-4d4d-9f55-819d16fda32e,拉萨综合广播,xizang,information,"chinese,tibetan",MP3,0,30,https://lhttp-hw.qtfm.cn/live/5022138/64k.mp3,reachable,200,audio/mpeg,audio/mpeg,2026-01-14T23:39:08Z,http://www.lasatv.cn/
822,86f826f0-a1cf-4342-9e1e-82eb39baa8e9,庆元广播,Chekiang,public radio,chinese,UNKNOWN,0,30,http://l.cztvcloud.com/channels/lantian/SXqingyuanaud/128k.m3u8,reachable,200,application/x-mpegURL,application/x-mpegURL,2026-01-15T02:40:05Z,http://qynews.zjol.com.cn/
823,2eb65052-7b5b-4bdf-a699-ecd6ec6727c7,临安综合广播,Chekiang,"entertainment,information,music,news",chinese,MP3,0,30,https://lhttp.qtfm.cn/live/20005/64k.mp3,reachable,200,audio/mpeg,audio/mpeg,2026-01-15T00:20:51Z,http://www.lanews.com.cn/
824,550bd80b-b037-44b0-9413-8755c5757271,鹿泉区FM87.3犀牛电台,Hopei,"indie,music,rock",chinese,UNKNOWN,0,30,http://live.ximalaya.com/radio-first-page-app/live/2572/64.m3u8,reachable,200,application/vnd.apple.mpegurl,application/vnd.apple.mpegurl,2026-01-15T01:50:53Z,https://weibo.com/p/1006066512264724
825,5b94045f-e088-460b-9480-e181219d777e,海宁大潮之声🌊,Chekiang,"music,news",chinese,MP3,0,30,https://lhttp.qtfm.cn/live/5022556/64k.mp3,reachable,200,audio/mpeg,audio/mpeg,2026-01-15T06:37:06Z,https://www.qingting.fm/radios/5022556/
826,3f6386f5-a77e-4c93-af68-152caa7a7326,娄底综合广播,Hunan,"107.2,98.0",chinese,MP3,0,30,https://lhttp.qtfm.cn/live/21213/64k.mp3,reachable,200,audio/mpeg,audio/mpeg,2026-01-15T07:52:11Z,http://www.ldnews.cn/
827,b205ce1b-aa93-42e6-a5f6-1d9da4f55abb,吉林旅游广播,Jilin,"literature,tourism",chinese,UNKNOWN,62,30,http://stream10.jlntv.cn/fm1033/playlist.m3u8,reachable,200,application/vnd.apple.mpegurl,application/vnd.apple.mpegurl,2026-01-15T07:13:03Z,https://fm1033.jlradio.cn/
828,76f06d15-fadf-44f4-96d3-b562c08639cd,大庆音乐广播,Amur River,"easy listening,entertainment",chinese,MP3,0,30,https://lhttp.qtfm.cn/live/20500212/64k.mp3,reachable,200,audio/mpeg,audio/mpeg,2026-01-15T00:17:33Z,http://www.dqrtv.cn/
829,7735b27a-5729-49ec-bb8e-c4e20bb0dcfc,左云县摩天102,Shansi,"music,oldies",chinese,MP3,0,30,https://lhttp.qtfm.cn/live/20212394/64k.mp3,reachable,200,audio/mpeg,audio/mpeg,2026-01-15T05:21:40Z,http://www.zuoyun.gov.cn/
830,d4807ca3-30e9-4f07-9881-c2b2c3f8aa52,幸福105 徐州农村广播,Kiangsu,"life,old age",chinese,UNKNOWN,64,30,http://stream3.huaihai.tv/aac_gbfm105/playlist.m3u8,reachable,200,application/vnd.apple.mpegurl,application/vnd.apple.mpegurl,2026-01-14T23:25:56Z,http://www.huaihai.tv/
831,7b68b046-5036-44a7-8192-ec67aa179876,浦东综合广播 东上海之声FM106.5,Shanghai,,chinese,MP3,0,30,https://lhttp-hw.qtfm.cn/live/21355/64k.mp3,reachable,200,audio/mpeg,audio/mpeg,2026-01-15T05:40:19Z,https://www.pudongtv.cn/
832,8a8b3a4b-5cb2-4b65-a338-5b99ce242874,团风县广播电视台,Hupei,"5g智慧电台,music",chinese,MP3,0,30,https://lhttp.qtfm.cn/live/20500189/64k.mp3,reachable,200,audio/mpeg,audio/mpeg,2026-01-15T03:03:48Z,http://tuanfeng.cjyun.org/
833,595d9337-c32e-4224-9e2d-f4f843872762,寿光广播电视台,Shantung,full service,chinese,MP3,0,30,https://lhttp.qtfm.cn/live/20500211/64k.mp3,reachable,200,audio/mpeg,audio/mpeg,2026-01-14T23:29:03Z,https://sj.qq.com/appdetail/com.univalsoft.android.shouguangyun
834,3939835d-8a13-4074-a2be-514467346f52,内蒙古交通之声,Inner Mongolia,traffic radio broadcast,chinese,MP3,0,30,https://lhttp-hw.qtfm.cn/live/1884/64k.mp3,reachable,200,audio/mpeg,audio/mpeg,2026-01-15T04:34:00Z,https://www.nmtv.cn/
835,7c500c14-4a64-4bac-9db0-dfa988527029,威海音乐广播FM90.7 FM88.3,Shantung,music,chinese,MP3,0,30,https://lhttp-hw.qtfm.cn/live/15318612/64k.mp3,reachable,200,audio/mpeg,audio/mpeg,2026-01-15T06:09:44Z,http://www.weihai.tv/
836,4ded72cc-0d15-48e2-babf-62eb16e00e5b,前郭综合广播,Jilin,"news,public radio",chinese,UNKNOWN,76,30,http://stream3.jlntv.cn/qggb/playlist.m3u8,reachable,200,application/vnd.apple.mpegurl,application/vnd.apple.mpegurl,2026-01-15T04:04:00Z,https://m.weibo.cn/u/6598423813
837,5d999a5a-3108-4d77-9505-c9c8862686fb,平顶山交通广播,Honan,96.4,chinese,MP3,0,30,https://lhttp.qtfm.cn/live/5022421/64k.mp3,reachable,200,audio/mpeg,audio/mpeg,2026-01-14T23:18:26Z,http://www.pdsrtv.cn/
838,2d2837cc-7661-454d-89e0-1bd33353da99,阜阳交通广播,Anhwei,traffic radio broadcast,chinese,MP3,0,30,https://lhttp.qtfm.cn/live/1971/64k.mp3,reachable,200,audio/mpeg,audio/mpeg,2026-01-15T04:14:02Z,https://www.fytv.com.cn/
839,a52f4b5e-1404-4f3f-9adb-6347a6648468,榆林交通文艺广播,Shensi,"auto,entertainment,traffic radio broadcast",chinese,UNKNOWN,2560,30,https://hplayer1.juyun.tv/camera/115978148.m3u8,reachable,200,application/vnd.apple.mpegurl,application/vnd.apple.mpegurl,2026-01-15T04:47:13Z,https://v.ylrb.com/
840,e39410e4-1225-4677-9b67-4eed884521ab,江西财经广播,Kiangsi,public radio,chinese,MP3,0,30,https://lhttp.qtfm.cn/live/5021665/64k.mp3,reachable,200,audio/mpeg,audio/mpeg,2026-01-15T06:48:55Z,https://www.jxntv.cn/
841,0ebb9f6f-115b-4463-89dd-44422c2706f4,长春城市生活广播,Jilin,"information,lifestyle,public radio",chinese,UNKNOWN,0,31,http://ls.qingting.fm/live/4984.m3u8,reachable,200,application/vnd.apple.mpegurl,application/vnd.apple.mpegurl,2026-01-15T02:45:26Z,http://www.chinactv.com/
842,8256dda6-edd9-4507-8376-4a83118a00ef,潮州戏曲广播,,opera,chaoshan dialect,UNKNOWN,0,31,http://ls.qingting.fm/live/4595.m3u8,reachable,200,application/vnd.apple.mpegurl,application/vnd.apple.mpegurl,2026-01-14T22:54:07Z,http://www.czbtv.com/
843,c0a08fba-403d-4545-97a9-756dbfd7c7bf,吉林健康娱乐广播 老歌听不够，经典永流传,jilin,oldies,chinese,UNKNOWN,0,31,https://live-jlr.jlntv.cn/live/fm1019.m3u8,reachable,200,application/vnd.apple.mpegurl,application/vnd.apple.mpegurl,2026-01-15T04:22:41Z,https://www.jlntv.cn/index
844,3a74d437-ef73-4795-8437-6cd6379db4ce,邯郸新闻综合广播,,,chinese,UNKNOWN,0,31,http://ls.qingting.fm/live/5072.m3u8,reachable,200,application/vnd.apple.mpegurl,application/vnd.apple.mpegurl,2026-01-15T03:29:48Z,http://www.hdbs.cn/
845,70c86fee-6549-4dae-aa7e-cac9f274749e,乾安综合广播,Jilin,"news,public radio",chinese,UNKNOWN,75,31,http://stream7.jlntv.cn/qagb/playlist.m3u8,reachable,200,application/vnd.apple.mpegurl,application/vnd.apple.mpegurl,2026-01-15T02:25:18Z,"https://author.baidu.com/home?type=profile&action=profile&mthfr=box_share&context={%22from%22:%22dusite_sresults%22,%22uk%22:%22aEEqdND0x7b9R-CQZuS3vw%22,%22tab%22:%22article%22}"
846,3cc51f48-1261-426b-a01b-e50ebd4fd438,安徽音乐广播 高清,,music,chinese,UNKNOWN,0,31,http://satellitepull.cnr.cn/live/wxahyygb/playlist.m3u8?wsSession=a919bd0baf31a1a6f3966f08-174830359776346&wsIPSercert=cd39a342afce39d82188ebae3a31d1b8,reachable,200,application/x-mpegurl,application/x-mpegurl,2026-01-15T08:29:20Z,https://www.ahtv.cn/
847,fe807ac1-67a4-436c-af0d-ac291b2e759a,鹰潭综合广播,Kiangsi,news,chinese,MP3,0,31,https://lhttp.qingting.fm/live/5022035/64k.mp3,reachable,200,audio/mpeg,audio/mpeg,2026-01-15T00:27:30Z,http://yt.jxntv.cn/
848,5a2f4a1c-f54e-4ed3-be5c-34f61e5dea12,承德旅游生活广播,Hopei,"music,pop",chinese,MP3,0,31,https://lhttp.qtfm.cn/live/15318158/64k.mp3,reachable,200,audio/mpeg,audio/mpeg,2026-01-14T23:20:09Z,https://www.chengdetv.com/
849,ad59fdcc-1a9d-40c1-9fef-b5788386c20b,云南新闻广播,,news,chinese,AAC,128,31,https://gbw.ynradio.cn/radio/xwgb.stream/playlist.m3u8,reachable,200,application/vnd.apple.mpegurl,application/vnd.apple.mpegurl,2026-01-15T02:17:08Z,https://www.ynradio.cn/
850,4d77f26f-1de3-4a8b-b999-36b06479353b,贺州综合广播,Kwangsi,"music,news,talk",chinese,MP3,0,31,https://lhttp.qtfm.cn/live/5043/64k.mp3,reachable,200,audio/mpeg,audio/mpeg,2026-01-15T01:58:28Z,http://www.gxhzxw.com/m/
851,215605fc-f1e6-41be-ac57-3566b72995c4,菏泽新闻广播,Shantung,full service,chinese,UNKNOWN,0,31,http://live.hznet.tv:1935/live/live875/32k/tzwj_video.m3u8,reachable,200,application/vnd.apple.mpegurl,application/vnd.apple.mpegurl,2026-01-15T06:26:48Z,https://www.hezegd.com/
852,1d99eacb-f96e-44b9-94a5-2319298ca2d8,包头蒙语广播,Inner Mongolia,"entertainment,lifestyle","chinese,mongolian",MP3,0,31,https://lhttp.qingting.fm/live/1891/64k.mp3,reachable,200,audio/mpeg,audio/mpeg,2026-01-15T07:07:34Z,http://www.btgdt.com/
853,e9cdb8b4-8f6b-46aa-8438-459c613e4715,吴江综合广播,Kiangsu,"music,news,public radio",chinese,MP3,0,31,https://lhttp.qtfm.cn/live/5022050/64k.mp3,reachable,200,audio/mpeg,audio/mpeg,2026-01-15T04:09:15Z,https://www.wjdaily.com/
854,c8b5fd16-3a0a-4f39-8d68-db2143e4c5f3,海南卫视伴音,,"culture,tv",chinese,UNKNOWN,0,31,https://piccpndali.v.myalicdn.com/audio/travel_2.m3u8,reachable,200,application/x-mpegURL,application/x-mpegURL,2026-01-14T23:37:16Z,http://tc.hnntv.cn/
855,7c324c51-e328-4401-91b0-241ea01909f0,绵阳交通音乐广播,Szechuan,traffic radio broadcast,chinese,MP3,0,31,https://lhttp.qtfm.cn/live/4026/64k.mp3,reachable,200,audio/mpeg,audio/mpeg,2026-01-14T23:29:03Z,http://www.myntv.cn/
856,ceffc6a0-19ec-4710-ad18-80a725e9f780,澄海电台FM100.5,Kwangtung,"full service,music",hokkien,MP3,0,32,https://lhttp-hw.qtfm.cn/live/5022439/64k.mp3,reachable,200,audio/mpeg,audio/mpeg,2026-01-14T22:54:07Z,https://www.dahuawang.com/
857,99ca1baa-33ad-4f6a-8177-a944e3d6cf59,济宁综合广播,Shantung,"full service,news",chinese,MP3,0,32,http://lhttp.qingting.fm/live/4901/64k.mp3,reachable,200,audio/mpeg,audio/mpeg,2026-01-15T03:09:18Z,https://www.jnnews.tv/
858,32acbfa2-a21a-4758-af44-6f4fdbb19e9b,巴音郭楞汉语综合广播,Sinkiang,news,chinese,MP3,0,32,https://lhttp-hw.qtfm.cn/live/5022108/64k.mp3?,reachable,200,audio/mpeg,audio/mpeg,2026-01-15T02:47:38Z,http://www.xjbz.gov.cn/xjbz/index/home.shtml
859,b140a0d7-00b7-4131-8824-65f10ce7f174,松原大众生活,Jilin,"information,music,talk",chinese,MP3,0,32,https://lhttp.qtfm.cn/live/5082/64k.mp3,reachable,200,audio/mpeg,audio/mpeg,2026-01-15T08:02:56Z,http://uogz-www.plus.jlntv.cn/
860,79ab918a-043f-466c-bd60-bc7604fc49ad,大庆交通广播,Amur River,"music,pop,rock,traffic radio broadcast",chinese,MP3,0,32,https://lhttp.qtfm.cn/live/20500061/64k.mp3,reachable,200,audio/mpeg,audio/mpeg,2026-01-15T01:30:19Z,http://www.dqrtv.cn/
861,7dba917c-58fd-4696-a51c-c22c6e6a9b22,永嘉综合广播,Chekiang,music,chinese,UNKNOWN,0,32,http://l.cztvcloud.com/channels/lantian/SXyongjiaaud/128k.m3u8,reachable,200,application/x-mpegURL,application/x-mpegURL,2026-01-15T07:52:11Z,http://www.yjnet.cn/
862,e312b524-5d95-4593-8908-d9443463e789,Radio Impetus 心动电台,Dalian,"electronic,hits,music,pop,rock",chinese,MP3,0,32,https://lhttp-hw.qtfm.cn/live/20500161/64k.mp3,reachable,200,audio/mpeg,audio/mpeg,2026-01-15T05:21:40Z,https://www.qtfm.cn/radios/20500161
863,c447cc4f-8f2c-42a6-8062-a8e843426f53,双辽综合广播,Jilin,"news,public radio",chinese,UNKNOWN,75,32,http://stream3.jlntv.cn/slgb/playlist.m3u8,reachable,200,application/vnd.apple.mpegurl,application/vnd.apple.mpegurl,2026-01-15T00:34:09Z,http://www.jlntv.cn/newpc/wlt/live/index.php?channel_id=176
864,cd154b3e-cc53-4a62-a9c0-bc025cf39d8b,许昌交通广播,Honan,traffic radio broadcast,chinese,MP3,0,32,http://lhttp.qingting.fm/live/5022095/64k.mp3,reachable,200,audio/mpeg,audio/mpeg,2026-01-15T03:33:37Z,http://xctv.cn/
865,4fdb8715-a3b8-4a54-8236-73905d3ccc7c,靖州综合广播,Hunan,"music,news",chinese,MP3,0,32,https://lhttp.qtfm.cn/live/20500011/64k.mp3,reachable,200,audio/mpeg,audio/mpeg,2026-01-15T01:59:16Z,https://www.qingting.fm/radios/20500011
866,93a48f4e-6292-4fef-8fd8-75e546779b87,西藏卫视伴音,Tibet,tv,chinese,UNKNOWN,0,32,https://piccpndali.v.myalicdn.com/audio/xizang_2.m3u8,reachable,200,application/x-mpegURL,application/x-mpegURL,2026-01-15T05:40:20Z,http://www.vtibet.cn/
867,4dfee124-9678-4a66-be0e-70d416a3c5ad,德宏交通旅游广播,Yunnan,lounge,chinese,MP3,0,32,https://lhttp.qingting.fm/live/5022548/64k.mp3,reachable,200,audio/mpeg,audio/mpeg,2026-01-15T03:20:40Z,https://mtydazzle.yunshicloud.com/index.html?companyId=dehong&productId=dehong
868,e6c1f098-342d-4d18-b9d7-db9e7fc672c3,山西健康之声广播,Shansi,"health,m3u8",chinese,UNKNOWN,2560,32,http://radiolive.sxrtv.com/live/jiankang.m3u8,reachable,200,application/vnd.apple.mpegurl,application/vnd.apple.mpegurl,2026-01-15T01:16:54Z,http://www.sxrtv.com/radio/
869,55b7c412-bb47-11e8-aaf2-52543be04c81,Kiangsi Tourist Radio,Kiangsi,,chinese,MP3,0,32,http://lhttp.qingting.fm/live/20133/64k.mp3,reachable,200,audio/mpeg,audio/mpeg,2026-01-15T08:24:53Z,http://www.jxntv.cn/
870,cd4011c2-282e-439b-92d0-050e16c0dbf1,陕西卫视伴音,,tv,chinese,UNKNOWN,0,32,https://piccpndali.v.myalicdn.com/audio/shan3xi_2.m3u8,reachable,200,application/x-mpegURL,application/x-mpegURL,2026-01-15T01:16:53Z,http://www.snrtv.com/index.html
871,ec6e2d99-acd5-428a-a14a-3733da729893,塔城市综合广播,Sinkiang,music,chinese,MP3,0,32,https://lhttp.qtfm.cn/live/20500145/64k.mp3,reachable,200,audio/mpeg,audio/mpeg,2026-01-15T07:07:34Z,http://www.tcxw.cc/
872,6bd0a3ef-543f-4207-acbe-0b0e5e165e41,蒙自市广播电台,Yunnan,news,chinese,MP3,0,32,https://lhttp.qtfm.cn/live/5021599/64k.mp3,reachable,200,audio/mpeg,audio/mpeg,2026-01-15T08:15:25Z,https://www.mz.yn.cn/
873,a4f54bb8-a84f-4634-ad58-ec30a73063e2,大连交通广播,Dalian,"entertainment,traffic radio broadcast",chinese,UNKNOWN,0,32,http://live.ximalaya.com/radio-first-page-app/live/2817/64.m3u8,reachable,200,application/vnd.apple.mpegurl,application/vnd.apple.mpegurl,2026-01-15T03:01:40Z,http://www.dltv.cn/channel/jtgb/
874,bd1395d8-dcbd-4c2e-a0c5-b8e9580dd043,安徽旅游广播,Anhwei,"culture,entertainment,information,music,oldies,traffic radio broadcast",chinese,MP3,0,33,https://lhttp.qtfm.cn/live/15318219/64k.mp3,reachable,200,audio/mpeg,audio/mpeg,2026-01-15T04:56:19Z,https://www.ahrtv.cn/
875,b4d0e934-1d99-40d8-ae48-14d2bb711b5c,镇江文艺广播,Kiangsu,music,chinese,MP3,0,33,https://lhttp-hw.qtfm.cn/live/4605/64k.mp3,reachable,200,audio/mpeg,audio/mpeg,2026-01-14T23:53:53Z,https://www.zjmc.tv/
876,5255d913-4359-44e0-bfd0-1aa23c0f53cc,辽源综合广播,Jilin,news,chinese,UNKNOWN,76,33,http://stream9.jlntv.cn/lyrmgb/playlist.m3u8,reachable,200,application/vnd.apple.mpegurl,application/vnd.apple.mpegurl,2026-01-15T08:29:20Z,http://www.0437tv.com/
877,91a42f6d-e7d7-4b82-9acc-64c36b61eaff,吉林音乐广播 东北亚音乐台,jilin,music,chinese,UNKNOWN,0,33,https://live-jlr.jlntv.cn/live/fm927.m3u8,reachable,200,application/vnd.apple.mpegurl,application/vnd.apple.mpegurl,2026-01-15T00:33:22Z,https://www.jlntv.cn/index
878,9e81549e-597b-4de4-ae85-1bda719b7bb5,安徽戏曲广播 高清,,,chinese,UNKNOWN,0,33,http://satellitepull.cnr.cn/live/wxahxqgb/playlist.m3u8?wsSession=c650605f64c6488d38b66982-174830342984889&wsIPSercert=cd39a342afce39d82188ebae3a31d1b8,reachable,200,application/x-mpegurl,application/x-mpegurl,2026-01-15T04:22:41Z,https://www.ahtv.cn/
879,d7116fa4-bb47-11e8-aaf2-52543be04c81,Kiangsi Financial Radio,Kiangsi,,chinese,MP3,0,33,http://lhttp.qingting.fm/live/5021665/64k.mp3,reachable,200,audio/mpeg,audio/mpeg,2026-01-15T02:30:35Z,http://www.jxntv.cn/
880,cefe4379-ec61-4c97-89c0-b3786c08ce72,昆明综合广播,Yunnan,"full service,news,talk",chinese,MP3,0,33,https://lhttp.qtfm.cn/live/1934/64k.mp3,reachable,200,audio/mpeg,audio/mpeg,2026-01-15T08:02:03Z,http://www.kunmingbc.com/
881,d3b2f094-347f-4773-b65d-8392912734f6,徐州农村广播（蜻蜓FM）,Kiangsu,,chinese,MP3,0,33,https://lhttp-hw.qtfm.cn/live/20211623/64k.mp3,reachable,200,audio/mpeg,audio/mpeg,2026-01-15T07:00:09Z,https://www.qtfm.cn/radios/20211623/
882,83be2bc4-c68f-4a59-b5fa-3ee78298c606,卧龙区台,Honan,public radio,chinese,MP3,0,33,https://lhttp.qtfm.cn/live/20500113/64k.mp3,reachable,200,audio/mpeg,audio/mpeg,2026-01-15T08:03:36Z,http://www.wolong.gov.cn/
883,16405613-796d-44af-9c77-96e08f45769c,安徽交通广播,Anhui,traffic,chinese,UNKNOWN,224,33,https://satellitepull.cnr.cn/live/wxahjtgb/playlist.m3u8,reachable,200,application/x-mpegurl,application/x-mpegurl,2026-01-14T23:41:54Z,http://www.ahrtv.cn/
884,9a275f03-c1f3-4f34-a3fa-a22ddbab259d,濮阳综合广播,Honan,5g智慧电台,chinese,MP3,0,33,https://lhttp.qingting.fm/live/20207739/64k.mp3,reachable,200,audio/mpeg,audio/mpeg,2026-01-15T06:46:22Z,http://www.pytv.ha.cn/news
885,ae221e07-e3d9-45b3-994f-8d622a0fbc9e,盘锦交通文艺广播,Liaoning,entertainment,chinese,UNKNOWN,0,33,http://live.xmcdn.com/live/350/64.m3u8,reachable,200,application/vnd.apple.mpegurl,application/vnd.apple.mpegurl,2026-01-15T05:56:44Z,https://www.panjin.gov.cn/
886,19c2d3be-872d-4cf0-8d9d-1775329c37f0,肃宁综合广播,hopei,public radio,chinese,MP3,0,33,https://lhttp.qtfm.cn/live/20500183/64k.mp3,reachable,200,audio/mpeg,audio/mpeg,2026-01-14T23:57:38Z,http://cz.hebei.com.cn/suning/msbd/
887,1c244b2a-4e4f-46de-9351-80329e5aeada,仪征人民广播电台,Kiangsu,news,chinese,MP3,0,33,https://lhttp.qingting.fm/live/15318182/64k.mp3,not_found,404,,HTTP 404,2026-01-15T00:40:59Z,http://www.yzycedu.cn/
888,b20c3e9e-2c78-44d6-90a0-007c2a45b454,北京文艺广播,,,,MP3,0,33,https://lhttp.qtfm.cn/live/333/64k.mp3,reachable,200,audio/mpeg,audio/mpeg,2026-01-14T22:54:12Z,https://www.rbc.cn/
889,8e2876cc-e604-409d-9e57-f640a22cd07e,温州经济广播,Chekiang,entertainment,chinese,MP3,0,33,https://lhttp.qtfm.cn/live/1157/64k.mp3,reachable,200,audio/mpeg,audio/mpeg,2026-01-15T06:23:59Z,http://www.wztv.cn/
890,3b7e1d08-c979-40c1-9466-05db99ec72c0,上海麗都廣播電台 1940's Shanghai Vintage Jazz Shidaiqu Radio,Taiwan Hongkong ,"1940,1940's,1940s,jazz,smooth jazz,vintage music,vintage records",,MP3,128,33,https://radio.nitro-server.uk/listen/1940sshanghaioldtimesmusicradio/radio.mp3,reachable,200,audio/mpeg,audio/mpeg,2026-01-30T04:30:31Z,https://radio.nitro-server.uk/public/1940sshanghaioldtimesmusicradio
891,01a1e831-071e-462c-baaa-7d35ac234204,张家口城市生活广播,Hopei,"music,pop",chinese,MP3,0,33,https://lhttp.qtfm.cn/live/5021801/64k.mp3,reachable,200,audio/mpeg,audio/mpeg,2026-01-14T23:48:53Z,http://m.zjknews.com/
892,079b1fb9-3cfa-4d63-b0c2-80b728bcb194,潍坊市潍城区 FM100.8城市之声,Shantung,"auto,easy listening,enjoy,entertainment,music,traffic,traffic radio broadcast",chinese,MP3,0,33,https://lhttp.qtfm.cn/live/20211696/64k.mp3,reachable,200,audio/mpeg,audio/mpeg,2026-01-14T23:39:46Z,http://www.wfdaily.net.cn/content/node_21746_2.htm
893,f7893274-9d8e-496d-b33a-3863fe0d6a40,烟台综合广播,Shantung,news,chinese,MP3,0,33,https://lhttp.qtfm.cn/live/1682/64k.mp3,reachable,200,audio/mpeg,audio/mpeg,2026-01-15T04:11:54Z,http://radio.jiaodong.net/
894,08d1e1b5-6789-4d20-9c3b-f4664eb7ece4,呼和浩特综合广播,,,chinese,MP3,0,34,https://lhttp-hw.qtfm.cn/live/5021543/64k.mp3,not_found,404,,HTTP 404,2026-01-15T07:19:54Z,https://www.0471tv.org.cn/
895,3b356db3-3416-4aa3-ac95-71c783ca58e9,河南经济广播,Honan,"music,talk",chinese,AAC,64,34,https://stream.hndt.com/live/jingji/playlist.m3u8,reachable,200,application/vnd.apple.mpegurl,application/vnd.apple.mpegurl,2026-01-15T00:04:28Z,http://www.hndt.com/
896,7ddac0c7-7c55-4b55-9916-356b723741e5,河北交通广播 高清,,traffic information,chinese,UNKNOWN,0,34,https://satellitepull.cnr.cn/live/wxhebjtgb/playlist.m3u8?wsSession=a919bd0baf31a1a6f3966f08-174814190710731&wsIPSercert=302e928c9e06924943d63c021170d763,reachable,200,application/x-mpegurl,application/x-mpegurl,2026-01-15T07:33:27Z,https://www.hebtv.com/
897,7192df7a-ff56-47cc-9531-df2d0abfc5aa,应城综合广播,Hupei,public radio,chinese,UNKNOWN,0,34,http://live.xmcdn.com/live/2798/64.m3u8,reachable,200,application/vnd.apple.mpegurl,application/vnd.apple.mpegurl,2026-01-14T23:29:03Z,http://yingcheng.cjyun.org/
898,b1081cad-f841-4b91-9dea-6680890d90d7,宝鸡交通旅游广播,,traffic information,chinese,MP3,0,34,https://lhttp-hw.qtfm.cn/live/15318128/64k.mp3,reachable,200,audio/mpeg,audio/mpeg,2026-01-15T04:30:45Z,http://www.baojinews.com/
899,13102d7a-2e08-40c0-b73a-718676e36eb8,大连体育广播,Dalian,"sport,sports",chinese,UNKNOWN,0,34,http://ls.qingting.fm/live/1085.m3u8,reachable,200,application/vnd.apple.mpegurl,application/vnd.apple.mpegurl,2026-01-15T06:06:20Z,http://www.dlxww.com/
900,44f58d45-b8db-4cb2-89a9-08929c0cb1f0,绵阳综合广播,Szechuan,"full service,news,storytelling",chinese,MP3,0,34,https://lhttp.qtfm.cn/live/4024/64k.mp3,reachable,200,audio/mpeg,audio/mpeg,2026-01-15T05:00:57Z,http://www.myntv.cn/
901,70790f35-d78c-4fb3-ae7a-9ca04c76f2c3,开平电台 飞扬956,,"95.6,95.6 fm,entertainment,full service,lifestyle,music,oldies",cantonese,MP3,0,34,https://lhttp-hw.qtfm.cn/live/5037/64k.mp3,reachable,200,audio/mpeg,audio/mpeg,2026-01-15T01:52:51Z,http://www.kaiping.gov.cn/
902,23c21683-239d-4c23-86cb-ac6c7ab10bf0,浦东文艺生活广播 城市沸点FM100.1,Shanghai,music,chinese,MP3,0,34,https://lhttp-hw.qtfm.cn/live/5022341/64k.mp3,reachable,200,audio/mpeg,audio/mpeg,2026-01-15T04:36:26Z,https://www.pudongtv.cn/
903,6ac5df80-8e54-4de9-a938-72f2c24749f6,盘锦综合广播,Liaoning,news,chinese,UNKNOWN,0,34,http://live.xmcdn.com/live/348/64.m3u8,reachable,200,application/vnd.apple.mpegurl,application/vnd.apple.mpegurl,2026-01-15T06:46:22Z,https://www.panjin.gov.cn/
904,8e80e27a-6c05-4322-92f1-d7b2fb74d799,辽源交通文艺广播,Jilin,traffic,chinese,UNKNOWN,76,34,http://stream9.jlntv.cn/lyjtgb/playlist.m3u8,reachable,200,application/vnd.apple.mpegurl,application/vnd.apple.mpegurl,2026-01-15T07:59:11Z,http://www.0437tv.com/
905,60ac8f35-57f2-4337-84be-61a987fa9f4b,广西卫视伴音,Kwangsi,tv,chinese,UNKNOWN,0,34,https://piccpndali.v.myalicdn.com/audio/guangxi_2.m3u8,reachable,200,application/x-mpegURL,application/x-mpegURL,2026-01-15T01:44:13Z,https://www.gxtv.cn/
906,17c19db3-3b2b-40e6-a7d8-878e8be4f44b,江西旅游广播,Kiangsi,"music,oldies",chinese,MP3,0,34,https://lhttp.qtfm.cn/live/20133/64k.mp3,reachable,200,audio/mpeg,audio/mpeg,2026-01-15T02:49:44Z,https://www.jxntv.cn/
907,787ffba0-b9b1-11e8-aaf2-52543be04c81,Kweiyang News Radio,Kweichow,,chinese,UNKNOWN,0,34,http://ls.qingting.fm/live/1773.m3u8,reachable,200,application/vnd.apple.mpegurl,application/vnd.apple.mpegurl,2026-01-15T04:18:44Z,http://www.qguiyang.cn/
908,952a1eaa-afc4-44d5-a186-8832e732c026,宁夏卫视伴音,Ningsia,tv,chinese,UNKNOWN,0,34,https://piccpndali.v.myalicdn.com/audio/ningxia_2.m3u8,reachable,200,application/x-mpegURL,application/x-mpegURL,2026-01-15T08:31:18Z,http://www.nxtv.com.cn/
909,20608c8c-33b2-4b37-809d-22163e0b1021,济源广播电台FM102.0,Honan,full service,chinese,MP3,0,34,https://lhttp.qingting.fm/live/5022142/64k.mp3,reachable,200,audio/mpeg,audio/mpeg,2026-01-14T23:19:04Z,http://www.jyrb.cn/
910,da4a4d9a-b8fb-11e8-aaf2-52543be04c81,Shikiachwang Music Radio,Hopei,,chinese,UNKNOWN,0,34,http://ls.qingting.fm/live/1654.m3u8,reachable,200,application/vnd.apple.mpegurl,application/vnd.apple.mpegurl,2026-01-15T01:09:32Z,http://www.sjzntv.cn/
911,1fc9ec77-2f2e-49c1-8c5e-33d2ae1f568d,奎屯综合广播,Sinkiang,"m3u8,public radio",chinese,UNKNOWN,0,34,http://218.84.12.186:8000/hls/main/playlist.m3u8,reachable,200,application/vnd.apple.mpegurl,application/vnd.apple.mpegurl,2026-01-15T08:08:05Z,http://www.piaodown.com/app/1053962.html
912,e2304861-a690-4f77-881e-6705d8475833,测试15,,,chinese,MP3,16,34,https://s1-fmt2.liveatc.net/rjtt_atis?nocache=2022041008015119728,reachable,200,audio/mpeg,audio/mpeg,2026-01-15T01:17:31Z,https://www.fqxww.cn/
913,96f4077f-b92e-48c0-a416-16891bed651e,龙井综合广播,Jilin,"news,public radio",chinese,UNKNOWN,75,34,http://stream9.jlntv.cn/longjinggb/playlist.m3u8,reachable,200,application/vnd.apple.mpegurl,application/vnd.apple.mpegurl,2026-01-15T04:51:20Z,http://www.jlntv.cn/newpc/wlt/live/
914,36b5ed40-fb2a-40ba-a455-91f9f0be27c3,武义广播FM87.7,Chekiang,news,chinese,UNKNOWN,0,34,http://l.cztvcloud.com/channels/lantian/SXwuyiaud/128k.m3u8,reachable,200,application/x-mpegURL,application/x-mpegURL,2026-01-15T02:29:06Z,http://www.wynews.cn/
915,1e72a3d1-183b-4232-988b-bad1a577d111,FM103.3 AM882 大连新闻综合广播,Dalian,"dalian city,full service,government,information,lifestyle,news,public service",chinese,UNKNOWN,0,34,https://live.xmcdn.com/live/2732/64.m3u8,reachable,200,application/vnd.apple.mpegurl,application/vnd.apple.mpegurl,2026-01-15T08:38:09Z,http://www.dltv.cn/channel/xwgb/
916,ee6f6ddc-b56c-4104-9493-f90aeb95793b,内江交通广播,Szechuan,traffic radio broadcast,chinese,UNKNOWN,0,35,https://www.scnj.tv/hls_njtv/live/jtgb.m3u8,reachable,200,application/vnd.apple.mpegurl,application/vnd.apple.mpegurl,2026-01-15T06:56:27Z,https://www.scnj.tv/
917,bb0dcca9-0248-480d-92b6-34374f2af47e,枣庄交通·文艺广播,Shantung,"music,traffic radio broadcast",chinese,MP3,0,35,https://lhttp.qtfm.cn/live/1688/64k.mp3,reachable,200,audio/mpeg,audio/mpeg,2026-01-15T06:08:23Z,http://www.lncm.cn/
918,39c8bec3-5ce0-4fa4-a00e-5f000d3abefe,攀枝花综合广播,Szechuan,information,chinese,MP3,0,35,https://lhttp.qtfm.cn/live/4904/64k.mp3,reachable,200,audio/mpeg,audio/mpeg,2026-01-15T07:33:27Z,http://www.pzhnews.org/
919,2b2d1032-0563-4407-b0ba-78f523d08240,宁夏交通广播,Ningsia,traffic radio broadcast,chinese,MP3,0,35,https://lhttp.qtfm.cn/live/1840/64k.mp3,reachable,200,audio/mpeg,audio/mpeg,2026-01-15T00:29:13Z,http://www.nxtv.com.cn/
920,d23fa0ba-10ee-4241-8d2c-5a940a1c337f,Gensokyo Radio,,,,MP3,128,35,https://stream.gensokyoradio.net/1,reachable,200,audio/mpeg,audio/mpeg,2026-01-14T22:54:07Z,https://gensokyoradio.net/
921,055f9545-aa3c-42f5-93ae-227dc3e145dd,通化县综合广播,Jilin,"news,public radio",chinese,UNKNOWN,62,35,http://stream3.jlntv.cn/thxgb/playlist.m3u8,reachable,200,application/vnd.apple.mpegurl,application/vnd.apple.mpegurl,2026-01-15T04:56:18Z,"https://m.baidu.com/from=1024325b/bd_page_type=1/ssid=0/uid=0/pu=usm@1,sz@224_220,ta@iphone___24_86.0/baiduid=CE550FD445061144FD91259031E205BF/w=0_10_/t=iphone/l=1/tc?clk_type=1&vit=osres&l=1&baiduid=CE550FD445061144FD91259031E205BF&t=iphone&ref=www_iphone&from=1024325b&ssid=0&lid=8362896801357660162&bd_page_type=1&pu=usm@1,sz@224_220,ta@iphone___24_86.0&order=1&fm=alop&isAtom=1&clk_info={%22tplname%22:%22guanfanghao%22,%22srcid%22:206,%22jumpType%22:%22%22,%22t%22:1637053448574,%22xpath%22:%22div-article(source:1619187065215164)-section-div(b)-div-div-div-div-div-div-div-div-div-div-div2-a-div-div-div-span-em%22}&is_baidu=0&h5ad=0&dict=-1&tj=guanfanghao_1_0_10_l1&wd=&eqid=740efa55122c80021000000161937402&w_qd=IlPT2AEptyoA_ykwv4ocxxKxIVpSe8sotFgWoPjQtR5rQh7&bdver=2&tcplug=1&sec=16737&di=95ce09ac578d3ea4&bdenc=1&tch=124.0.273.187.0.0&nsrc=/6NNt/LEYI3SWv3uDqzpCSKA6oFuBdwtV5s8C9zOQD6Jh0bGJabdBqzcOo3hZle4+b7LIN3WZxldUoAoWGh2nyCWZ5T4r6UKGtUP/u6omKBPdHxQzw0vll/ccFLb4oBkqYOaDp5Vw9myHkjy1PiSVOTMaCsP4KW+Euk6PoYruDEhEUsawfzq6qNWhLgWRp5TjRc35SlRfqPmKudk4SGzbEiJ0pviCDeRNB7gYPNebpIUA8Y1U7Z4SkEi+4iqN2IshEbil3TTVap9BBCwBWFVHUjvxGbruNX1Rw37Gv7eOcETxOqDqGJ5MW7Iu014V/Qo"
922,fff4df7e-68ce-454d-8da5-aebf21ebe482,集安综合广播,Jilin,news,chinese,UNKNOWN,75,35,http://stream3.jlntv.cn/jagb/playlist.m3u8,reachable,200,application/vnd.apple.mpegurl,application/vnd.apple.mpegurl,2026-01-15T03:17:37Z,https://baike.baidu.com/item/%E9%9B%86%E5%AE%89%E5%B9%BF%E6%92%AD%E7%94%B5%E8%A7%86%E5%8F%B0/13033562?ivk_sa=1022817p
923,25a72226-4111-446b-b146-6a5c936e4df3,张家口旅游广播,Hopei,"culture,lounge,tourism",chinese,MP3,0,35,http://lhttp.qingting.fm/live/5021507/64k.mp3,reachable,200,audio/mpeg,audio/mpeg,2026-01-15T01:34:09Z,http://www.zjkgdcs.com/
924,44a40b3d-fa33-4fe9-88e1-010ede78fb6e,集美广播,,music,chinese,MP3,0,35,http://lhttp.qingting.fm/live/5022479/64k.mp3,reachable,200,audio/mpeg,audio/mpeg,2026-01-15T03:53:54Z,http://www.xmtv.cn/jimei/news
925,e955b239-1af1-4976-be03-0ca01f846d54,敦化综合广播,Jilin,news,chinese,UNKNOWN,75,35,http://stream9.jlntv.cn/dhgb/playlist.m3u8,reachable,200,application/vnd.apple.mpegurl,application/vnd.apple.mpegurl,2026-01-15T01:49:53Z,http://www.jlntv.cn/newpc/wlt/live/
926,2a62f9b8-9fb4-41bd-bc5e-4d2f702f4dfd,安徽老年广播,Anhwei,"107.4,old age",chinese,UNKNOWN,0,35,http://ls.qingting.fm/live/1951.m3u8,reachable,200,application/vnd.apple.mpegurl,application/vnd.apple.mpegurl,2026-01-14T23:34:44Z,https://www.ahrtv.cn/
927,47c5bb53-a2f5-421b-8a00-98d8c3d0a14a,张家口农业经济广播,Hopei,entertainment,chinese,MP3,0,35,https://lhttp.qtfm.cn/live/5021507/64k.mp3,reachable,200,audio/mpeg,audio/mpeg,2026-01-15T06:11:46Z,http://m.zjknews.com/
928,7a0cfda1-1467-4e32-807c-47808ee83d0f,开化广播,Chekiang,news,chinese,UNKNOWN,0,35,http://l.cztvcloud.com/channels/lantian/SXkaihuaaud/128k.m3u8,reachable,200,application/x-mpegURL,application/x-mpegURL,2026-01-14T23:41:04Z,http://khnews.zjol.com.cn/khnews/gggs/
929,c263f652-be61-11e8-aaf2-52543be04c81,Shansi Economics Radio,Shansi,,chinese,MP3,0,35,http://lhttp.qingting.fm/live/20501/64k.mp3,reachable,200,audio/mpeg,audio/mpeg,2026-01-15T02:35:55Z,http://www.sxrtv.com/
930,c04ceee0-1728-449e-a3eb-9c9c71339170,洞头广播,Chekiang,news,chinese,UNKNOWN,0,35,http://l.cztvcloud.com/channels/lantian/SXdongtouaud/128k.m3u8,reachable,200,application/x-mpegURL,application/x-mpegURL,2026-01-15T00:20:02Z,http://www.dtxw.cn/
931,2d60cbb3-0808-44a9-ae1a-6463e863ead5,武进人民广播电台(2),Kiangsu,news,chinese,UNKNOWN,0,35,http://live.wjyanghu.com/live/CH6.m3u8,reachable,200,application/vnd.apple.mpegurl,application/vnd.apple.mpegurl,2026-01-15T00:10:03Z,http://news.wjyanghu.com/
932,cd94bd5b-1413-400f-855d-12c7fbad9a1b,阳信广播电视台,Shantung,103.4,chinese,MP3,0,35,https://lhttp.qtfm.cn/live/5021991/64k.mp3,reachable,200,audio/mpeg,audio/mpeg,2026-01-14T23:49:40Z,https://www.251800.com/
933,dc455263-be63-4444-9060-c78931262c9c,奎屯综合广播,Sinkiang,"music,news",chinese,MP3,0,35,https://lhttp.qtfm.cn/live/20500121/64k.mp3,reachable,200,audio/mpeg,audio/mpeg,2026-01-15T08:44:04Z,https://www.qingting.fm/radios/20500121
934,f5f9223b-827c-4b9f-aabd-0d23e7cc23ce,洛阳综合广播,Honan,full service,chinese,MP3,0,35,http://lhttp.qingting.fm/live/1225/64k.mp3,reachable,200,audio/mpeg,audio/mpeg,2026-01-15T05:46:02Z,http://www.lytv.com.cn/dist/#/
935,75e8a270-df28-419e-9c1d-4e4b91bd229b,郑州文体旅游广播,Honan,culture,chinese,MP3,0,35,https://lhttp.qtfm.cn/live/1222/64k.mp3,reachable,200,audio/mpeg,audio/mpeg,2026-01-15T01:10:51Z,http://www.zzradio.cn/
936,d0bfa78c-7f03-4ae0-abee-3580f1a8d788,普洱交通广播,Yunnan,lifestyle,chinese,MP3,0,35,http://lhttp.qingting.fm/live/20212429/64k.mp3,reachable,200,audio/mpeg,audio/mpeg,2026-01-15T05:42:32Z,http://www.pegbw.com/
937,0aea5d05-a8c9-4e9d-90c5-f8eacca2d507,衡水综合广播,Hopei,"101.9,101.9 fm,información,music,news,pop",chinese,MP3,0,35,https://lhttp.qtfm.cn/live/5022040/64k.mp3,reachable,200,audio/mpeg,audio/mpeg,2026-01-15T02:14:38Z,https://www.163.com/dy/media/T1555664746753.html
938,9e339692-d808-4f53-ae4b-63d08bd23588,海口音乐广播,Hainan,"91.6,91.6 fm,music",chinese,UNKNOWN,0,36,https://ls.qingting.fm/live/20010/64k.m3u8,reachable,200,application/vnd.apple.mpegurl,application/vnd.apple.mpegurl,2026-01-15T04:15:07Z,http://www.hkbtv.cn/
939,d92edf04-81df-4e33-a44b-21155eb0136c,绍兴交通广播,Chekiang,"94.1,94.1 fm,entertainment,traffic radio broadcast",chinese,UNKNOWN,0,36,http://live.shaoxing.com.cn/audio/s10001-jt2/index.m3u8,reachable,200,application/vnd.apple.mpegurl,application/vnd.apple.mpegurl,2026-01-15T01:48:00Z,http://www.shaoxing.com.cn/
940,f6268d67-7ae4-4309-b492-568d0c99ef35,云南国际广播 Yunnan International Radio,Yunnan,international,"chinese,vietnamese",AAC,128,36,https://gbw.ynradio.cn/radio/gjgb.stream/playlist.m3u8,reachable,200,application/vnd.apple.mpegurl,application/vnd.apple.mpegurl,2026-01-15T07:31:29Z,https://www.ynradio.cn/
941,3f196b43-6d26-467d-9a84-bfbc951478f5,朝阳综合广播,Liaoning,full service,chinese,MP3,0,36,https://lhttp.qtfm.cn/live/20715/64k.mp3,reachable,200,audio/mpeg,audio/mpeg,2026-01-15T05:42:32Z,https://www.cygbdst.com/
942,a2e05c50-539b-4b69-bbad-3de5573f8151,桦甸综合广播,Jilin,"news,public radio",chinese,UNKNOWN,0,36,http://stream9.jlntv.cn/aac_huadiangb/sd/live.m3u8,reachable,200,application/vnd.apple.mpegurl,application/vnd.apple.mpegurl,2026-01-15T06:43:16Z,http://www.jlntv.cn/newpc/wlt/live/
943,71a04da3-f1b5-4b95-918e-fcf831046393,太原经济广播,Shansi,music,chinese,MP3,0,36,https://lhttp-hw.qtfm.cn/live/4018/64k.mp3,reachable,200,audio/mpeg,audio/mpeg,2026-01-15T06:32:25Z,http://www.tynews.com.cn/
944,3fefadbb-bda0-11e8-aaf2-52543be04c81,Ningsia Traffic Radio,Ningsia,,chinese,UNKNOWN,0,36,http://ls.qingting.fm/live/1840.m3u8,reachable,200,application/vnd.apple.mpegurl,application/vnd.apple.mpegurl,2026-01-15T00:47:34Z,http://www.nxtv.com.cn/
945,4811e008-8943-4b00-8b2c-ec5f02d9ec3e,长治综合广播,Shansi,public radio,chinese,MP3,0,36,https://lhttp.qtfm.cn/live/5021874/64k.mp3,reachable,200,audio/mpeg,audio/mpeg,2026-01-15T00:58:35Z,https://weibo.com/cznrt
946,734bb6de-d7ea-482d-bbea-185b4d7aabc6,邯郸交通广播,Hopei,,chinese,MP3,0,36,https://lhttp.qtfm.cn/live/3950/64k.mp3,reachable,200,audio/mpeg,audio/mpeg,2026-01-15T08:22:03Z,http://www.hdbs.cn/
947,b11f884b-391c-4914-acf6-63f0cc6ff421,鹰潭交通音乐广播,Kiangsi,music,chinese,MP3,0,36,https://lhttp.qingting.fm/live/5022036/64k.mp3,reachable,200,audio/mpeg,audio/mpeg,2026-01-15T05:32:55Z,http://yt.jxntv.cn/
948,74e685b1-2dea-40a3-af8a-bc5d9d2ab0cd,托峰明珠交通音乐·温宿人民广播电台,Sinkiang,music,chinese,MP3,0,36,https://lhttp.qingting.fm/live/20207780/64k.mp3,reachable,200,audio/mpeg,audio/mpeg,2026-01-15T05:28:02Z,https://www.wszf.gov.cn/
949,77055783-f5aa-45f0-8e58-1bd55328d52a,旌阳区综合广播,Szechuan,"music,news",chinese,MP3,0,36,https://lhttp.qingting.fm/live/5021933/64k.mp3,reachable,200,audio/mpeg,audio/mpeg,2026-01-14T23:16:26Z,http://dy.newssc.org/qxxw/qyq/
950,d235dc55-69a0-4aeb-a0fd-2033597d85aa,测试24,,,chinese,MP3,32,36,http://d.liveatc.net/vhhh5,reachable,200,audio/mpeg,audio/mpeg,2026-01-15T02:47:38Z,https://www.fqxww.cn/
951,536a3ba3-357f-4bbe-afb3-fcdedb83e516,延吉交通之声(2),Jilin,"entertainment,lounge,music",chinese,UNKNOWN,75,36,http://stream7.jlntv.cn/yjgb/playlist.m3u8,reachable,200,application/vnd.apple.mpegurl,application/vnd.apple.mpegurl,2026-01-15T06:30:27Z,http://www.yanji.tv/
952,a29758a1-9eb5-4b46-ba81-334debc6b1fe,测试23,,,chinese,MP3,16,36,http://d.liveatc.net/rcss2,reachable,200,audio/mpeg,audio/mpeg,2026-01-14T23:51:17Z,https://www.fqxww.cn/
953,24053de2-301c-47ad-80b8-3c3f0fbfe9c6,南阳交通音乐广播,Honan,entertainment,chinese,MP3,0,36,https://lhttp.qingting.fm/live/1212/64k.mp3,reachable,200,audio/mpeg,audio/mpeg,2026-01-15T06:40:24Z,https://www.nydt.cn/
954,98115fc3-7875-42a7-9358-5c778344f9f1,青岛交通广播,Shantung,"m3u8,traffic radio broadcast",chinese,UNKNOWN,0,36,http://video10.qtv.com.cn/zhibojtgb/manifest.m3u8,reachable,200,application/vnd.apple.mpegurl,application/vnd.apple.mpegurl,2026-01-15T07:12:24Z,http://www.qtv.com.cn/
955,69b063aa-fd65-45dc-9047-b1a50cd46ffc,衡阳综合广播,Hunan,"music,news,public radio",chinese,MP3,0,36,https://lhttp.qtfm.cn/live/15318386/64k.mp3,reachable,200,audio/mpeg,audio/mpeg,2026-01-15T04:39:08Z,http://www.hydst.com/hygdindex.html
956,968dc5bf-d8a6-4326-824f-0aade7d04ac2,自贡文化旅游广播,Szechuan,culture,chinese,MP3,0,36,https://lhttp.qtfm.cn/live/20529/64k.mp3,reachable,200,audio/mpeg,audio/mpeg,2026-01-15T08:20:38Z,http://www.zgbctv.com/fccommon/home/index
957,6d51a677-2790-4e61-a512-2393b3f991ae,zoeyrrmusic,,,chinese,MP3,0,36,https://stream.zeno.fm/oedlk517cufvv,unreachable,,,连接失败: timed out,2026-01-15T05:53:55Z,https://zeno.fm/radio/zoeyrrmusic/
958,7457e4b4-15ad-42d1-a333-0346929be8c6,绿洲俱乐部Live House,,,chinese,MP3,0,36,https://stream.zeno.fm/by5n9vuubphvv,unreachable,,,连接失败: timed out,2026-01-15T05:51:15Z,https://zeno.fm/radio/lu-zhou-ju-le-bulive-house/
959,a76bd9f3-4243-4269-b2af-f246e1b076b3,萧山综合广播,Chekiang,"107.9,107.9 fm,public radio",chinese,UNKNOWN,0,37,https://l.cztvcloud.com/channels/lantian/SXxiaoshanaud1/128k.m3u8,reachable,200,application/x-mpegURL,application/x-mpegURL,2026-01-15T03:48:14Z,http://www.xianghunet.com/
960,70a044b3-5b7c-424e-8ed5-8f032a7ee279,文成广播,Chekiang,news,chinese,UNKNOWN,0,37,http://l.cztvcloud.com/channels/lantian/SXwenchengaud/128k.m3u8,reachable,200,application/x-mpegURL,application/x-mpegURL,2026-01-15T05:56:44Z,http://wap.66wc.com/
961,0b95579d-fdce-44e0-8262-006c83b01da1,阳泉交通广播,Shansi,"music,traffic",chinese,MP3,0,37,http://lhttp.qingting.fm/live/15318165/64k.mp3,reachable,200,audio/mpeg,audio/mpeg,2026-01-15T03:53:54Z,http://www.yqrtv.com/
962,096ab895-df1f-4bcd-8d02-e8f55a9ade7a,杭州城市资讯广播 FM90.7杭州潮流音乐电台,Chekiang,"electronic,hits,music,pop,rock",chinese,MP3,0,37,https://lhttp-hw.qtfm.cn/live/15318146/64k.mp3,reachable,200,audio/mpeg,audio/mpeg,2026-01-15T03:05:15Z,https://www.hoolo.tv/
963,1dab6209-d9b1-487f-9b72-9f4fff45f0af,承德综合广播,Hopei,news,chinese,MP3,0,37,https://lhttp.qtfm.cn/live/20500052/64k.mp3,reachable,200,audio/mpeg,audio/mpeg,2026-01-15T03:13:35Z,https://www.chengdetv.com/
964,3d3c045f-84c4-4058-ab51-b4ffac53ca44,大连少儿广播,Dalian,"children,music",chinese,MP3,0,37,https://lhttp.qtfm.cn/live/1084/64k.mp3,reachable,200,audio/mpeg,audio/mpeg,2026-01-15T08:27:56Z,http://www.dlxww.com/
965,82474b99-d140-4dfa-a40d-560b9979beec,郑州经典音乐广播,Honan,"107.9,107.9 fm,music,oldies",chinese,MP3,0,37,https://lhttp-hw.qtfm.cn/live/1223/64k.mp3,reachable,200,audio/mpeg,audio/mpeg,2026-01-15T00:47:34Z,https://www.weibo.com/zhengzhouradio
966,aefb745a-e0db-485b-9602-20d57b2e7f2c,江山市广播电视台广播节目,Chekiang,"104.7,104.7 fm",chinese,UNKNOWN,0,37,http://play-sh.quklive.com/live/1621846880977914.m3u8,reachable,200,application/x-mpegURL,application/x-mpegURL,2026-01-14T23:25:16Z,https://shouyou.3dmgame.com/zt/100694_game/
967,6f973ffa-e508-42d1-9059-4af4faa3131f,平顶山综合广播,Honan,98.9,chinese,MP3,0,37,https://lhttp.qtfm.cn/live/5022420/64k.mp3,reachable,200,audio/mpeg,audio/mpeg,2026-01-15T08:32:39Z,http://www.pdsrtv.cn/
968,f3ab5e63-a51e-4ed1-88f5-d7ae7ddb2a38,春天的风,,好听,音乐,UNKNOWN,0,37,https://radio.pull.hebtv.com/live/hebxw.m3u8,reachable,200,application/vnd.apple.mpegurl,application/vnd.apple.mpegurl,2026-01-14T22:54:11Z,https://radio.pull.hebtv.com/live/hebxw.m3u8
969,0ea7e556-c123-475f-b086-a5c921a35a88,南京经济广播,Kiangsu,economics,chinese,UNKNOWN,0,37,http://live.xmcdn.com/live/69/64.m3u8,reachable,200,application/vnd.apple.mpegurl,application/vnd.apple.mpegurl,2026-01-15T00:22:18Z,http://www.njgb.com/
970,d4f6f8d3-3e52-41f5-aec5-5fa16a406f38,张家口综艺广播,Hopei,"culture,entertainment",chinese,MP3,0,37,https://lhttp.qtfm.cn/live/5021910/64k.mp3,reachable,200,audio/mpeg,audio/mpeg,2026-01-15T03:49:38Z,http://m.zjknews.com/
971,97427a5c-e3b6-4dff-a618-31d3007fcbe2,黑山县广播电视台广播节目,Liaoning,"100.5,100.5 fm",chinese,MP3,0,37,https://lhttp.qtfm.cn/live/20500119/64k.mp3,reachable,200,audio/mpeg,audio/mpeg,2026-01-15T06:48:55Z,http://www.heishan.gov.cn/list.jsp?urltype=tree.TreeTempUrl&wbtreeid=1012
972,4f7be892-7114-4d98-b672-39a5e89c4aa4,测试13,,,chinese,MP3,0,37,https://s1-fmt2.liveatc.net/rjaa_atis?nocache=2022041005060023921,reachable,200,audio/mpeg,audio/mpeg,2026-01-15T00:12:47Z,https://www.fqxww.cn/
973,f3e53faa-5777-478a-9c9e-4e8790618781,haxnbauer Radio,,,chinese,MP3,0,37,https://stream.zeno.fm/zlomctwllyxvv,unreachable,,,连接失败: timed out,2026-01-15T06:51:37Z,https://zeno.fm/radio/haxnbauer-radio/
974,f7910cca-75f6-49b1-a029-0bd72fe3d559,江西时尚广播,Kiangsi,"entertainment,fashion,music,pop music",chinese,MP3,0,37,http://lhttp.qingting.fm/live/20500092/64k.mp3,reachable,200,audio/mpeg,audio/mpeg,2026-01-15T07:12:25Z,http://m.jxntv.cn/
975,057fd799-8307-4eb3-9db7-52f0150979e0,唐山综合广播,Hopei,news,chinese,MP3,0,37,https://lhttp.qtfm.cn/live/1657/64k.mp3,reachable,200,audio/mpeg,audio/mpeg,2026-01-15T02:10:00Z,https://www.tsr.he.cn/
976,f4e04ea4-c270-44b9-9bf7-5ed72cd587b3,Xuzhou,,pop,,MP3,0,37,http://lhttp.qingting.fm/live/4923/64k.mp3,reachable,200,audio/mpeg,audio/mpeg,2026-01-14T22:54:03Z,
977,d7fbe264-2626-4208-b1ba-8f8ad2187b08,嘉兴交通广播,Chekiang,traffic,chinese,MP3,0,37,http://lhttp.qingting.fm/live/1135/64k.mp3,reachable,200,audio/mpeg,audio/mpeg,2026-01-15T02:15:15Z,http://www.jxrtv.com/
978,659f6c4a-9c6b-4b55-84c8-d499c4181461,DLR-5 大连少儿广播,Dalian,"children,music",chinese,MP3,0,37,https://lhttp.qtfm.cn/live/5022506/64k.mp3,reachable,200,audio/mpeg,audio/mpeg,2026-01-15T04:29:18Z,http://www.dlxww.com/
979,62a130c3-fd14-49b0-9505-df4dbb55c683,荆州交通广播,Hupei,traffic,chinese,MP3,0,37,https://lhttp.qtfm.cn/live/1312/64k.mp3,reachable,200,audio/mpeg,audio/mpeg,2026-01-15T00:17:33Z,http://v.jznews.com.cn/
980,df5ea34d-1be4-4145-8132-51d8465a78b6,枣庄综合广播,Shantung,"full service,government,information,news,talk",chinese,MP3,0,37,https://lhttp.qtfm.cn/live/1686/64k.mp3,reachable,200,audio/mpeg,audio/mpeg,2026-01-15T06:00:57Z,http://www.lncm.cn/
981,07137225-a17f-4d3e-9347-7dbbedb94cfc,AikosRadio,,,chinese,MP3,0,38,https://stream.zeno.fm/7tlyb215x5xtv,unreachable,,,连接失败: timed out,2026-01-15T08:34:02Z,https://zeno.fm/radio/aikosradio/
982,df792975-6d4a-42cb-82de-a4cbc95f2b5b,邯郸新闻综合广播,,,chinese,MP3,0,38,https://lhttp.qtfm.cn/live/5072/64k.mp3,reachable,200,audio/mpeg,audio/mpeg,2026-01-15T03:52:28Z,http://www.hdbs.cn/
983,2b5cfb04-13e5-11e9-a80b-52543be04c81,三门人民广播电台,Chekiang,news,chinese,MP3,0,38,http://lhttp.qingting.fm/live/15318638/64k.mp3,reachable,200,audio/mpeg,audio/mpeg,2026-01-15T06:27:38Z,http://www.sanmentv.com/plus/list.php?tid=1
984,0be2c6da-8c6c-406f-8aff-a4f22808e48d,塔城汉语综合广播,Sinkiang,full service,chinese,MP3,0,38,https://lhttp.qtfm.cn/live/20500031/64k.mp3,reachable,200,audio/mpeg,audio/mpeg,2026-01-15T07:27:51Z,https://www.tcxw.cc/
985,86904a0f-0b22-4232-bd33-3783ec06daeb,FM99.1大连都市之声广播,Dalian,"99.1,99.1 fm,culture,emotion,entertainment,lifestyle,literature,love",chinese,MP3,0,38,https://lhttp.qtfm.cn/live/1086/64k.mp3,reachable,200,audio/mpeg,audio/mpeg,2026-01-15T01:18:04Z,http://www.dltv.cn/channel/dsgb/index.shtml
986,79d12f66-fec8-4c1d-aec8-d81a9ad91195,弥勒人民广播电台,Yunnan,news,chinese,MP3,0,38,https://lhttp.qingting.fm/live/5022531/64k.mp3,reachable,200,audio/mpeg,audio/mpeg,2026-01-15T07:01:02Z,http://www.hh.cn/xw/mlxw/
987,d66983fd-f77a-4cbb-af5a-67be79f56bdb,测试22,,,english,AAC,1432,38,http://178.33.224.197:1935/euroindiemusic/euroindiemusic/playlist.m3u8,reachable,200,application/vnd.apple.mpegurl,application/vnd.apple.mpegurl,2026-01-15T08:05:50Z,https://euroindiemusic.info/
988,71cefff4-f739-4f9d-96c8-107f04168bbb,KRadio 若望三電台,,music,cantonese,MP3,0,38,https://stream.zeno.fm/4uih7z8lxj9uv,unreachable,,,连接失败: timed out,2026-01-15T06:32:26Z,https://instagram.com/kradio_0123?igshid=YmMyMTA2M2Y=
989,a243a4d8-3865-11ea-8dd7-52543be04c81,Wencheng News TV,Chekiang,,chinese,UNKNOWN,0,38,http://l.cztvcloud.com/channels/lantian/SXwencheng1/720p.m3u8,reachable,200,application/x-mpegURL,application/x-mpegURL,2026-01-15T02:23:22Z,http://www.wencheng.gov.cn/
990,97c90fb9-87cb-41e4-8cbc-7e0995e71239,余姚广播,Chekiang,96.6,chinese,UNKNOWN,0,38,http://l.cztvcloud.com/channels/lantian/SXyuyaoaud/128k.m3u8,reachable,200,application/x-mpegURL,application/x-mpegURL,2026-01-15T06:12:34Z,http://www.yynews.com.cn/
991,78937521-0ee1-49dd-a24c-6d9286aeb5a0,萧山有线广播,Chekiang,public radio,chinese,UNKNOWN,0,38,http://l.cztvcloud.com/channels/lantian/SXxiaoshanaud2/128k.m3u8,reachable,200,application/x-mpegURL,application/x-mpegURL,2026-01-15T04:45:19Z,http://www.xianghunet.com/
992,3a3b2369-6120-4365-ad38-db12ae2f17c3,巴彦淖尔文艺生活广播,Inner Mongolia,literature,chinese,MP3,0,38,https://lhttp.qtfm.cn/live/1894/64k.mp3,reachable,200,audio/mpeg,audio/mpeg,2026-01-15T02:17:46Z,https://haokan.baidu.com/haokan/wiseauthor?app_id=1608400942284067&fr=aladdin_vid_cooperate
993,2ab2bf98-f144-42ad-9412-3905d75aa3ed,牟平广播电视台,Shantung,"music,pop,汽车音乐898",chinese,MP3,0,38,https://lhttp.qtfm.cn/live/5022382/64k.mp3,reachable,200,audio/mpeg,audio/mpeg,2026-01-15T04:42:48Z,http://www.shm.com.cn/
994,acd28d4c-0ade-4306-92d8-f3749030e1ef,九江赣北之声广播,Kiangsi,music,chinese,MP3,0,38,https://lhttp.qtfm.cn/live/5022648/64k.mp3,reachable,200,audio/mpeg,audio/mpeg,2026-01-15T00:10:03Z,http://www.jjntv.cn/
995,2818b5ee-823c-4ec9-8233-94845f71255a,湖南经济广播,Hunan,"economics,music",chinese,UNKNOWN,0,38,http://a.live.hnradio.com/jjpd/radio120k_jjpd.m3u8?auth_key=1588751229-0-0-7c55dcf57fcd18b3e892c53cad357be4,reachable,200,application/vnd.apple.mpegurl,application/vnd.apple.mpegurl,2026-01-15T05:05:13Z,http://www.hnradio.com/
996,ff58ca2c-dc6b-4f58-bfb4-8e7d964e0adb,辽宁经济广播,Liaoning,"87.6,87.6 fm,88.8,88.8 fm,93.3,93.3 fm,am999,culture,economics,information,news,talk,tourism,travel",chinese,MP3,0,38,https://lhttp-hw.qtfm.cn/live/20019/64k.mp3,reachable,200,audio/mpeg,audio/mpeg,2026-01-15T01:34:09Z,https://weibo.com/u/1774006332?is_all=1
997,76920a45-d53e-40c4-bd10-4d32689ec71c,丽水龙泉广播,Chekiang,public radio,chinese,UNKNOWN,0,38,http://l.cztvcloud.com/channels/lantian/SXlongquanaud/128k.m3u8,reachable,200,application/x-mpegURL,application/x-mpegURL,2026-01-15T04:15:07Z,http://lqnews.zjol.com.cn/
998,daa80403-9148-405b-80c2-50c7f068c6df,秦皇岛综合广播,Hopei,news,chinese,MP3,0,38,http://lhttp.qingting.fm/live/20855/64k.mp3,reachable,200,audio/mpeg,audio/mpeg,2026-01-15T06:00:57Z,http://www.qhdcm.com/
999,b8800d03-0bc2-4720-aeb3-8851a9e55627,福州交通之声,Fukien,traffic,chinese,UNKNOWN,0,38,http://live.zohi.tv/audio/s10001-FM876/index.m3u8,reachable,200,application/vnd.apple.mpegurl,application/vnd.apple.mpegurl,2026-01-15T06:33:46Z,http://www.zohi.tv/
1000,1a1baa4b-951a-4c5e-9c2f-2a9f6f8ecb29,阳泉综合广播,Shansi,news,chinese,MP3,0,39,http://lhttp.qingting.fm/live/15318568/64k.mp3,reachable,200,audio/mpeg,audio/mpeg,2026-01-15T03:11:24Z,http://www.yqrtv.com/
1001,9dcba396-552f-4c58-b9aa-347696843400,新疆哈语广播,Sinkiang,public radio,kazakh,MP3,0,39,https://lhttp.qtfm.cn/live/1908/64k.mp3,reachable,200,audio/mpeg,audio/mpeg,2026-01-15T06:29:04Z,http://www.xjbs.com.cn/
1002,b8ba2e41-1b66-4562-88a2-16fb84f34b17,蒙阴广播,Shantung,news,chinese,MP3,0,39,https://lhttp.qtfm.cn/live/15318571/64k.mp3,reachable,200,audio/mpeg,audio/mpeg,2026-01-15T05:50:37Z,"https://tieba.baidu.com/f?kw=%E8%92%99%E9%98%B4%E5%B9%BF%E6%92%AD%E7%94%B5%E8%A7%86%E5%8F%B0&fr=ala0&loc=rec&refer=baidualaddin&query=%E8%92%99%E9%98%B4%E5%B9%BF%E6%92%AD%E7%94%B5%E8%A7%86%E5%8F%B0&tids=395131034,394464839"
1003,f31b48e4-d32d-4b16-9ff4-fd5b76ae858e,缙云广播,Chekiang,news,chinese,UNKNOWN,0,39,http://l.cztvcloud.com/channels/lantian/SXjinyunaud/128k.m3u8,reachable,200,application/x-mpegURL,application/x-mpegURL,2026-01-15T04:11:16Z,http://jynews.zjol.com.cn/sjindex.html
1004,ae5bc1c2-a83e-42df-89dd-84f2a44b2e4b,黑龙江交通广播,,traffic information,chinese,MP3,0,39,https://lhttp-hw.qtfm.cn/live/4973/64k.mp3,reachable,200,audio/mpeg,audio/mpeg,2026-01-15T00:42:51Z,https://www.hljtv.com/
1005,3e193349-cb9a-4059-81ed-bb2c91f54372,喀什综合广播,Sinkiang,information,"chinese,kazakh,uyghur",UNKNOWN,0,39,https://live.ximalaya.com/radio-first-page-app/live/2773/64.m3u8?transcode=ts,reachable,200,application/vnd.apple.mpegurl,application/vnd.apple.mpegurl,2026-01-15T04:22:41Z,http://www.zgkashi.com/yw/sp/
1006,4621dc9c-f4aa-44d0-a347-fbbe213cc7b9,东营生活广播,Shantung,"lifestyle,music",chinese,MP3,0,39,http://lhttp.qingting.fm/live/20211580/64k.mp3,reachable,200,audio/mpeg,audio/mpeg,2026-01-15T05:25:41Z,http://www.hhek.cn/
1007,ad084779-71e5-4ce5-ade3-0669abbabfcb,宣城综合广播,Anhwei,news,chinese,MP3,0,39,https://lhttp.qingting.fm/live/5022/64k.mp3,reachable,200,audio/mpeg,audio/mpeg,2026-01-15T06:46:22Z,http://www.newsxc.com/
1008,c7aa5188-7dab-4d93-bafd-f6caef0920a5,烟台交通广播,Shantung,"103.0,103.0 fm,traffic",chinese,MP3,0,39,https://lhttp.qtfm.cn/live/1684/64k.mp3,reachable,200,audio/mpeg,audio/mpeg,2026-01-15T00:50:24Z,http://www.yantaitv.cn/
1009,87e0e1df-a84c-4d3a-92c8-813a01bd7cc5,广东音乐之声,,,,MP3,0,39,https://lhttp.qtfm.cn/live/1260/64k.mp3,reachable,200,audio/mpeg,audio/mpeg,2026-02-24T02:54:27Z,https://m.gdtv.cn/
1010,c3b3b7b0-6c79-4ca3-a56b-d2db2a2fcc78,攀枝花交通音乐广播,Szechuan,music,chinese,MP3,0,39,https://lhttp.qtfm.cn/live/4905/64k.mp3,reachable,200,audio/mpeg,audio/mpeg,2026-01-15T08:38:09Z,http://www.pzhnews.org/
1011,7bcc6678-c334-4554-8071-a5ca6ba324ef,测试12,,,chinese,MP3,0,39,https://s1-fmt2.liveatc.net/rjaa_app_s?nocache=2022041005033131990,reachable,200,audio/mpeg,audio/mpeg,2026-01-15T04:41:13Z,https://www.fqxww.cn/
1012,7ec84ef1-c187-4792-b1a0-bdcd7a37af97,红安县电台,Hupei,"95.6,95.6 fm",chinese,MP3,0,39,https://lhttp.qtfm.cn/live/5022646/64k.mp3,reachable,200,audio/mpeg,audio/mpeg,2026-01-15T07:48:53Z,http://www.redhongan.com/
1013,c9c46cc8-fe59-4869-b34d-7c1aadb9f0f2,怒江综合广播,Yunnan,"news,public radio",chinese,MP3,0,39,https://lhttp.qtfm.cn/live/15318176/64k.mp3,reachable,200,audio/mpeg,audio/mpeg,2026-01-15T03:36:09Z,https://www.qingting.fm/radios/15318176
1014,d95b3ed9-e670-4648-9e40-8736e6195421,盐城综合广播,Kiangsu,news,chinese,MP3,0,39,https://lhttp.qtfm.cn/live/20330/64k.mp3,reachable,200,audio/mpeg,audio/mpeg,2026-01-15T04:44:38Z,http://www.0515yc.cn/
1015,55d01dee-43b0-455d-bc59-a32c22487d8b,青岛经济广播,Shantung,economics,chinese,UNKNOWN,0,39,http://video10.qtv.com.cn/zhibojjgb/manifest.m3u8,reachable,200,application/vnd.apple.mpegurl,application/vnd.apple.mpegurl,2026-01-15T07:57:45Z,http://www.qtv.com.cn/
1016,de01e6a0-dc4b-4ad2-96de-2fce6f1c2ac1,章丘广播电视台,Shantung,public radio,chinese,MP3,0,39,https://lhttp.qtfm.cn/live/20212207/64k.mp3,reachable,200,audio/mpeg,audio/mpeg,2026-01-14T23:59:15Z,http://www.downcc.com/soft/566798.html
1017,dcdd1670-5671-41fc-a70d-1c7fc4590ba1,新昌人民广播电台·天姥之声,Chekiang,"music,news",chinese,MP3,0,39,https://lhttp.qingting.fm/live/20212423/64k.mp3,reachable,200,audio/mpeg,audio/mpeg,2026-01-15T04:21:20Z,http://www.xcbtv.cn/
1018,e243ceba-015e-4f06-9c0e-c1fc67f368b6,宿迁新农村广播,Kiangsu,"music,pop",chinese,MP3,0,39,https://lhttp.qingting.fm/live/21265/64k.mp3,reachable,200,audio/mpeg,audio/mpeg,2026-01-15T04:16:44Z,http://tv.xichu.net/main.php?c=video&v=tv&t=1&id=14
1019,5fe805ca-dfda-45b4-b48f-40d0f55697ea,衢江广播,Chekiang,news,chinese,UNKNOWN,0,39,http://l.cztvcloud.com/channels/lantian/SXqujiangaud/128k.m3u8,reachable,200,application/x-mpegURL,application/x-mpegURL,2026-01-15T02:41:59Z,http://qjnews.cztv.com/
1020,9173a27e-e651-4cf2-b418-abc2fb18ff49,枣庄音乐·人文广播,Shantung,music,chinese,MP3,0,39,https://lhttp.qtfm.cn/live/1689/64k.mp3,reachable,200,audio/mpeg,audio/mpeg,2026-01-14T23:25:56Z,http://www.lncm.cn/
1021,bde9816a-f0a0-49d2-ade6-15c42016624f,呼和浩特交通广播,Inner Mongolia,traffic,chinese,MP3,0,39,https://lhttp-hw.qtfm.cn/live/5021545/64k.mp3,not_found,404,,HTTP 404,2026-01-15T00:23:35Z,https://www.0471tv.org.cn/
1022,67f6227a-b68a-43a4-89c1-946685a76420,安溪FM946茶频率,Fukien,"music,oldies",chinese,MP3,0,39,https://lhttp.qtfm.cn/live/5022135/64k.mp3,reachable,200,audio/mpeg,audio/mpeg,2026-01-15T06:04:09Z,http://www.anxinews.com/
1023,8164baa5-443d-4d61-aec8-601efd8f092f,唐山经济广播,Hopei,economics,chinese,MP3,0,39,https://lhttp.qtfm.cn/live/15318431/64k.mp3,reachable,200,audio/mpeg,audio/mpeg,2026-01-15T03:11:24Z,http://www.tsr.he.cn/
1024,a3ccc4a2-f582-469e-9bc1-53f9559b18eb,济南都市广播,Shantung,"full service,news,talk",chinese,MP3,0,40,https://lhttp.qtfm.cn/live/5022333/64k.mp3,reachable,200,audio/mpeg,audio/mpeg,2026-01-15T05:40:19Z,https://www.ijntv.cn/
1025,fa375a8a-13e6-11e9-a80b-52543be04c81,衢州交通广播,Chekiang,traffic,chinese,MP3,0,40,http://lhttp.qingting.fm/live/20442/64k.mp3,reachable,200,audio/mpeg,audio/mpeg,2026-01-14T23:57:38Z,http://www.qz123.com/
1026,3ac26737-0688-11ea-afd6-52543be04c81,Wangtsing TV,Jilin,,chinese,UNKNOWN,0,40,http://stream5.jlntv.cn/wq/sd/live.m3u8,reachable,200,application/vnd.apple.mpegurl,application/vnd.apple.mpegurl,2026-01-15T04:41:12Z,http://www.wangqing.gov.cn/
1027,ed59e0c5-e341-4299-a370-e93c8cd80aad,东丰综合广播,Jilin,"news,public radio",chinese,UNKNOWN,75,40,http://stream3.jlntv.cn/dfgb/playlist.m3u8,reachable,200,application/vnd.apple.mpegurl,application/vnd.apple.mpegurl,2026-01-15T04:15:07Z,https://baike.baidu.com/item/%E4%B8%9C%E4%B8%B0%E5%B9%BF%E6%92%AD%E7%94%B5%E8%A7%86%E5%8F%B0/13237491
1028,168c9622-2b03-4a5b-a01f-47ea33d10cf2,湖北之声中波,,full service,chinese,UNKNOWN,0,40,http://satellitepull.cnr.cn/live/wx32hubzsgb/playlist.m3u8?wsSession=d8b4488aebb72eb396f72a83-174705023278003&wsIPSercert=cfb15583bad3e1e7c083a9a0d492bf48,reachable,200,application/x-mpegurl,application/x-mpegurl,2026-01-15T07:17:44Z,https://news.hbtv.com.cn/
1029,4f09fca0-557c-4065-aa89-78aefc64a82d,邯郸都市生活广播,,,chinese,UNKNOWN,0,40,http://ls.qingting.fm/live/3951.m3u8,reachable,200,application/vnd.apple.mpegurl,application/vnd.apple.mpegurl,2026-01-15T02:53:33Z,http://www.hdbs.cn/
1030,3d6cf6b2-5bd6-455d-96e0-fb3cd5ffae43,Live Online Radio - FOL,,music,arabic,MP3,0,40,https://stream.zeno.fm/ilqzxze5n2wtv,unreachable,,,连接失败: timed out,2026-01-15T02:53:33Z,https://zeno.fm/radio/LiveOnlineRadio-FOL/
1031,5083849a-f18e-11e8-a471-52543be04c81,Hotse Traffic Radio,Shantung,,chinese,UNKNOWN,0,40,http://live.hznet.tv:1935/live/live948/32K/tzwj_video.m3u8,reachable,200,application/vnd.apple.mpegurl,application/vnd.apple.mpegurl,2026-01-15T00:07:55Z,http://www.hznet.tv/
1032,1bbe6324-15d2-422c-812b-d9ab510c5166,苏家屯区盛京FM105.6,Liaoning,music,chinese,MP3,0,40,https://lhttp.qtfm.cn/live/5022520/64k.mp3,reachable,200,audio/mpeg,audio/mpeg,2026-01-15T07:22:38Z,https://space.bilibili.com/1282009513/dynamic
1033,552ab873-5dfb-438f-b0ab-e108039fb839,辽源市东辽县901综合文艺广播,jilin,"crosstalk,culture,entertainment,literature,music",chinese,MP3,0,40,https://lhttp.qtfm.cn/live/20211585/64k.mp3,reachable,200,audio/mpeg,audio/mpeg,2026-01-15T04:21:20Z,http://www.dongliao.gov.cn/xxgk/dtxw/dlxw/index_2.html
1034,8cc4c510-e06d-42b5-9f1f-f903820114c4,温州对农广播,Chekiang,music,chinese,MP3,0,40,http://lhttp.qingting.fm/live/1158/64k.mp3,reachable,200,audio/mpeg,audio/mpeg,2026-01-15T08:27:56Z,http://www.wztv.cn/
1035,2c7eaadc-2ea4-471b-8095-964e5d6e1d03,天台人民广播电台,Chekiang,"music,news",chinese,MP3,0,40,https://lhttp.qingting.fm/live/5022200/64k.mp3,reachable,200,audio/mpeg,audio/mpeg,2026-01-15T01:18:04Z,http://ttnews.zjol.com.cn/
1036,df93d46f-b7b4-4cc7-8392-fdefac5e74a1,聊城综合广播,Shantung,"96.8,96.8 fm",chinese,MP3,0,40,https://lhttp.qtfm.cn/live/5022264/64k.mp3,reachable,200,audio/mpeg,audio/mpeg,2026-01-15T07:50:50Z,http://www.lcbtv.com/
1037,8438cd54-82a0-4649-bc7b-5a7a88691e45,秦皇岛交通广播,Hopei,100.4,chinese,MP3,0,40,http://lhttp.qingting.fm/live/20849/64k.mp3,reachable,200,audio/mpeg,audio/mpeg,2026-01-15T02:01:25Z,http://www.qhdcm.com/
1038,b4b27599-0813-40de-9212-f04108182ce3,潍坊经济广播,Shantung,entertainment,chinese,MP3,0,40,https://lhttp.qtfm.cn/live/20839/64k.mp3,reachable,200,audio/mpeg,audio/mpeg,2026-01-15T00:40:59Z,http://www.wfcmw.cn/
1039,a62d0b98-82a7-4f31-8fd6-2bbb37158d90,金州综合广播,Dalian,"lifestyle,music,news",chinese,MP3,0,40,https://lhttp.qingting.fm/live/15318307/64k.mp3,reachable,200,audio/mpeg,audio/mpeg,2026-01-15T04:06:36Z,https://tieba.baidu.com/f?kw=%E9%87%91%E6%99%AE%E6%96%B0%E5%8C%BA%E5%B9%BF%E6%92%AD%E7%94%B5%E8%A7%86%E5%8F%B0
1040,aa9e9d36-976e-4662-95b5-543a15d321ef,甘肃卫视伴音,Kansu,tv,chinese,UNKNOWN,0,40,https://piccpndali.v.myalicdn.com/audio/gansu_2.m3u8,reachable,200,application/x-mpegURL,application/x-mpegURL,2026-01-15T07:42:27Z,https://www.gstv.com.cn/
1041,6e873add-639e-4396-ab91-121899e92e91,潍坊交通广播,Shantung,traffic radio broadcast,chinese,MP3,0,40,https://lhttp.qtfm.cn/live/4014/64k.mp3,reachable,200,audio/mpeg,audio/mpeg,2026-01-15T02:14:38Z,http://www.wfcmw.cn/
1042,57401c5b-baf4-4abe-a570-6273d1409257,盐城农村广播·经典882,Kiangsu,"music,oldies",chinese,MP3,0,40,https://lhttp.qtfm.cn/live/20332/64k.mp3,reachable,200,audio/mpeg,audio/mpeg,2026-01-14T23:56:58Z,http://www.0515yc.cn/
1043,d4d50275-4916-4505-8080-7214ad8a1d6a,随州交通经济广播,hupei,news,chinese,MP3,0,40,http://lhttp.qingting.fm/live/21027/64k.mp3,reachable,200,audio/mpeg,audio/mpeg,2026-01-15T04:06:00Z,http://www.hbsztv.com/TV/szxw/
1044,6cc2c75c-4876-4600-8718-b8a33ca7a157,张家港综合广播,Kiangsu,public radio,chinese,MP3,0,40,https://lhttp.qtfm.cn/live/5021877/64k.mp3,reachable,200,audio/mpeg,audio/mpeg,2026-01-15T02:49:44Z,http://www.zjgonline.com.cn/
1045,3aa38e34-aee5-47a7-a496-d51407223009,腹股沟第三方他还会,,,,UNKNOWN,0,40,https://turkmedya-live.ercdn.net/tv4/tv4_720p.m3u8,reachable,200,application/vnd.apple.mpegurl,application/vnd.apple.mpegurl,2026-01-14T22:54:03Z,http://shenniaotv.com/
1046,75d5e1d7-ef30-4c76-80fc-79c3eacec4ae,柯桥人民广播电台,chekiang,music,chinese,MP3,0,40,http://lhttp.qingting.fm/live/2422/64k.mp3,reachable,200,audio/mpeg,audio/mpeg,2026-01-15T07:33:28Z,http://www.zgkqw.com/2017/index.shtml
1047,379a0b25-f4e3-42a6-b143-4ab77a45b640,南京体育广播,Kiangsu,"104.3,104.3 fm,sport,sports",chinese,UNKNOWN,0,40,http://live.xmcdn.com/live/88/64.m3u8,reachable,200,application/vnd.apple.mpegurl,application/vnd.apple.mpegurl,2026-01-15T05:25:40Z,http://www.njgb.com/
1048,12eef774-8eba-4eed-9ec5-d2449730b2e8,巴中综合广播,Szechuan,news,chinese,MP3,0,40,https://lhttp.qtfm.cn/live/20210239/64k.mp3,reachable,200,audio/mpeg,audio/mpeg,2026-01-15T07:56:58Z,http://www.bzgd.com/
1049,41a7f055-bf3e-11e8-aaf2-52543be04c81,Chengtu Economics Radio,Szechuan,,chinese,UNKNOWN,0,40,http://ls.qingting.fm/live/1121.m3u8,reachable,200,application/vnd.apple.mpegurl,application/vnd.apple.mpegurl,2026-01-15T04:56:18Z,http://www.cdbs.com.cn/
1050,65fa8d6b-e5da-4211-8483-387f26d0da8b,聊城经济广播,Shantung,"92.4,92.4 fm",chinese,MP3,0,41,https://lhttp.qtfm.cn/live/5022262/64k.mp3,reachable,200,audio/mpeg,audio/mpeg,2026-01-15T03:16:53Z,http://www.lcbtv.com/
1051,d8ead0b8-f502-45c1-bbc1-0d3d52812896,长春经济广播,Jilin,music,chinese,MP3,0,41,https://lhttp.qtfm.cn/live/4850/64k.mp3,reachable,200,audio/mpeg,audio/mpeg,2026-01-14T23:28:26Z,http://www.chinactv.com/
1052,0dae5048-4df9-41df-ab29-9ca032823843,林州人民广播电台,Honan,news,chinese,MP3,0,41,http://lhttp.qingting.fm/live/20211604/64k.mp3,reachable,200,audio/mpeg,audio/mpeg,2026-01-15T08:18:44Z,http://www.hnlztv.com/
1053,1e7e3b41-ada7-40ca-83ed-98ed1022c8dc,肇庆综合广播,,"music,news",cantonese,UNKNOWN,0,41,https://live.ximalaya.com/radio-first-page-app/live/2892/64.m3u8?transcode=ts,reachable,200,application/vnd.apple.mpegurl,application/vnd.apple.mpegurl,2026-01-15T06:23:58Z,http://www.xjrb.com/
1054,208f7843-4cde-417f-8d26-56f7828556a4,青岛FM9.26,,"chinese pop,life,local radio",chinese,MP3,0,41,https://lhttp.qtfm.cn/live/20176/64k.mp3,reachable,200,audio/mpeg,audio/mpeg,2026-01-15T07:42:27Z,https://www.qingting.fm/radios/20176/
1055,445c4432-8f09-42f2-be51-8ad648c0be52,岳阳交通广播,Hunan,news,chinese,MP3,0,41,http://lhttp.qingting.fm/live/20987/64k.mp3,reachable,200,audio/mpeg,audio/mpeg,2026-01-15T00:08:30Z,http://www.0730news.com/
1056,451b6a0c-9ed9-4ec7-a420-92b7100682d1,辽宁之声,Liaoning,"information,news,talk",chinese,MP3,0,41,https://lhttp.qingting.fm/live/1103/64k.mp3?app_id=web,reachable,200,audio/mpeg,audio/mpeg,2026-01-15T03:48:14Z,https://weibo.com/1678022167
1057,b88c4900-495e-11e8-b1b0-52543be04c81,Wukin Life TV,Kiangsu,"hls video,kiangsu",chinese,UNKNOWN,0,41,http://live.wjyanghu.com/live/CH2.m3u8,reachable,200,application/vnd.apple.mpegurl,application/vnd.apple.mpegurl,2026-01-15T03:27:43Z,http://www.wjyanghu.com/
1058,1a39a0b9-e49c-4d69-b89f-6b38c1b28de1,牡丹江交通广播,Amur River,98.2,chinese,MP3,0,41,https://lhttp.qtfm.cn/live/5022354/64k.mp3,reachable,200,audio/mpeg,audio/mpeg,2026-01-15T00:50:24Z,https://rmh.pdnews.cn/Pc/GovApi/govInfo?gov_id=9352
1059,7cbe9bb0-a7ff-437e-9808-c6805e54c302,邯郸音乐广播,Hopei,,chinese,MP3,0,41,https://lhttp.qtfm.cn/live/4601/64k.mp3,reachable,200,audio/mpeg,audio/mpeg,2026-01-14T23:44:15Z,http://www.hdbs.cn/
1060,7b19084a-18f8-4c9f-8b2b-190a23274570,邯郸都市生活广播,,music,chinese,MP3,0,41,https://lhttp.qtfm.cn/live/3951/64k.mp3,reachable,200,audio/mpeg,audio/mpeg,2026-01-15T07:20:35Z,http://www.hdbs.cn/
1061,1bfb6673-1b92-45e9-860d-869f36f19b7b,威海综合广播,Shantung,"information,news",chinese,MP3,0,41,http://lhttp.qingting.fm/live/20669/64k.mp3,reachable,200,audio/mpeg,audio/mpeg,2026-01-15T04:25:41Z,http://www.weihai.tv/
1062,56e53c86-3ee9-4ae3-8cd7-99dba7b781ea,武穴人民广播电台,Hupei,"music,news",chinese,MP3,0,41,http://lhttp.qingting.fm/live/5022071/64k.mp3,reachable,200,audio/mpeg,audio/mpeg,2026-01-15T07:27:51Z,http://www.hbwuxue.com/
1063,a2aa158a-bff5-11e8-aaf2-52543be04c81,Mianyang Traffic Radio,Szechuan,,chinese,UNKNOWN,0,41,http://ls.qingting.fm/live/4026.m3u8,reachable,200,application/vnd.apple.mpegurl,application/vnd.apple.mpegurl,2026-01-15T01:07:32Z,http://www.myntv.cn/
1064,0d211d35-3acd-49c4-9d69-e2aad3eb10e9,温岭1036·温岭人民广播电台,Chekiang,news,chinese,MP3,0,41,http://lhttp.qingting.fm/live/4567/64k.mp3,reachable,200,audio/mpeg,audio/mpeg,2026-01-15T05:46:02Z,http://wlnews.zjol.com.cn/
1065,2da3cc40-edbc-44dd-acc2-64ab72061bc8,崇州人民广播电台,Szechuan,music,chinese,MP3,0,41,http://lhttp.qingting.fm/live/20500066/64k.mp3,reachable,200,audio/mpeg,audio/mpeg,2026-01-15T04:53:32Z,http://www.scmenhu.com/quxian/chongzhou/
1066,fabad597-7864-4cad-9e11-649c3ab8bb4a,内蒙古新闻综合广播,Inner Mongolia,full service,chinese,MP3,0,41,https://lhttp-hw.qtfm.cn/live/1883/64k.mp3,reachable,200,audio/mpeg,audio/mpeg,2026-01-15T00:07:55Z,https://www.nmtv.cn/
1067,d692cacd-0f13-4906-89ad-f9dd3a31cb02,广西教育广播 私家车930,Kwangsi,"educational,entertainment,music,traffic radio broadcast",chinese,MP3,0,41,https://lhttp-hw.qtfm.cn/live/1756/64k.mp3,reachable,200,audio/mpeg,audio/mpeg,2026-01-15T01:52:51Z,https://www.gxtv.cn/
1068,50255a00-75d9-490f-90cc-3dafe2000c70,寒亭人民广播电台,Shantung,music,chinese,MP3,0,41,https://lhttp.qingting.fm/live/4865/64k.mp3,reachable,200,audio/mpeg,audio/mpeg,2026-01-15T08:44:04Z,http://www.httv.cn/
1069,8bd02cce-0458-402e-ab8e-47b9b49ff82b,池州综合广播,Anhwei,news,chinese,MP3,0,41,https://lhttp.qingting.fm/live/5022373/64k.mp3,reachable,200,audio/mpeg,audio/mpeg,2026-01-15T02:50:58Z,http://www.chiznews.com/
1070,deae95a8-4464-4a6d-aa9a-a8f76a1ed142,获嘉人民广播电台,Honan,"lifestyle,music",chinese,MP3,0,41,http://lhttp.qingting.fm/live/5021919/64k.mp3,reachable,200,audio/mpeg,audio/mpeg,2026-01-15T01:18:42Z,http://www.huojia.gov.cn/
1071,2f7ff812-9c43-490a-8ae3-9e45650bae0c,湖南潇湘之声,Hunan,"information,music,news",chinese,UNKNOWN,0,41,http://a.live.hnradio.com/zxpd/radio120k_zxpd.m3u8?auth_key=1588751208-0-0-3440555a157a45fdcbdb7840504278c5,reachable,200,application/vnd.apple.mpegurl,application/vnd.apple.mpegurl,2026-01-15T04:45:19Z,http://www.hnradio.com/
1072,9becf975-153f-48bf-a238-072090929235,铜陵综合广播,Anhwei,news,chinese,MP3,0,41,http://lhttp.qingting.fm/live/21303/64k.mp3,reachable,200,audio/mpeg,audio/mpeg,2026-01-15T00:00:02Z,http://www.tlbts.com/
1073,a9fd1afd-bf34-11e8-aaf2-52543be04c81,Changchi Traffic Radio,Shansi,,chinese,MP3,0,41,http://lhttp.qingting.fm/live/5021851/64k.mp3,reachable,200,audio/mpeg,audio/mpeg,2026-01-15T06:51:37Z,http://www.czgd.cn/
1074,a9df33dc-0951-42a5-a8a8-d7d2f40b9416,鄂州综合广播,Hupei,news,chinese,MP3,0,41,https://lhttp.qingting.fm/live/21025/64k.mp3,reachable,200,audio/mpeg,audio/mpeg,2026-01-15T02:58:06Z,http://www.eznews.cn:3000/
1075,73a84da0-7489-43f9-b8ad-4c987fb96b8b,江西信息交通广播,Kiangsi,"automobile,information,traffic,travel",chinese,MP3,0,41,https://lhttp.qtfm.cn/live/1811/64k.mp3,reachable,200,audio/mpeg,audio/mpeg,2026-01-15T00:17:33Z,https://www.jxntv.cn/
1076,84ab0b03-53bc-4493-9c78-4052caf12f3a,盘锦综合广播,Liaoning,news,chinese,UNKNOWN,0,42,http://live.xmcdn.com/live/348/64.m3u8,reachable,200,application/vnd.apple.mpegurl,application/vnd.apple.mpegurl,2026-01-15T04:58:11Z,https://www.panjin.gov.cn/
1077,f785189b-7512-11e9-af37-52543be04c81,宜兴交通广播,Kiangsu,traffic,chinese,MP3,0,42,http://lhttp.qingting.fm/live/3982/64k.mp3,reachable,200,audio/mpeg,audio/mpeg,2026-01-15T08:46:38Z,http://www.tdcm.cn/
1078,ade87624-e142-4c2e-8066-e87636314165,遵义交通文艺广播,Kweichow,music,chinese,MP3,0,42,https://lhttp.qingting.fm/live/20741/64k.mp3,reachable,200,audio/mpeg,audio/mpeg,2026-01-15T00:20:51Z,http://www.zybtv.cn/
1079,b6bf843b-7c9a-4f2a-99b9-520cc594a71f,青岛经典音乐广播,,,chinese,UNKNOWN,0,42,http://live.ximalaya.com/radio-first-page-app/live/1853/64.m3u8,reachable,200,application/vnd.apple.mpegurl,application/vnd.apple.mpegurl,2026-01-15T06:04:09Z,https://www.ximalaya.com/radio/1739
1080,74bd7676-d257-4002-ba3b-df36c3a1dd1f,临朐人民广播电台,Shantung,news,chinese,MP3,0,42,https://lhttp.qingting.fm/live/20500033/64k.mp3,reachable,200,audio/mpeg,audio/mpeg,2026-01-14T23:31:23Z,http://www.linqugd.com/
1081,89ea216d-cfe6-4753-858d-385ae9f977e8,濮阳交通广播,Honan,music,chinese,MP3,0,42,https://lhttp.qtfm.cn/live/1233/64k.mp3,reachable,200,audio/mpeg,audio/mpeg,2026-01-15T00:58:35Z,http://www.pytv.ha.cn/news
1082,05f0a008-eca8-44c0-8d18-2b0cd6321a2a,开远人民广播电台,Yunnan,music,chinese,MP3,0,42,https://lhttp.qingting.fm/live/5022383/64k.mp3,reachable,200,audio/mpeg,audio/mpeg,2026-01-15T05:00:15Z,http://www.hh.cn/xw/kyxw/
1083,55f295a5-5383-492f-a723-e29b00b80cf5,如东综合广播,Kiangsu,news,chinese,MP3,0,42,http://lhttp.qingting.fm/live/20579/64k.mp3,reachable,200,audio/mpeg,audio/mpeg,2026-01-15T00:58:35Z,https://m.qingting.fm/channels/20579/
1084,bfdeba3c-7ab9-4aec-8cb7-9e635f222eb9,云南经济广播,Yunnan,lifestyle,chinese,MP3,0,42,https://lhttp.qtfm.cn/live/1927/64k.mp3,reachable,200,audio/mpeg,audio/mpeg,2026-01-15T07:19:54Z,http://www.ynradio.com/v2/
1085,c65565b0-2b33-4e24-b1aa-eda6035b43db,巴音郭楞交通广播,Sinkiang,traffic,chinese,MP3,0,42,https://lhttp.qingting.fm/live/5022104/64k.mp3,reachable,200,audio/mpeg,audio/mpeg,2026-01-15T06:50:59Z,http://www.xjbz.gov.cn/
1086,2acc67cd-13e7-11e9-a80b-52543be04c81,衢州新闻广播,Chekiang,news,chinese,MP3,0,42,http://lhttp.qingting.fm/live/20444/64k.mp3,reachable,200,audio/mpeg,audio/mpeg,2026-01-15T02:01:25Z,http://www.qz123.com/
1087,4da2ad4e-853f-4c33-ac55-ce6a7dc1c0f5,东营交通音乐广播,Shantung,music,chinese,MP3,0,42,http://lhttp.qingting.fm/live/20142/64k.mp3,reachable,200,audio/mpeg,audio/mpeg,2026-01-15T06:09:44Z,http://www.hhek.cn/
1088,0dd8200b-e378-4416-a58f-6f6ddf5877bd,昆明城市管理广播,Yunnan,"music,pop",chinese,MP3,0,42,https://lhttp.qtfm.cn/live/1936/64k.mp3,reachable,200,audio/mpeg,audio/mpeg,2026-01-15T04:49:59Z,http://www.kunmingbc.com/
1089,bc3b09d1-d0cb-41ac-b533-e401db55a748,普洱综合广播,yunnan,news,chinese,MP3,0,42,http://lhttp.qingting.fm/live/1938/64k.mp3,reachable,200,audio/mpeg,audio/mpeg,2026-01-14T23:27:13Z,http://www.pegbw.com/
1090,d0964a34-f18b-11e8-a471-52543be04c81,Hotse TV-1 News,Shantung,,chinese,UNKNOWN,0,42,http://live.hznet.tv:1935/live/live1/500K/tzwj_video.m3u8,reachable,200,application/vnd.apple.mpegurl,application/vnd.apple.mpegurl,2026-01-15T05:07:10Z,http://www.hznet.tv/
1091,1e6a56c3-d5c3-45a7-8292-2b4cc01e1131,江西广播电视台文艺音乐广播,Kiangsi,local music,chinese,MP3,0,42,http://lhttp.qingting.fm/live/1802/64k.mp3,reachable,200,audio/mpeg,audio/mpeg,2026-01-15T03:01:40Z,http://www.jxntv.cn/
1092,5fd80260-39ed-455e-b0a1-c43e52257a87,思奥电台 Live,,music,chinese,MP3,0,42,https://stream.zeno.fm/dx5ycbq2vc9uv,unreachable,,,连接失败: timed out,2026-01-15T03:18:28Z,https://sao.fm/
1093,8c85fe7c-bda8-11e8-aaf2-52543be04c81,Tsingtao Traffic Radio,Shantung,,chinese,UNKNOWN,0,42,http://ls.qingting.fm/live/1676.m3u8,reachable,200,application/vnd.apple.mpegurl,application/vnd.apple.mpegurl,2026-01-15T02:22:41Z,http://www.qtv.com.cn/
1094,a3bdc5e1-6ce8-4b25-808b-34656de20f87,云梦综合台,Hupei,"information,music",chinese,MP3,0,42,https://lhttp.qtfm.cn/live/20500204/64k.mp3,reachable,200,audio/mpeg,audio/mpeg,2026-01-15T05:40:20Z,http://www.2265.com/soft/68764.html
1095,653a1718-7f6d-4b03-bbc0-490419486335,唐山交通文艺广播,河北,"交通,地方台,文艺,本地",chinese,MP3,0,42,https://lhttp.qtfm.cn/live/1659/64k.mp3,reachable,200,audio/mpeg,audio/mpeg,2026-01-15T07:23:51Z,https://superradio.cc/
1096,632b8bda-f5f1-4b05-a1d2-d123396efbcb,淮安经济广播,Kiangsu,economics,chinese,MP3,0,42,https://lhttp.qtfm.cn/live/4587/64k.mp3,reachable,200,audio/mpeg,audio/mpeg,2026-01-15T04:35:18Z,http://www.habctv.com/
1097,42b2e4c5-4bb0-11e8-a4d1-52543be04c81,Sinchang Voice of Tienmu,Chekiang,chekiang,chinese,UNKNOWN,0,42,http://l.cztvcloud.com/channels/lantian/SXxinchangaud/128k.m3u8,reachable,200,application/x-mpegURL,application/x-mpegURL,2026-01-15T05:45:24Z,http://www.zjxcw.com/
1098,b19967d1-f03b-4857-aa07-9a269d240e0c,牡丹江综合广播,Amur River,full service,chinese,MP3,0,43,https://lhttp.qtfm.cn/live/5022434/64k.mp3,reachable,200,audio/mpeg,audio/mpeg,2026-01-15T08:34:02Z,https://www.ixigua.com/home/5720098779?wid_try=1
1099,486e43d0-e25d-4785-9bd4-f2b3ec1ac445,测试11,,,chinese,MP3,16,43,https://s1-fmt2.liveatc.net/rjoo1?nocache=2022041005004784106,reachable,200,audio/mpeg,audio/mpeg,2026-01-15T00:29:52Z,https://www.fqxww.cn/
1100,fce4aab5-dc3f-4746-a9f6-59ed2392e880,国际旅游岛之声,Hainan,"tourism,海南旅游广播",chinese,UNKNOWN,0,43,http://ls.qingting.fm/live/1862.m3u8,reachable,200,application/vnd.apple.mpegurl,application/vnd.apple.mpegurl,2026-01-15T03:53:54Z,http://www.hnntv.cn/
1101,f4482fbe-7432-44c0-a193-ea762ede70a1,自贡综合广播,Szechuan,news,chinese,MP3,0,43,https://lhttp.qtfm.cn/live/20207784/64k.mp3,reachable,200,audio/mpeg,audio/mpeg,2026-01-15T04:16:44Z,http://www.zgbctv.com/fccommon/home/index
1102,4f8ea6a8-c960-4e79-b96f-691324d169aa,靖宇县综合广播,Jilin,"news,public radio",chinese,UNKNOWN,76,43,http://stream9.jlntv.cn/jygb/playlist.m3u8,reachable,200,application/vnd.apple.mpegurl,application/vnd.apple.mpegurl,2026-01-15T06:36:23Z,http://www.jlntv.cn/newpc/wlt/live/index.php?channel_id=244
1103,c07ea12f-710a-43b4-b23d-685473a18c49,洛阳交通广播,Honan,entertainment,chinese,MP3,0,43,http://lhttp.qingting.fm/live/1227/64k.mp3,reachable,200,audio/mpeg,audio/mpeg,2026-01-15T00:09:17Z,http://www.lytv.com.cn/dist/#/
1104,a18b3ea8-13e7-11e9-a80b-52543be04c81,诸暨人民广播电台,Chekiang,news,chinese,MP3,0,43,http://lhttp.qingting.fm/live/5022482/64k.mp3,reachable,200,audio/mpeg,audio/mpeg,2026-01-14T23:17:02Z,http://www.zjbtv.com/
1105,db7608b0-c4dc-4691-bf24-4b4c17e45af3,扬州交通广播,Kiangsu,news,chinese,MP3,0,43,https://lhttp.qingting.fm/live/2804/64k.mp3,reachable,200,audio/mpeg,audio/mpeg,2026-01-15T01:10:52Z,http://www.yzntv.com/
1106,5bb62008-bd88-11e9-acb2-52543be04c81,Lungyou Life & Entertainment TV,Chekiang,,chinese,UNKNOWN,0,43,http://l.cztvcloud.com/channels/lantian/SXlongyou2/720p.m3u8,reachable,200,application/x-mpegURL,application/x-mpegURL,2026-01-14T23:57:38Z,http://www.longyou.gov.cn/
1107,0fede3e6-554e-4b10-bd9d-406ce7c05f30,江西卫视伴音,Kiangsi,tv,chinese,UNKNOWN,0,43,https://piccpndali.v.myalicdn.com/audio/jiangxi_2.m3u8,reachable,200,application/x-mpegURL,application/x-mpegURL,2026-01-15T00:49:40Z,https://www.jxntv.cn/
1108,d7f88cac-b569-4936-9583-0eaab50d131f,tang4438,,,chinese,MP3,0,43,https://stream.zeno.fm/9tev4k2hs0hvv,unreachable,,,连接失败: timed out,2026-01-15T05:33:40Z,https://zeno.fm/radio/tang4438/
1109,fb88fe59-23e8-4e66-9304-e9084cfee3d5,苍南广播,Chekiang,news,chinese,UNKNOWN,0,43,http://l.cztvcloud.com/channels/lantian/SXcangnanaud/128k.m3u8,reachable,200,application/x-mpegURL,application/x-mpegURL,2026-01-15T04:47:12Z,https://www.cnxw.com.cn/
1110,41ae9eaa-b75e-11e8-aaf2-52543be04c81,Harbin Traffic Radio,Amur River,,chinese,UNKNOWN,0,43,http://ls.qingting.fm/live/838.m3u8,reachable,200,application/vnd.apple.mpegurl,application/vnd.apple.mpegurl,2026-01-15T07:42:27Z,http://www.hrbtv.net/
1111,66701b67-1ac8-4ddf-8be3-ac934505eb3b,内蒙古卫视伴音,Inner Mongolia,tv,chinese,UNKNOWN,0,43,https://piccpndali.v.myalicdn.com/audio/neimenggu_2.m3u8,reachable,200,application/x-mpegURL,application/x-mpegURL,2026-01-15T03:51:41Z,https://www.nmtv.cn/
1112,afd5a328-2fff-433a-9113-baf871a9849c,凉山州综合广播,Szechuan,"news,public radio",chinese,MP3,0,43,https://lhttp.qingting.fm/live/5022143/64k.mp3,reachable,200,audio/mpeg,audio/mpeg,2026-01-15T02:58:06Z,http://m.lsiptv.cn/cms
1113,ba0d5d04-a396-4a66-a48b-fa4098a3af5b,新疆卫视伴音,Sinkiang,tv,chinese,UNKNOWN,0,43,https://piccpndali.v.myalicdn.com/audio/xinjiang_2.m3u8,reachable,200,application/x-mpegURL,application/x-mpegURL,2026-01-15T07:20:35Z,https://www.xjtvs.com.cn/
1114,dda70e1c-e440-41ce-8106-e3c633440527,青岛新闻综合广播,Shantung,m3u8,chinese,UNKNOWN,0,43,http://video10.qtv.com.cn/zhiboxwgb/manifest.m3u8,reachable,200,application/vnd.apple.mpegurl,application/vnd.apple.mpegurl,2026-01-15T00:32:40Z,http://guangdian.qtv.com.cn/
1115,69606bcc-4077-4335-a1ef-56e2e0972fcf,长春交通之声,Jilin,traffic,chinese,MP3,0,43,https://lhttp.qtfm.cn/live/4967/64k.mp3,reachable,200,audio/mpeg,audio/mpeg,2026-01-15T08:08:05Z,http://www.chinactv.com/
1116,e2b82262-dd09-4924-8d5b-c3bbff07458d,辛集综合广播,Hopei,news,chinese,MP3,0,43,https://lhttp.qtfm.cn/live/5021959/64k.mp3,reachable,200,audio/mpeg,audio/mpeg,2026-01-15T08:06:32Z,https://www.qingting.fm/radios/5021959
1117,6860f10a-d7cd-4ffd-a14d-159cd1845c2e,定陶人民广播电台,Shantung,music,chinese,MP3,0,43,http://lhttp.qingting.fm/live/20211680/64k.mp3,reachable,200,audio/mpeg,audio/mpeg,2026-01-15T05:18:50Z,http://m.yybnet.net/heze/dingtao/
1118,b2a6f5b4-7a3a-4e51-8a1e-8edb205b3095,海南交通广播,Hainan,traffic,chinese,MP3,0,43,http://lhttp.qingting.fm/live/5022079/64k.mp3,reachable,200,audio/mpeg,audio/mpeg,2026-01-15T01:18:42Z,http://www.hnntv.cn/
1119,ed1f8e78-8cac-4a93-af76-e299d64c2847,即墨人民广播电台,Shantung,"music,news",chinese,MP3,0,44,https://lhttp.qingting.fm/live/20807/64k.mp3,reachable,200,audio/mpeg,audio/mpeg,2026-01-15T02:49:44Z,http://zhijimo.qingk.cn/
1120,dd827df6-ad86-4285-ba84-cd9d31ea2095,GLRADIO,,,chinese,MP3,0,44,https://stream.zeno.fm/m43urb0wu38uv,unreachable,,,连接失败: timed out,2026-01-15T03:06:34Z,https://zeno.fm/radio/glradio/
1121,77b58823-843f-11e9-aa30-52543be04c81,邢台生活广播,Hopei,lifestyle,chinese,MP3,0,44,http://lhttp.qingting.fm/live/15318265/64k.mp3,reachable,200,audio/mpeg,audio/mpeg,2026-01-15T02:14:38Z,http://www.xttv.com.cn/
1122,2e03e3f1-81d7-4fdf-baf6-5dadc8538a66,义安电台,Anhwei,"entertainment,music,public radio",chinese,MP3,0,44,https://lhttp.qingting.fm/live/5021979/64k.mp3,reachable,200,audio/mpeg,audio/mpeg,2026-01-15T01:28:23Z,http://www.tlxnews.cn/
1123,73658a6f-65d1-4fbf-8ad0-380f06df474c,邯郸交通广播,,,chinese,UNKNOWN,0,44,http://ls.qingting.fm/live/3950.m3u8,reachable,200,application/vnd.apple.mpegurl,application/vnd.apple.mpegurl,2026-01-15T05:27:18Z,http://www.hdbs.cn/
1124,21206122-a0bd-48b8-921c-046d1465edc5,巴中交通旅游广播,Szechuan,"entertainment,music",chinese,MP3,0,44,https://lhttp.qtfm.cn/live/20209340/64k.mp3,reachable,200,audio/mpeg,audio/mpeg,2026-01-15T08:40:44Z,http://www.bzgd.com/
1125,35adb5c6-a651-4c72-ba16-407ea7e1fd20,东营综合广播,Shantung,news,chinese,MP3,0,44,http://lhttp.qingting.fm/live/20144/64k.mp3,reachable,200,audio/mpeg,audio/mpeg,2026-01-14T23:34:05Z,http://www.hhek.cn/
1126,4c89d9d8-37bd-436a-87a5-f199f2a14a9e,汕头综合广播,,,chinese,MP3,0,44,https://stream.zeno.fm/fjsl1teq6vjuv,unreachable,,,连接失败: timed out,2026-01-15T01:10:16Z,https://poi.mapbar.com/shantou/MAPBXMFAQEJMYRSWZOYBX
1127,5145606a-be60-11e8-aaf2-52543be04c81,Shansi Traffic Radio,Shansi,,chinese,MP3,0,44,http://lhttp.qingting.fm/live/20007/64k.mp3,reachable,200,audio/mpeg,audio/mpeg,2026-01-15T06:53:43Z,http://www.sxrtv.com/
1128,b2a43a0c-b75e-11e8-aaf2-52543be04c81,Harbin Economics Radio,Amur River,,chinese,UNKNOWN,0,44,http://ls.qingting.fm/live/837.m3u8,reachable,200,application/vnd.apple.mpegurl,application/vnd.apple.mpegurl,2026-01-15T04:44:02Z,http://www.hrbtv.net/
1129,ede5cdff-e728-4189-a43a-e0ed40a3391a,宛城都市音乐广播,Honan,music,chinese,MP3,0,44,https://lhttp.qingting.fm/live/5022725/64k.mp3,reachable,200,audio/mpeg,audio/mpeg,2026-01-15T00:38:37Z,http://wancheng.01ny.cn/
1130,79c176d4-4bb2-11e8-a4d1-52543be04c81,Shangyu People Radio,Chekiang,chekiang,chinese,UNKNOWN,0,44,http://l.cztvcloud.com/channels/lantian/SXshangyuaud/128k.m3u8,reachable,200,application/x-mpegURL,application/x-mpegURL,2026-01-15T05:45:24Z,http://www.sybtv.com/
1131,cd94e544-b98b-4278-a1b1-02a27fd8cb0d,宜昌新闻综合广播,Hupei,news,chinese,MP3,0,44,https://lhttp.qingting.fm/live/20565/64k.mp3,reachable,200,audio/mpeg,audio/mpeg,2026-01-15T04:15:53Z,http://www.3xgd.com/
1132,8fdad3e7-9b58-4bbb-aaf6-ee0c4a248449,玉溪交通旅游广播,Yunnan,"entertainment,traffic",chinese,MP3,0,44,http://lhttp.qingting.fm/live/20211563/64k.mp3,reachable,200,audio/mpeg,audio/mpeg,2026-01-15T07:52:50Z,http://www.yxtv.cn/
1133,39596ed1-d437-4fb5-9f5b-580da30bf6e3,巴彦淖尔综合广播,Inner Mongolia,news,chinese,MP3,0,44,https://lhttp.qtfm.cn/live/1893/64k.mp3,reachable,200,audio/mpeg,audio/mpeg,2026-01-15T04:56:18Z,https://haokan.baidu.com/haokan/wiseauthor?app_id=1608400942284067&fr=aladdin_vid_cooperate
1134,9870df37-bda7-11e8-aaf2-52543be04c81,Tsingtao News Radio,Shantung,,chinese,UNKNOWN,0,44,http://ls.qingting.fm/live/1673.m3u8,reachable,200,application/vnd.apple.mpegurl,application/vnd.apple.mpegurl,2026-01-15T03:16:53Z,http://www.qtv.com.cn/
1135,1e1ae8da-de90-46f3-8a46-586ee4c4dd43,南康广播电台,Kiangsi,"music,news",chinese,MP3,0,44,https://lhttp.qtfm.cn/live/5021869/64k.mp3,reachable,200,audio/mpeg,audio/mpeg,2026-01-15T04:34:41Z,https://nk.jxnews.com.cn/
1136,56f0d701-c46c-4895-8c0e-f74eff95aa22,安顺综合广播,Kweichow,"music,news",chinese,MP3,0,44,http://lhttp.qingting.fm/live/5022203/64k.mp3,reachable,200,audio/mpeg,audio/mpeg,2026-01-15T00:45:39Z,http://www.gzastv.com/
1137,2efffdb2-abb5-477e-979b-529f31bd7d9e,青岛音乐·体育广播,Shantung,"auto,m3u8,music,sport",chinese,UNKNOWN,0,44,http://video10.qtv.com.cn/zhiboytgb/manifest.m3u8,reachable,200,application/vnd.apple.mpegurl,application/vnd.apple.mpegurl,2026-01-15T07:41:42Z,http://www.qtv.com.cn/
1138,104bd1b7-a6ae-49e3-9008-e9bd1c497d90,永吉县魅力FM1008,Jilin,music,chinese,MP3,0,45,https://lhttp.qtfm.cn/live/5021975/64k.mp3,reachable,200,audio/mpeg,audio/mpeg,2026-01-15T00:18:06Z,http://www.jlyj.gov.cn/
1139,ed46c417-495e-11e8-b1b0-52543be04c81,Wukin Metro Radio,Kiangsu,kiangsu,chinese,UNKNOWN,0,45,http://live.wjyanghu.com/live/CH6.m3u8,reachable,200,application/vnd.apple.mpegurl,application/vnd.apple.mpegurl,2026-01-15T06:32:26Z,http://www.wjyanghu.com/
1140,a7e1ca9d-bdc4-42e0-a6e5-a2dbc0b4cb95,衡阳交通经济广播,Hunan,"entertainment,literature",chinese,MP3,0,45,https://lhttp.qtfm.cn/live/15318385/64k.mp3,reachable,200,audio/mpeg,audio/mpeg,2026-01-15T02:22:41Z,http://www.hydst.com/wrapindex.html
1141,d3e3bc15-1e96-4084-91f0-cd5572ceda5c,常德交通广播,Hunan,traffic,chinese,MP3,0,45,https://lhttp.qingting.fm/live/15318209/64k.mp3,reachable,200,audio/mpeg,audio/mpeg,2026-01-15T00:02:44Z,http://www.cdyee.com/
1142,f1b22415-839c-4e50-8d76-c71e32c06b7d,大丰人民广播电台,Kiangsu,news,chinese,MP3,0,45,https://lhttp.qingting.fm/live/20211708/64k.mp3,reachable,200,audio/mpeg,audio/mpeg,2026-01-15T06:48:55Z,http://m.dafengnews.com.cn/
1143,a8c3e23a-cd9f-4277-8a85-09b8e6734d87,双流人民广播电台,Szechuan,"music,news",chinese,MP3,0,45,https://lhttp.qingting.fm/live/20211587/64k.mp3,reachable,200,audio/mpeg,audio/mpeg,2026-01-15T05:18:50Z,http://www.sltv.net/
1144,2ec5f6c8-be3f-11e8-aaf2-52543be04c81,Weifang Traffic Radio,Shantung,,chinese,UNKNOWN,0,45,http://ls.qingting.fm/live/4014.m3u8,reachable,200,application/vnd.apple.mpegurl,application/vnd.apple.mpegurl,2026-01-15T02:20:39Z,http://www.wfcmw.cn/
1145,4452a837-8bac-450e-a707-b18a53b46686,南部新闻综合·南部人民广播电台,Szechuan,news,chinese,MP3,0,45,https://lhttp.qingting.fm/live/20525/64k.mp3,reachable,200,audio/mpeg,audio/mpeg,2026-01-15T02:07:14Z,http://www.nbwcw.com/
1146,ce0ebc93-bcf4-4ee0-ad1f-790e6c887e65,扬州经济音乐广播,Kiangsu,music,chinese,MP3,0,45,https://lhttp.qingting.fm/live/2805/64k.mp3,reachable,200,audio/mpeg,audio/mpeg,2026-01-15T06:11:46Z,http://www.yzntv.com/
1147,e495139b-96bb-4c42-83c1-7aef0c5f5812,焦作交通旅游广播,Honan,"entertainment,lounge,tourism,travel",chinese,MP3,0,45,https://lhttp.qingting.fm/live/20805/64k.mp3,reachable,200,audio/mpeg,audio/mpeg,2026-01-15T04:19:22Z,http://www.jzrt.com/Category_37/Index.aspx
1148,cc344e2e-1186-11e9-a80b-52543be04c81,绥中综合广播,Liaoning,news,chinese,MP3,0,45,http://lhttp.qingting.fm/live/20211705/64k.mp3,reachable,200,audio/mpeg,audio/mpeg,2026-01-14T23:37:16Z,http://www.hldbtv.com/
1149,d3632e24-0128-498a-bf95-dde720f164f3,黔东南州凯里广播电台,Kweichow,full service,chinese,MP3,0,45,https://lhttp.qtfm.cn/live/5022045/64k.mp3,reachable,200,audio/mpeg,audio/mpeg,2026-01-15T04:26:23Z,http://www.qdnrbs.cn/
1150,80179b3e-adc4-4ebd-8537-dc85ff3bfc8f,七星关人民广播电台,Kweichow,news,chinese,MP3,0,45,https://lhttp.qingting.fm/live/5021866/64k.mp3,reachable,200,audio/mpeg,audio/mpeg,2026-01-15T05:39:41Z,http://news.gzw.net/gedi/bijie/index.shtml
1151,d34b5dd2-a09e-46da-838c-342c96d7d011,新疆维语文艺广播,Sinkiang,culture,uyghur,MP3,0,45,https://lhttp.qtfm.cn/live/20639/64k.mp3,reachable,200,audio/mpeg,audio/mpeg,2026-01-14T22:54:04Z,http://www.xjtvs.com.cn/
1152,227aa3ec-090b-4984-937d-56e498941f34,岳阳综合广播,Hunan,news,chinese,MP3,0,45,http://lhttp.qingting.fm/live/20989/64k.mp3,reachable,200,audio/mpeg,audio/mpeg,2026-01-15T00:35:25Z,http://www.0730news.com/
1153,dfc7d479-2ae1-11ea-aa0c-52543be04c81,安康综合广播,Shensi,"literature,news,public radio",chinese,MP3,0,45,http://lhttp.qingting.fm/live/5021861/64k.mp3,reachable,200,audio/mpeg,audio/mpeg,2026-01-15T07:11:09Z,http://www.aktv.com.cn/#/Login
1154,6d88426e-f51f-45cd-8105-bf75e77ac5dc,伊犁哈语广播,Sinkiang,news,kazakh,MP3,0,45,https://lhttp.qingting.fm/live/5022692/64k.mp3,reachable,200,audio/mpeg,audio/mpeg,2026-01-15T08:34:02Z,http://m.ylxw.com.cn/
1155,0c27e0c7-8f58-4823-a0f2-47749868f978,五师人民广播电台双河之声,Sinkiang,"music,news",chinese,MP3,0,45,https://lhttp.qtfm.cn/live/20207772/64k.mp3,reachable,200,audio/mpeg,audio/mpeg,2026-01-15T04:26:23Z,https://www.qingting.fm/radios/20207772/
1156,2cfdbe7e-1859-4009-9583-31b29eab42ac,宁波经济广播,Chekiang,"entertainment,information",chinese,MP3,0,45,https://lhttp.qtfm.cn/live/1152/64k.mp3,reachable,200,audio/mpeg,audio/mpeg,2026-01-15T06:33:47Z,http://www.nbtv.cn/
1157,2f885cff-ec89-4d38-911b-332015ff8cf4,普陀广播,Chekiang,"information,news,public radio",chinese,UNKNOWN,0,45,http://l.cztvcloud.com/channels/lantian/SXputuoaud/128k.m3u8,reachable,200,application/x-mpegURL,application/x-mpegURL,2026-01-15T01:19:21Z,http://ptnews.zjol.com.cn/
1158,189d5589-7c09-444d-8be3-e279e1e2860d,晋城综合广播,Shansi,news,chinese,MP3,0,45,https://lhttp.qtfm.cn/live/1188/64k.mp3,reachable,200,audio/mpeg,audio/mpeg,2026-01-15T08:27:56Z,https://www.qingting.fm/radios/1188
1159,e8c1d8da-9434-487e-864b-dda41364f21a,9527,,classical,,MP3,0,45,https://stream.zeno.fm/ijdx5orz8wqvv,unreachable,,,连接失败: timed out,2026-01-14T22:54:06Z,
1160,2d960b81-d0b0-4ff5-8b82-783ab00ebfc8,盐城经济生活广播,Kiangsu,traffic,chinese,MP3,0,45,https://lhttp.qtfm.cn/live/20326/64k.mp3,reachable,200,audio/mpeg,audio/mpeg,2026-01-15T02:12:25Z,http://www.0515yc.cn/
1161,b1cf5c49-10e7-4365-99da-e5680032245f,邳州人民广播电台,Kiangsu,"music,news",chinese,MP3,0,45,http://lhttp.qingting.fm/live/2809/64k.mp3,reachable,200,audio/mpeg,audio/mpeg,2026-01-15T03:33:37Z,http://www.pznews.com/
1162,acf444dc-fdfb-4253-89e6-acc6a4fc5f10,临海人民广播电台,Chekiang,news,chinese,MP3,0,45,http://lhttp.qingting.fm/live/5022437/64k.mp3,reachable,200,audio/mpeg,audio/mpeg,2026-01-15T03:36:09Z,http://lhnews.zjol.com.cn/
1163,0a28de9d-891c-440e-9295-b4cf63abe37f,湖州经济广播,Chekiang,"entertainment,traffic radio broadcast",chinese,MP3,0,45,https://lhttp.qtfm.cn/live/2812/64k.mp3,reachable,200,audio/mpeg,audio/mpeg,2026-01-15T07:15:38Z,http://www.hugd.com/
1164,daf35b80-39c4-4d39-aa66-1a7f47c30ffe,德宏综合广播,Yunnan,news,chinese,MP3,0,46,https://lhttp.qingting.fm/live/5021849/64k.mp3,reachable,200,audio/mpeg,audio/mpeg,2026-01-15T05:25:40Z,https://mtydazzle.yunshicloud.com/index.html?companyId=dehong&productId=dehong
1165,4b54d874-1337-441b-8348-e3a87d46e809,衡水文艺广播,Hopei,"entertainment,music",chinese,MP3,0,46,https://lhttp.qtfm.cn/live/5021857/64k.mp3,reachable,200,audio/mpeg,audio/mpeg,2026-01-15T04:06:00Z,https://m.weibo.cn/u/2818550401?sudaref=www.baidu.com
1166,c0584818-86c8-4fbf-aed9-eab6c49ecac0,云南民族广播,Yunnan,public radio,chinese,MP3,0,46,https://lhttp.qtfm.cn/live/1933/64k.mp3,reachable,200,audio/mpeg,audio/mpeg,2026-01-15T04:26:23Z,http://www.ynradio.com/v2/
1167,9ca36586-96c7-4fa9-9751-e10b249504b7,鄂尔多斯蒙语综合广播,Inner Mongolia,news,mongolian,MP3,0,46,http://lhttp.qingting.fm/live/20348/64k.mp3,not_found,404,,HTTP 404,2026-01-15T00:00:02Z,http://erdszs.org.cn/
1168,a729db1b-86c8-42d0-801b-a6cf2bb8518d,淮安综合广播,Kiangsu,news,chinese,MP3,0,46,https://lhttp.qtfm.cn/live/4589/64k.mp3,reachable,200,audio/mpeg,audio/mpeg,2026-01-15T04:42:03Z,http://www.habctv.com/
1169,61250945-c3fc-490c-9952-5289ad690ba3,义乌交通,Chekiang,95.5,chinese,MP3,0,46,https://lhttp.qtfm.cn/live/20533/64k.mp3,reachable,200,audio/mpeg,audio/mpeg,2026-01-15T04:41:13Z,http://www.ywcity.cn/#/homepage
1170,ed165bae-2b93-4d30-9b87-07033c19b779,西宁新闻综合广播,Tsinghai,news,chinese,MP3,0,46,http://lhttp.qingting.fm/live/5022282/64k.mp3,reachable,200,audio/mpeg,audio/mpeg,2026-01-15T00:05:08Z,https://www.xntv.tv/
1171,151e05e8-d2bd-11e9-a861-52543be04c81,大同经济文艺广播,Shansi,"economic news,economics,entertainment,literature",chinese,MP3,0,46,http://lhttp.qingting.fm/live/20211689/64k.mp3,reachable,200,audio/mpeg,audio/mpeg,2026-01-15T02:45:26Z,http://www.dtradio.com.cn/?companyId=2AE520B59BD04FDB&productId=6E86CE0D16CE429EB0B293945EB4679E
1172,de05e102-8f56-4236-9212-cb1585691a56,广西综合广播 新闻910,Kwangsi,"music,news",chinese,MP3,0,46,https://lhttp-hw.qtfm.cn/live/1753/64k.mp3,reachable,200,audio/mpeg,audio/mpeg,2026-01-15T04:21:20Z,https://www.gxtv.cn/
1173,60a1f143-8f89-4faf-8601-9f25bd264fbf,山西卫视伴音,,tv,chinese,UNKNOWN,0,46,https://piccpndali.v.myalicdn.com/audio/shan1xi_2.m3u8,reachable,200,application/x-mpegURL,application/x-mpegURL,2026-01-15T05:06:28Z,https://www.sxrtv.com/
1174,d063d8b6-e0cc-45e5-a94d-76a917286d88,烟台音乐广播,Shantung,"music,pop",chinese,MP3,0,46,https://lhttp.qtfm.cn/live/1683/64k.mp3,reachable,200,audio/mpeg,audio/mpeg,2026-01-15T04:43:25Z,http://www.yantaitv.cn/
1175,da86e732-ad7c-4e43-b764-89f841a739c2,鹤壁综合广播,Honan,public radio,chinese,MP3,0,46,https://lhttp.qtfm.cn/live/5022055/64k.mp3,reachable,200,audio/mpeg,audio/mpeg,2026-01-15T00:15:22Z,http://hebitv.net/news/topic/
1176,5c4791e5-b424-45c6-9b4b-a20e98a2ddc5,辉县人民广播电台,Honan,music,chinese,MP3,0,46,http://lhttp.qingting.fm/live/20207782/64k.mp3,reachable,200,audio/mpeg,audio/mpeg,2026-01-15T03:17:37Z,http://www.huixianwang.com/
1177,99f621c8-544c-40d5-bcd5-45474c44bebb,乌鲁木齐交通广播,Sinkiang,traffic radio broadcast,chinese,MP3,0,46,https://lhttp.qtfm.cn/live/1919/64k.mp3,reachable,200,audio/mpeg,audio/mpeg,2026-01-15T07:12:24Z,http://www.urumqi.gov.cn/info/iList.jsp?cat_id=16164&cur_page=1
1178,5a293dbe-82a3-44a3-95f6-263012927c7a,泊头市广播电视台广播节目,Hopei,"94.4,crosstalk,entertainment,information,literature",chinese,MP3,0,46,https://lhttp.qtfm.cn/live/20500164/64k.mp3,reachable,200,audio/mpeg,audio/mpeg,2026-01-15T06:48:55Z,https://www.botou114.com/news-catid-1.html
1179,71c2b7c8-af6b-4a8d-b0a8-4efdbeb3f379,淮安农村广播,Kiangsu,music,chinese,MP3,0,47,https://lhttp.qingting.fm/live/4588/64k.mp3,reachable,200,audio/mpeg,audio/mpeg,2026-01-15T02:14:38Z,http://www.habctv.com/
1180,f4f2db19-3924-45c3-b6d0-ca14d8812713,辽宁经典音乐广播,Liaoning,,chinese,MP3,0,47,https://lhttp-hw.qtfm.cn/live/20021/64k.mp3,reachable,200,audio/mpeg,audio/mpeg,2026-01-15T04:06:36Z,https://gdj.ln.gov.cn/
1181,992e18bf-48ad-4338-af56-f74fbab4c8bd,西宁交通文艺广播,Tsinghai,literature,chinese,MP3,0,47,http://lhttp.qingting.fm/live/5022283/64k.mp3,reachable,200,audio/mpeg,audio/mpeg,2026-01-15T04:06:00Z,https://www.xntv.tv/
1182,c2f9e232-89b6-4549-b591-013e95b7cd68,九江文化旅游广播,Kiangsi,"culture,music,oldies",chinese,MP3,0,47,https://lhttp.qtfm.cn/live/20212210/64k.mp3,reachable,200,audio/mpeg,audio/mpeg,2026-01-15T05:53:10Z,http://www.jjntv.cn/
1183,bd0579bc-6296-4ae7-bcda-c2e5917a2fb2,阿基米德-健康电台,Shanghai Direct Administered Municipality,"health,lifestyle",chinese,MP3,0,47,https://lhttp-hw.qtfm.cn/live/20500232/64k.mp3,reachable,200,audio/mpeg,audio/mpeg,2026-01-15T04:13:13Z,http://www.ajmide.com/
1184,9f1e5785-920f-4c29-a9a4-7080baa7e95e,ANISON.FM,,,,UNKNOWN,0,47,https://anison.fm/anison.m3u,reachable,200,application/octet-stream,application/octet-stream,2026-01-14T22:54:12Z,https://en.anison.fm/
1185,79433e61-647f-4659-8c39-0f5925f56ff8,赣州综合广播（2）,Kiangsi,news,chinese,MP3,0,47,https://lhttp.qingting.fm/live/20266/64k.mp3,reachable,200,audio/mpeg,audio/mpeg,2026-01-15T01:32:14Z,http://www.jxgztv.com/
1186,01ca4e5f-6909-49d5-8f89-9e4ed454cbce,娄底交通广播,Hunan,lounge,chinese,MP3,0,47,https://lhttp.qingting.fm/live/20507/64k.mp3,reachable,200,audio/mpeg,audio/mpeg,2026-01-15T00:21:39Z,http://www.ldntv.cn/Portal/Html/option/com_content/ItemId/58/
1187,07ded195-ab0b-4ae1-9ad6-f27ba18546b8,北部湾之声 The Voice of Beibu Gulf,Kwangsi,international,chinese,MP3,0,47,https://lhttp-hw.qtfm.cn/live/1757/64k.mp3,reachable,200,audio/mpeg,audio/mpeg,2026-01-15T03:57:28Z,https://www.gxtv.cn/
1188,51bc52dc-ce28-45ef-991b-b328bf0aa05c,https://satellitepull.cnr.cn/live/wxahjtgb/playlist.m3u8?wsSession=99789a08add4ecdbfe9421e3-173752435390509&wsIPSercert=74983ed8210fffe44d53c2a258bb9a5d,,,,UNKNOWN,0,47,https://satellitepull.cnr.cn/live/wxahjtgb/playlist.m3u8?wsSession=99789a08add4ecdbfe9421e3-173752435390509&wsIPSercert=74983ed8210fffe44d53c2a258bb9a5d,reachable,200,application/x-mpegurl,application/x-mpegurl,2026-01-14T22:54:07Z,https://satellitepull.cnr.cn/live/wxahjtgb/playlist.m3u8?wsSession=99789a08add4ecdbfe9421e3-173752435390509&wsIPSercert=74983ed8210fffe44d53c2a258bb9a5d
1189,5346ff55-8600-4d69-bd24-544e81b7ac9e,天水综合频道,Kansu,news,chinese,MP3,0,47,https://lhttp.qtfm.cn/live/20460/64k.mp3,reachable,200,audio/mpeg,audio/mpeg,2026-01-15T05:22:21Z,http://www.tstv.cn/
1190,13f95665-1ed5-48e8-bb57-d3b89d4abc83,绍兴戏曲广播,Chekiang,music,chinese,MP3,0,47,http://lhttp.qingting.fm/live/5054/64k.mp3,reachable,200,audio/mpeg,audio/mpeg,2026-01-15T08:05:50Z,http://www.shaoxing.com.cn/
1191,7523bda7-d9e0-4a5b-8b7f-5caa3b47932a,云南卫视伴音,Yunnan,tv,chinese,UNKNOWN,0,47,https://piccpndali.v.myalicdn.com/audio/yunnan_2.m3u8,reachable,200,application/x-mpegURL,application/x-mpegURL,2026-01-15T06:09:44Z,https://www.yntv.cn/
1192,0ed110ea-e2d0-4aa1-981a-d5507e5f46b5,淮安交通文艺,Kiangsu,culture,chinese,MP3,0,47,https://lhttp.qtfm.cn/live/4586/64k.mp3,reachable,200,audio/mpeg,audio/mpeg,2026-01-15T04:30:45Z,http://www.habctv.com/
1193,1e0da1b8-813c-42c9-881f-863578103c61,东阳综合广播,Chekiang,news,chinese,MP3,0,47,https://lhttp.qtfm.cn/live/21181/64k.mp3,reachable,200,audio/mpeg,audio/mpeg,2026-01-15T02:25:18Z,https://www.qingting.fm/radios/21181
1194,222fb4ba-e507-4543-853b-f606c0c008c1,六盘水综合广播,Kweichow,news,chinese,MP3,0,47,https://lhttp.qingting.fm/live/20211616/64k.mp3,reachable,200,audio/mpeg,audio/mpeg,2026-01-15T00:10:03Z,http://m.lpsntv.com/lps/index.shtml
1195,bcdc785a-7ee5-42e3-8ac2-ed25c9f62d03,重庆卫视伴音,Shanghai,tv,chinese,UNKNOWN,0,47,https://piccpndali.v.myalicdn.com/audio/chongqing_2.m3u8,reachable,200,application/x-mpegURL,application/x-mpegURL,2026-01-15T08:40:44Z,http://www.cqbntv.cn/
1196,55eadfe3-1c31-4f8d-992a-58085f97acef,宁夏音乐广播,Ningsia,"music,pop",chinese,MP3,0,47,https://lhttp.qtfm.cn/live/15318294/64k.mp3,reachable,200,audio/mpeg,audio/mpeg,2026-01-15T00:35:26Z,http://www.nxtv.com.cn/
1197,675a7f51-8505-11e9-aa30-52543be04c81,吉林市交通广播,jilin,traffic,chinese,MP3,0,47,http://lhttp.qingting.fm/live/1819/64k.mp3,reachable,200,audio/mpeg,audio/mpeg,2026-01-15T02:02:21Z,http://senpre.icoc.cc/
1198,60d86e06-ac92-4ff7-82a8-0e337b39d3f4,say whaaaaaaaaaaaaaaat,Chekiang,,chinese,MP3,0,48,https://stream.zeno.fm/afh4crom56mvv,unreachable,,,连接失败: timed out,2026-01-15T06:27:38Z,https://zeno.fm/radio/say-whaaaaaaaaaaaaaaat/
1199,b1d86f24-1472-11e9-a80b-52543be04c81,桐乡人民广播电台,Chekiang,news,chinese,MP3,0,48,http://lhttp.qingting.fm/live/5021791/64k.mp3,reachable,200,audio/mpeg,audio/mpeg,2026-01-14T23:25:16Z,http://txnews.zjol.com.cn/
1200,eaec35b3-f18d-11e8-a471-52543be04c81,Hotse News Radio,Shantung,,chinese,UNKNOWN,0,48,http://live.hznet.tv:1935/live/live875/32K/tzwj_video.m3u8,reachable,200,application/vnd.apple.mpegurl,application/vnd.apple.mpegurl,2026-01-15T01:58:28Z,http://www.hznet.tv/
1201,15e50020-4a2b-11e8-b1b0-52543be04c81,Yurao News TV,Chekiang,"chekiang,hls video",chinese,UNKNOWN,0,48,http://l.cztvcloud.com/channels/lantian/SXyuyao1/720p.m3u8,reachable,200,application/x-mpegURL,application/x-mpegURL,2026-01-15T04:04:01Z,http://www.yysee.net/
1202,2e0244b5-04ec-4c0e-a4a1-f7714c889813,承德交通文艺广播,Hopei,"culture,music",chinese,MP3,0,48,https://lhttp.qtfm.cn/live/15318216/64k.mp3,reachable,200,audio/mpeg,audio/mpeg,2026-01-15T03:39:23Z,https://www.chengdetv.com/
1203,bac1e50b-d530-4bb3-93fe-a8aa54800b18,宜昌交通广播,Hupei,traffic,chinese,MP3,0,48,https://lhttp.qingting.fm/live/20563/64k.mp3,reachable,200,audio/mpeg,audio/mpeg,2026-01-15T06:36:23Z,http://www.3xgd.com/
1204,728cda2c-7b14-485a-a0a1-77bbfdd0e841,天津经济广播,,,chinese,MP3,0,48,https://lhttp-hw.qtfm.cn/live/15318227/64k.mp3,reachable,200,audio/mpeg,audio/mpeg,2026-01-15T01:24:48Z,http://tjtv.enorth.com.cn/
1205,922a7528-3be2-45a5-acc0-0054929d6550,祥符广播919,Honan,"91.9,91.9 fm,public radio",chinese,MP3,0,48,https://lhttp.qtfm.cn/live/20500156/64k.mp3,reachable,200,audio/mpeg,audio/mpeg,2026-01-15T08:36:02Z,http://www.xiangfuqu.gov.cn/index.html
1206,3ab5dd64-c2d5-41fb-a977-227f1b301ce4,达州综合广播,Szechuan,news,chinese,MP3,0,48,https://lhttp.qtfm.cn/live/5022394/64k.mp3,reachable,200,audio/mpeg,audio/mpeg,2026-01-15T06:29:04Z,http://www.dzxw.net/
1207,4bd536f0-9f2a-4cd7-a09f-cfad256f5eff,乌海交通音乐广播,Inner Mongolia,music,chinese,MP3,0,48,https://lhttp.qingting.fm/live/15318704/64k.mp3,reachable,200,audio/mpeg,audio/mpeg,2026-01-15T07:23:51Z,http://www.nmwhrtv.com/
1208,d0cf3c21-585e-47aa-9149-407e2fd0c310,张掖新闻综合广播,Kansu,"news,public radio",chinese,MP3,0,48,http://lhttp.qingting.fm/live/5022096/64k.mp3,reachable,200,audio/mpeg,audio/mpeg,2026-01-15T05:07:10Z,http://www.zytv.cc/
1209,6daa12a5-47f0-4235-9272-e75b17fb25ae,DLR-3 大连体育广播,Dalian,sports,chinese,MP3,0,48,https://lhttp.qingting.fm/live/1085/64k.mp3,reachable,200,audio/mpeg,audio/mpeg,2026-01-15T08:05:50Z,http://www.dltv.cn/test/
1210,d92fe019-c0f2-4bc4-84d3-79a5f14cf66c,温州综合广播,Chekiang,news,chinese,MP3,0,48,https://lhttp.qtfm.cn/live/1155/64k.mp3,reachable,200,audio/mpeg,audio/mpeg,2026-01-15T01:39:32Z,http://www.wztv.cn/
1211,76ad0d14-47e6-4618-8082-b2acaf319201,永康电台FM106.6,Chekiang,"information,news,public radio",chinese,MP3,0,48,https://lhttp.qtfm.cn/live/5022570/64k.mp3,reachable,200,audio/mpeg,audio/mpeg,2026-01-15T00:34:47Z,https://www.qingting.fm/radios/5022570
1212,ada157bf-dc7d-47c9-8fa9-ab4eaa4267b2,赣州交通音乐广播,Kiangsi,music,chinese,MP3,0,48,https://lhttp.qingting.fm/live/4942/64k.mp3,reachable,200,audio/mpeg,audio/mpeg,2026-01-15T04:45:19Z,http://www.jxgztv.com/
1213,1d8fdbfb-c97f-41d3-a3c4-5c2a237bcfcb,随州综合广播,Hupei,news,chinese,MP3,0,48,http://lhttp.qingting.fm/live/20853/64k.mp3,reachable,200,audio/mpeg,audio/mpeg,2026-01-14T23:53:54Z,http://www.hbsztv.com/TV/szxw/
1214,32631b55-ae82-4562-88f8-c11854830676,郴州交通广播,Hunan,music,chinese,MP3,0,48,https://lhttp.qingting.fm/live/20867/64k.mp3,reachable,200,audio/mpeg,audio/mpeg,2026-01-15T03:26:15Z,http://www.ngcz.tv/
1215,7a95c535-a933-4780-9583-5e760a3e8aea,达州交通音乐广播,Szechuan,"102.9,102.9 fm,culture,music",chinese,MP3,0,48,https://lhttp.qtfm.cn/live/5022395/64k.mp3,reachable,200,audio/mpeg,audio/mpeg,2026-01-15T01:38:48Z,http://www.dzxw.net/
1216,9842a7d9-58db-4c63-af1e-43c384ffd8f8,怀来人民广播电台,Hopei,"music,news,public radio",chinese,MP3,0,48,http://lhttp.qingting.fm/live/5022643/64k.mp3,reachable,200,audio/mpeg,audio/mpeg,2026-01-15T06:33:47Z,http://zjk.hebei.com.cn/
1217,05d42f0f-5cf2-4f3b-8e84-8442d121e894,CRI News Plus AM846,Beijing,news,english,UNKNOWN,0,48,http://sk.cri.cn/am846.m3u8,reachable,200,application/vnd.apple.mpegurl,application/vnd.apple.mpegurl,2026-01-15T04:41:12Z,https://www.cri.cn/
1218,b1257e05-d511-482e-a2b8-3893ac906f70,梅县客都之声,Kwangtung,"5g智慧电台,auto,easy listening,entertainment,full service,music",chinese,MP3,0,48,https://lhttp.qtfm.cn/live/5021942/64k.mp3,reachable,200,audio/mpeg,audio/mpeg,2026-01-15T07:55:29Z,http://www.gdmx.gov.cn/?p=xb5ak
1219,8b63c17d-9e7c-4a05-91c5-093d547c150b,郑州经济生活广播,Honan,lifestyle,chinese,MP3,0,48,https://lhttp.qtfm.cn/live/1221/64k.mp3,reachable,200,audio/mpeg,audio/mpeg,2026-01-15T03:36:09Z,http://www.zzradio.cn/
1220,fada86bc-c475-4d9f-93a5-c1be9f1d7713,湖州综合广播,Chekiang,news,chinese,MP3,0,48,https://lhttp.qingting.fm/live/2810/64k.mp3,reachable,200,audio/mpeg,audio/mpeg,2026-01-15T06:06:20Z,http://www.hugd.com/
1221,9d2d4698-7f47-4c57-b914-7d66f78de1f4,玉溪新闻综合广播,Yunnan,news,chinese,MP3,0,48,http://lhttp.qingting.fm/live/5022031/64k.mp3,reachable,200,audio/mpeg,audio/mpeg,2026-01-15T08:40:44Z,http://www.yxtv.cn/
1222,ade84795-ba89-11e8-aaf2-52543be04c81,Kiangsu General News Radio,Kiangsu,,chinese,UNKNOWN,0,48,http://lzlive.vojs.cn/rTyLc36/92/live.m3u8,reachable,200,application/vnd.apple.mpegurl,application/vnd.apple.mpegurl,2026-01-15T02:35:55Z,http://www.vojs.cn/
1223,95eec224-9431-4dfd-bc15-ca7b96e23893,鼎城人民广播电台,Hunan,"music,news",chinese,MP3,0,49,https://lhttp.qingting.fm/live/5021860/64k.mp3,reachable,200,audio/mpeg,audio/mpeg,2026-01-15T01:37:58Z,http://www.dcnews.cn/
1224,c71afa91-c50d-4d15-adbb-536cff613df6,安徽农村广播,Anhwei,"agriculture,culture",chinese,MP3,0,49,https://lhttp.qtfm.cn/live/1950/64k.mp3,reachable,200,audio/mpeg,audio/mpeg,2026-01-15T08:02:56Z,http://www.ahrtv.cn/
1225,c2e3c55a-a67a-403c-bd36-b07f1cca827e,西昌人民广播电台,Szechuan,news,chinese,MP3,0,49,http://lhttp.qingting.fm/live/20211706/64k.mp3,reachable,200,audio/mpeg,audio/mpeg,2026-01-15T03:38:05Z,http://m.yybnet.net/liangshan/xichang/
1226,1178fb20-7115-4086-a8ff-76d5002d408f,梅河口人民广播电台,Jilin,"news,public radio",chinese,MP3,0,49,https://lhttp.qtfm.cn/live/20500115/64k.mp3,reachable,200,audio/mpeg,audio/mpeg,2026-01-15T00:01:34Z,https://www.qingting.fm/radios/20500115
1227,ff54928f-a24c-4db3-90c1-35234346937d,黄石经济广播,Hupei,"lounge,traffic",chinese,MP3,0,49,https://lhttp.qingting.fm/live/3964/64k.mp3,reachable,200,audio/mpeg,audio/mpeg,2026-01-15T06:54:30Z,http://www.hsgd.net.cn/
1228,49e7b9f2-ca1c-4fbe-90c9-1e70547c0b0d,吉林旅游广播(2),Jilin,"literature,tourism",chinese,MP3,0,49,https://lhttp.qingting.fm/live/20487/64k.mp3,reachable,200,audio/mpeg,audio/mpeg,2026-01-15T08:07:13Z,https://fm1033.jlradio.cn/
1229,e2ff7983-c14e-4e76-87af-5e04fe782f38,南乐县广播节目,Honan,music,chinese,MP3,0,49,https://lhttp.qtfm.cn/live/20500136/64k.mp3,reachable,200,audio/mpeg,audio/mpeg,2026-01-15T06:46:22Z,http://www.nanlew.com/
1230,6d6d22f6-9694-4b81-ab1e-014849aff47e,瑞安人民广播电台,Chekiang,news,chinese,MP3,0,49,http://lhttp.qingting.fm/live/1143/64k.mp3,reachable,200,audio/mpeg,audio/mpeg,2026-01-15T00:00:02Z,http://www.66ruian.com/
1231,5c74fccc-122d-11e9-a80b-52543be04c81,温州之声,Chekiang,news,chinese,MP3,0,49,http://lhttp.qingting.fm/live/1155/64k.mp3,reachable,200,audio/mpeg,audio/mpeg,2026-01-15T07:03:15Z,http://www.wztv.cn/
1232,e85de2a8-44a1-4a91-ae92-a3e4e288021e,哈尔滨经济广播,Amur River,economics,chinese,UNKNOWN,49,49,https://stream.hrbtv.net/876pl/playlist.m3u8,unreachable,,,连接失败: [SSL: CERTIFICATE_VERIFY_FAILED] certificate verify failed: unable to get local ,2026-01-15T08:06:32Z,https://www.hrbtv.net/
1233,ea737b23-2ae0-11ea-aa0c-52543be04c81,十堰综合广播,Hupei,news,chinese,MP3,0,49,http://lhttp.qingting.fm/live/20338/64k.mp3,reachable,200,audio/mpeg,audio/mpeg,2026-01-15T01:47:04Z,http://www.syrtv.com/
1234,5d14e2f9-ea80-4055-ae8b-f47c54a08736,常州经济广播,Kiangsu,information,chinese,MP3,0,49,https://lhttp.qtfm.cn/live/2794/64k.mp3,reachable,200,audio/mpeg,audio/mpeg,2026-01-15T08:27:56Z,http://www.cztv.tv/
1235,9ada895c-5390-4811-ab13-ef9c071d7fda,瓦房店人民广播电台,Dalian,news,chinese,MP3,0,49,http://lhttp.qingting.fm/live/20500094/64k.mp3,reachable,200,audio/mpeg,audio/mpeg,2026-01-15T08:10:11Z,http://www.wfdrtv.cn/
1236,e479b652-a1ec-4ad1-a9f0-c6befad15eba,栾城人民广播电台,Hopei,golden music,chinese,MP3,0,49,http://lhttp.qingting.fm/live/5022038/64k.mp3,reachable,200,audio/mpeg,audio/mpeg,2026-01-15T02:34:36Z,http://lcswyyjd.com/
1237,7f796050-9625-4d78-9312-c10af6b1a90c,台州交通广播,Chekiang,news,chinese,MP3,0,49,https://lhttp.qingting.fm/live/1146/64k.mp3,reachable,200,audio/mpeg,audio/mpeg,2026-01-15T08:33:25Z,http://www.576tv.com/
1238,6f8cb4d9-4575-49a1-bd6a-ee927d76e10a,福州音乐广播,Fukien,music,chinese,UNKNOWN,0,49,http://live.zohi.tv/audio/s10001-FM893/index.m3u8,reachable,200,application/vnd.apple.mpegurl,application/vnd.apple.mpegurl,2026-01-15T05:56:44Z,http://www.zohi.tv/
1239,2adf8d85-2782-4002-a5ce-8c64514de550,山东文艺广播,Shantung,entertainment,chinese,MP3,0,49,https://lhttp.qtfm.cn/live/20238/64k.mp3,reachable,200,audio/mpeg,audio/mpeg,2026-01-15T07:59:53Z,http://v.iqilu.com/radio/
1240,340d0e2f-008a-4b19-8069-cc53212da26c,亳州交通音乐广播,Anhwei,music,chinese,UNKNOWN,132,49,http://zbbf2.ahbztv.com/live/41c.m3u8,reachable,200,application/x-mpegurl,application/x-mpegurl,2026-01-15T02:22:41Z,http://www.ahbztv.com/
1241,9c83fb4f-d6aa-448d-989d-329fd484c17f,吉林音乐广播,Jilin,"music,pop",chinese,UNKNOWN,62,49,http://stream10.jlntv.cn/fm927/playlist.m3u8,reachable,200,application/vnd.apple.mpegurl,application/vnd.apple.mpegurl,2026-01-15T04:22:41Z,https://fm927.jlradio.cn/
1242,fd0060c0-48ba-415b-b950-80b46b66f0c9,河南戏曲网络广播,,,chinese,AAC,64,50,http://stream.hndt.com/live/wangluoxiqu/playlist.m3u8,reachable,200,application/vnd.apple.mpegurl,application/vnd.apple.mpegurl,2026-01-15T07:51:28Z,http://www.hndt.com/
1243,c9bf9281-5a00-434a-98ad-81310114f348,哈尔滨经济广播,黑龙江,economics,chinese,UNKNOWN,49,50,https://stream.hrbtv.net/876pl/playlist.m3u8,unreachable,,,连接失败: [SSL: CERTIFICATE_VERIFY_FAILED] certificate verify failed: unable to get local ,2026-01-15T01:37:59Z,https://www.hrbtv.net/
1244,46c271aa-e558-4782-808e-20ea2c7978f7,漳州交通广播,Fukien,music,chinese,MP3,0,50,http://lhttp.qingting.fm/live/1743/64k.mp3,reachable,200,audio/mpeg,audio/mpeg,2026-01-14T23:44:14Z,http://www.fjzzfm.com/
1245,671c3973-c89c-44f8-a5ce-f0db55811607,南通综合广播,Kiangsu,"97.0,97.0 fm,information,news,public radio",chinese,MP3,0,50,https://lhttp.qtfm.cn/live/21277/64k.mp3,reachable,200,audio/mpeg,audio/mpeg,2026-01-15T00:31:56Z,https://www.ntjoy.com/
1246,ae541316-f4e0-4ebc-a90a-23dbadea285f,山东经济广播,Shantung,economics,chinese,MP3,0,50,https://lhttp.qtfm.cn/live/20236/64k.mp3,reachable,200,audio/mpeg,audio/mpeg,2026-01-15T00:34:09Z,http://v.iqilu.com/radio/
1247,7deef170-e02e-48a8-b691-17a365ff2911,郴州综合广播,Hunan,news,chinese,MP3,0,50,https://lhttp.qingting.fm/live/20489/64k.mp3,reachable,200,audio/mpeg,audio/mpeg,2026-01-15T04:34:41Z,http://www.ngcz.tv/
1248,883e7122-be99-46d3-8993-4249eb705f81,红调频·九江综合广播,Kiangsi,"music,news",chinese,MP3,0,50,https://lhttp.qingting.fm/live/5022729/64k.mp3,reachable,200,audio/mpeg,audio/mpeg,2026-01-14T23:31:23Z,http://www.jjntv.cn/
1249,9ecd8a19-ed14-4603-a261-9767d546a351,河南卫视伴音,Shanghai,tv,chinese,UNKNOWN,0,50,https://piccpndali.v.myalicdn.com/audio/henan_2.m3u8,reachable,200,application/x-mpegURL,application/x-mpegURL,2026-01-15T05:44:37Z,https://www.hntv.tv/
1250,b6e2fe76-be60-11e8-aaf2-52543be04c81,Shansi Literature & Art Radio,Shansi,,chinese,MP3,0,50,http://lhttp.qingting.fm/live/20485/64k.mp3,reachable,200,audio/mpeg,audio/mpeg,2026-01-15T05:28:02Z,http://www.sxrtv.com/
1251,633b1d6d-c10b-43b7-bd4b-5d01a6d41f18,声音控电台,Hopei,internet radio,chinese,MP3,0,50,https://lhttp-hw.qtfm.cn/live/15318519/64k.mp3,reachable,200,audio/mpeg,audio/mpeg,2026-01-15T01:59:15Z,https://www.qingting.fm/radios/15318519
1252,4722acf4-8c5b-44d9-83e1-2ef6f40f089e,亳州综合广播,Anhwei,news,chinese,UNKNOWN,132,50,http://zbbf2.ahbztv.com/live/41a.m3u8,reachable,200,application/x-mpegurl,application/x-mpegurl,2026-01-15T06:02:42Z,http://www.ahbztv.com/
1253,6ae2e2fd-be61-11e8-aaf2-52543be04c81,Shansi News Radio,Shansi,,chinese,MP3,0,50,http://lhttp.qingting.fm/live/20491/64k.mp3,reachable,200,audio/mpeg,audio/mpeg,2026-01-14T23:24:33Z,http://www.sxrtv.com/
1254,98126479-359b-4504-a8fe-0fe7e38f913c,玉林综合广播,Kwangsi,"music,news",chinese,MP3,0,50,https://lhttp.qingting.fm/live/1762/64k.mp3,reachable,200,audio/mpeg,audio/mpeg,2026-01-15T05:17:04Z,http://www.yltvb.com/
1255,6cca27c2-7ce8-4b12-b908-f54f7c70fc95,长沙新闻广播,Hunan,"classic hits,hits,information,music,news,oldies,pop,talk",chinese,MP3,0,50,https://lhttp.qtfm.cn/live/4877/64k.mp3,reachable,200,audio/mpeg,audio/mpeg,2026-01-15T08:16:49Z,https://www.csbtv.com/
1256,03f40bbc-71d4-45cc-a42c-f29d20cdd4bc,保定交通频道,Hopei,music,chinese,MP3,0,50,https://lhttp.qtfm.cn/live/20168/64k.mp3,reachable,200,audio/mpeg,audio/mpeg,2026-01-14T23:56:58Z,http://www.bdgdw.com/
1257,b1553c73-2c78-4d71-b6ed-69d8d7f6b9ab,AsiaFM,,classical,,UNKNOWN,0,50,https://live.ximalaya.com/radio-first-page-app/live/999/64.m3u8?transcode=ts,reachable,200,application/vnd.apple.mpegurl,application/vnd.apple.mpegurl,2026-01-14T22:54:04Z,https://live.ximalaya.com/radio-first-page-app/live/999/64.m3u8?transcode=ts
1258,2c37bb80-8440-11e9-aa30-52543be04c81,邢台交通•音乐广播,Hopei,"public radio,traffic",chinese,MP3,0,50,http://lhttp.qingting.fm/live/15318481/64k.mp3,reachable,200,audio/mpeg,audio/mpeg,2026-01-15T01:08:58Z,http://www.xttv.com.cn/
1259,2d49d301-1cd0-4d81-a68d-a6e712f3f85b,河南农村广播,Honan,news,,AAC,64,50,https://stream.hndt.com/live/nongcun/playlist.m3u8,reachable,200,application/vnd.apple.mpegurl,application/vnd.apple.mpegurl,2026-01-14T22:54:03Z,http://fm1074.hnr.cn/
1260,760c3efb-08f7-45d5-ad51-3a052cbfbe1a,彭州综合广播,Szechuan,"88.7,88.7 fm,electronic,hit fm,hits,music,pop",chinese,UNKNOWN,0,50,http://live.xmcdn.com/live/2781/64.m3u8,reachable,200,application/vnd.apple.mpegurl,application/vnd.apple.mpegurl,2026-01-15T05:28:38Z,http://www.cri.cn/
1261,3033568a-be40-11e8-aaf2-52543be04c81,Weifang Music Radio,Shantung,,chinese,UNKNOWN,0,51,http://ls.qingting.fm/live/4865.m3u8,reachable,200,application/vnd.apple.mpegurl,application/vnd.apple.mpegurl,2026-01-15T07:28:39Z,http://www.wfcmw.cn/
1262,54227eea-2472-44bd-a8ad-92127f41128a,宿迁交通广播,Kiangsu,music,chinese,MP3,0,51,https://lhttp.qingting.fm/live/5004/64k.mp3,reachable,200,audio/mpeg,audio/mpeg,2026-01-15T05:36:39Z,http://tv.xichu.net/m.php
1263,80f1e70f-8ad3-4de2-8123-4ef18826d1fa,济南交通广播,,,china,MP3,0,51,https://lhttp.qingting.fm/live/1669/64k.mp3,reachable,200,audio/mpeg,audio/mpeg,2026-01-14T22:54:10Z,http://jnradio.ijntv.cn/fm1031/
1264,b563e9c0-8be5-42b2-b7c8-361fdbf5301e,邵阳经济广播,Hunan,"music,news",chinese,MP3,0,51,http://lhttp.qingting.fm/live/20500058/64k.mp3,reachable,200,audio/mpeg,audio/mpeg,2026-01-15T07:07:34Z,http://www.sytv.net.cn/
1265,451e71dc-1187-11e9-a80b-52543be04c81,沈阳新民广播FM103.9,Liaoning,news,chinese,MP3,0,51,http://lhttp.qingting.fm/live/5022535/64k.mp3,reachable,200,audio/mpeg,audio/mpeg,2026-01-15T07:35:30Z,http://www.xinmin.gov.cn/
1266,29f2d86e-9b97-4e93-a467-a97574695d70,伊犁综合广播,Sinkiang,news,chinese,MP3,0,51,http://lhttp.qingting.fm/live/20211711/64k.mp3,reachable,200,audio/mpeg,audio/mpeg,2026-01-15T06:23:58Z,http://m.ylxw.com.cn/
1267,28e8d4b5-6a91-41f7-a74c-1dc0ccb5aeaf,山西经济广播,Shansi,"economics,m3u8",chinese,UNKNOWN,2560,51,http://radiolive.sxrtv.com/live/jingji.m3u8,reachable,200,application/vnd.apple.mpegurl,application/vnd.apple.mpegurl,2026-01-15T03:33:37Z,http://www.sxrtv.com/radio/
1268,8a0621fc-6945-46bc-ade3-71cbac4bdb38,岳阳时尚广播EASY FM,Hunan,"fashion,music",chinese,MP3,0,51,http://lhttp.qingting.fm/live/5022391/64k.mp3,reachable,200,audio/mpeg,audio/mpeg,2026-01-14T23:44:15Z,http://www.0730news.com/
1269,b92d7556-d2ba-11e9-a861-52543be04c81,吉林市广播电视台经济广播,jilin,news,chinese,MP3,0,51,http://lhttp.qingting.fm/live/1823/64k.mp3,reachable,200,audio/mpeg,audio/mpeg,2026-01-15T05:51:16Z,http://senpre.icoc.cc/
1270,080ca1e4-751c-11e9-af37-52543be04c81,青岛经济广播,Shantung,"economics,lifestyle",chinese,MP3,0,52,http://lhttp.qingting.fm/live/1674/64k.mp3,reachable,200,audio/mpeg,audio/mpeg,2026-01-15T04:53:33Z,http://wap.qtv.com.cn/
1271,a9e01fcb-792b-4531-8086-a9a304243c45,tianyin fm,,,chinese,MP3,0,52,https://stream.zeno.fm/cmbjv6tml6fuv,unreachable,,,连接失败: timed out,2026-01-15T08:06:32Z,https://zeno.fm/radio/tianyin-fm/
1272,ee36b896-4a2b-11e8-b1b0-52543be04c81,Yurao Culture TV,Chekiang,"chekiang,hls video",chinese,UNKNOWN,0,52,http://l.cztvcloud.com/channels/lantian/SXyuyao2/720p.m3u8,reachable,200,application/x-mpegURL,application/x-mpegURL,2026-01-14T23:25:56Z,http://www.yysee.net/
1273,b08ffe94-0089-436c-9792-740bf0fb48db,江宁人民广播电台,Kiangsu,music,chinese,MP3,0,52,http://lhttp.qingting.fm/live/20500075/64k.mp3,reachable,200,audio/mpeg,audio/mpeg,2026-01-15T00:22:18Z,https://h5.3ch.net.cn/
1274,b96b7850-3acd-4732-9545-fb8f2fd576c9,贵阳综合广播,Kweichow,"news,public radio",chinese,MP3,0,52,https://lhttp.qtfm.cn/live/1773/64k.mp3,reachable,200,audio/mpeg,audio/mpeg,2026-01-15T07:06:43Z,https://www.gystv.com/
1275,859f575a-9f8a-485d-9cc2-dda50df34e8b,南京交通广播,Kiangsu,traffic radio broadcast,chinese,UNKNOWN,0,52,http://hls.njgb.com/live_hls/2/playlist.m3u8,reachable,200,application/x-mpegURL,application/x-mpegURL,2026-01-15T01:11:29Z,http://www.njgb.com/
1276,bbe13b7a-1e84-4764-af38-c008145fb4b1,绍兴戏曲广播,Chekiang,"103.5,103.5 fm,music,pop",chinese,UNKNOWN,0,52,http://live.shaoxing.com.cn/audio/s10001-xq3/index.m3u8,reachable,200,application/vnd.apple.mpegurl,application/vnd.apple.mpegurl,2026-01-15T05:27:18Z,http://www.shaoxing.com.cn/
1277,84f5d1d2-7433-4147-a4b3-a2475c9a621c,潍坊新闻广播·88.1音乐之声,Shantung,"5g智慧电台,music",chinese,MP3,0,52,https://lhttp.qtfm.cn/live/15318631/64k.mp3,reachable,200,audio/mpeg,audio/mpeg,2026-01-14T23:33:22Z,http://www.wfcmw.cn/
1278,cdce9f83-ac0b-4ff7-b114-e65c6b934957,漳州综合广播,Fukien,news,chinese,MP3,0,52,http://lhttp.qingting.fm/live/1742/64k.mp3,reachable,200,audio/mpeg,audio/mpeg,2026-01-15T04:47:54Z,http://www.fjzzfm.com/
1279,550c09b0-bc35-11e9-acb2-52543be04c81,Wuyi News TV,Chekiang,,chinese,UNKNOWN,0,52,http://l.cztvcloud.com/channels/lantian/SXwuyi1/720p.m3u8,reachable,200,application/x-mpegURL,application/x-mpegURL,2026-01-15T04:26:23Z,http://www.wycntv.com/
1280,27610533-a485-4f56-b1ee-8386fd5795f9,九江交通广播,Kiangsi,music,chinese,MP3,0,52,https://lhttp.qingting.fm/live/5021918/64k.mp3,reachable,200,audio/mpeg,audio/mpeg,2026-01-15T02:38:10Z,http://www.jjntv.cn/
1281,58dabba6-2908-4b8d-89d0-3a2df76a21e4,台山五邑旅游频道,Kwangtung,"music,news",chinese,MP3,0,52,https://lhttp.qingting.fm/live/5022062/64k.mp3,reachable,200,audio/mpeg,audio/mpeg,2026-01-15T02:47:38Z,http://www.tsbtv.tv/
1282,2e53a6dd-cc94-409d-b70c-459e4863f051,新安县乐享1007,Honan,music,chinese,MP3,0,52,https://lhttp.qtfm.cn/live/20500141/64k.mp3,reachable,200,audio/mpeg,audio/mpeg,2026-01-15T05:32:00Z,https://weibo.com/u/1859158462?is_all=1&sudaref=m.baidu.com
1283,7f8378c6-7b11-4132-97fa-d8c16c7b81af,信仰广播一套,,,chinese,MP3,0,53,https://lhttp.qtfm.cn/live/5021977/64k.mp3,reachable,200,audio/mpeg,audio/mpeg,2026-01-15T01:58:28Z,https://m.xyxww.com.cn/
1284,1a89b2d4-013a-4422-a486-daac43870b51,乌海综合广播,Inner Mongolia,news,chinese,MP3,0,53,http://lhttp.qingting.fm/live/15318706/64k.mp3,reachable,200,audio/mpeg,audio/mpeg,2026-01-15T02:44:43Z,https://www.wuhaixw.com/
1285,4e5a38cb-2ae2-11ea-aa0c-52543be04c81,安康交通广播,Shensi,"literature,music,sport,traffic",chinese,MP3,0,53,http://lhttp.qingting.fm/live/5021862/64k.mp3,reachable,200,audio/mpeg,audio/mpeg,2026-01-15T06:33:03Z,http://www.aktv.com.cn/#/Login
1286,6453d509-df08-4fb2-aecd-250f5c36adb8,club hot,,,chinese,MP3,0,53,https://stream.zeno.fm/189p85yqyhhvv,unreachable,,,连接失败: timed out,2026-01-15T05:56:44Z,https://zeno.fm/radio/club-hot/
1287,2e4e4cab-cf98-4ba7-bda2-26a615fd0d1c,昭通交通旅游广播,Yunnan,music,chinese,MP3,0,53,http://lhttp.qingting.fm/live/21247/64k.mp3,reachable,200,audio/mpeg,audio/mpeg,2026-01-15T05:03:36Z,https://v.qq.com/s/videoplus/112693392
1288,de90199d-1f73-4041-bc06-e7eb637ed2cd,象山综合广播,Chekiang,"music,news",chinese,UNKNOWN,0,53,http://l.cztvcloud.com/channels/lantian/SXxiangshanaud/128k.m3u8,reachable,200,application/x-mpegURL,application/x-mpegURL,2026-01-15T06:45:25Z,http://www.cnxsg.cn/
1289,4bf0611e-4bb2-11e8-a4d1-52543be04c81,Shangyu TV Series TV,Chekiang,"chekiang,hls video",chinese,UNKNOWN,0,53,http://l.cztvcloud.com/channels/lantian/SXshangyu2/720p.m3u8,reachable,200,application/x-mpegURL,application/x-mpegURL,2026-01-15T00:40:59Z,http://www.sybtv.com/
1290,31934c99-6450-49f7-8a31-71f2ed29f479,菏泽音乐广播,Shantung,music,chinese,UNKNOWN,0,53,http://live.hznet.tv:1935/live/live918/32k/tzwj_video.m3u8,reachable,200,application/vnd.apple.mpegurl,application/vnd.apple.mpegurl,2026-01-15T05:47:23Z,https://www.hezegd.com/
1291,c0ce0112-a31d-45cc-9777-9f9ef3430c31,乌鲁木齐旅游音乐广播,Sinkiang,music,chinese,MP3,0,53,https://lhttp.qtfm.cn/live/1920/64k.mp3,reachable,200,audio/mpeg,audio/mpeg,2026-01-14T23:55:29Z,http://www.urumqi.gov.cn/info/iList.jsp?cat_id=16164&cur_page=1
1292,a024990c-10c6-4e40-8372-915654284183,青田广播,Chekiang,public radio,chinese,UNKNOWN,0,53,http://l.cztvcloud.com/channels/lantian/SXqingtianaud/128k.m3u8,reachable,200,application/x-mpegURL,application/x-mpegURL,2026-01-15T04:51:20Z,https://www.zgqt.zj.cn/
1293,8fc78bb6-a4a2-4d8b-9cf7-b58125ce8881,福州左海之声,Fukien,culture,hokkien,UNKNOWN,0,53,http://live.zohi.tv/audio/s10001-FM901/index.m3u8,reachable,200,application/vnd.apple.mpegurl,application/vnd.apple.mpegurl,2026-01-14T22:54:03Z,http://www.zohi.tv/
1294,2268f682-bda9-11e8-aaf2-52543be04c81,Tsingtao Economics Radio,Shantung,,chinese,UNKNOWN,0,53,http://ls.qingting.fm/live/1674.m3u8,reachable,200,application/vnd.apple.mpegurl,application/vnd.apple.mpegurl,2026-01-15T04:43:25Z,http://www.qtv.com.cn/
1295,d597d965-bf3d-11e8-aaf2-52543be04c81,Chengtu Golden Radio,Szechuan,,chinese,UNKNOWN,0,53,http://ls.qingting.fm/live/4892.m3u8,reachable,200,application/vnd.apple.mpegurl,application/vnd.apple.mpegurl,2026-01-15T08:18:44Z,http://www.cdbs.com.cn/
1296,01ddf936-2eba-4ecb-ae73-abbbf59bc6d3,济宁交通文艺广播,Shantung,"entertainment,lifestyle,lounge,traffic",chinese,MP3,0,53,https://lhttp.qtfm.cn/live/20087/64k.mp3,reachable,200,audio/mpeg,audio/mpeg,2026-01-14T23:42:14Z,http://www.jnnews.tv/
1297,c3581e05-73d1-4807-8d88-4720dc8c2b3e,许昌综合广播,Honan,"music,news",chinese,MP3,0,53,https://lhttp.qtfm.cn/live/5022092/64k.mp3,reachable,200,audio/mpeg,audio/mpeg,2026-01-15T05:53:10Z,http://xctv.cn/
1298,0a9dd80c-ae39-490d-8090-dc26599577a1,台州综合广播,Chekiang,news,chinese,MP3,0,53,https://lhttp.qingting.fm/live/1145/64k.mp3,reachable,200,audio/mpeg,audio/mpeg,2026-01-15T00:27:30Z,http://www.576tv.com/
1299,0216cdfb-ba87-11e8-aaf2-52543be04c81,Kiangsu Traffic Radio,Kiangsu,,chinese,UNKNOWN,0,53,http://lzlive.vojs.cn/4TaHTeL/92/live.m3u8,reachable,200,application/vnd.apple.mpegurl,application/vnd.apple.mpegurl,2026-01-15T04:06:37Z,http://www.vojs.cn/
1300,e20e3ba1-e837-11e9-a96c-52543be04c81,Kaihwa TV,Chekiang,,chinese,UNKNOWN,0,53,http://l.cztvcloud.com/channels/lantian/SXkaihua1/720p.m3u8,reachable,200,application/x-mpegURL,application/x-mpegURL,2026-01-15T01:14:34Z,http://www.kaihua.gov.cn/
1301,0b280a5f-5f12-4525-8d47-0a7f33e5af22,黄冈交通音乐广播,hupei,music,chinese,MP3,0,53,https://lhttp.qingting.fm/live/20207776/64k.mp3,reachable,200,audio/mpeg,audio/mpeg,2026-01-15T07:52:50Z,http://www.hgitv.com/hgtv/
1302,75bc1345-6da5-4551-b7fe-df6d2800e100,广西教育广播,Kwangsi,"93.0,93.0 fm,entertainment,music",chinese,UNKNOWN,0,54,https://stream.bbrtv.com:10443/hls/I7LJVL1Gg/I7LJVL1Gg_live.m3u8,reachable,200,application/vnd.apple.mpegurl,application/vnd.apple.mpegurl,2026-01-14T23:25:56Z,https://stream.bbrtv.com/?channelId=27
1303,652dfbb1-06d3-4546-ad18-47925b22d6b0,伊犁文艺交通广播,Sinkiang,traffic,chinese,MP3,0,54,https://lhttp.qtfm.cn/live/5022689/64k.mp3,reachable,200,audio/mpeg,audio/mpeg,2026-01-15T06:32:26Z,http://www.allchina.cn/tv/zhibo-zx-8633.html
1304,12885e21-63c8-4707-9a28-26baeb5f83f7,常州交通广播,Kiangsu,"90.0,90.0 fm,information,music,traffic radio broadcast",chinese,MP3,0,54,https://lhttp.qtfm.cn/live/2796/64k.mp3,reachable,200,audio/mpeg,audio/mpeg,2026-01-15T05:29:20Z,https://www.cztv.tv/
1305,e86121bf-7739-4f8a-9726-0266b9bbdd09,山西农村广播,Shansi,"agriculture,m3u8",chinese,UNKNOWN,2560,54,http://radiolive.sxrtv.com/live/nongcun.m3u8,reachable,200,application/vnd.apple.mpegurl,application/vnd.apple.mpegurl,2026-01-15T01:56:33Z,http://www.sxrtv.com/radio/
1306,f52a49dd-dd90-4eda-9518-b36ecddc694d,河间综合广播,Hopei,public radio,chinese,MP3,0,54,https://lhttp.qtfm.cn/live/15318503/64k.mp3,reachable,200,audio/mpeg,audio/mpeg,2026-01-14T23:16:26Z,https://apps.apple.com/hr/app/%E5%86%80%E4%BA%91%E6%B2%B3%E9%97%B4/id1518775413
1307,f6388e49-c142-43da-88b8-5c1e6da1b48b,十堰交通音乐广播,Hupei,music,chinese,MP3,0,54,https://lhttp.qingting.fm/live/20342/64k.mp3,reachable,200,audio/mpeg,audio/mpeg,2026-01-15T08:07:13Z,http://www.syiptv.com/
1308,3a8c1555-be6e-11e8-aaf2-52543be04c81,Taiyuan News Radio,Shansi,,chinese,MP3,0,54,http://lhttp.qingting.fm/live/20006/64k.mp3,reachable,200,audio/mpeg,audio/mpeg,2026-01-15T06:19:56Z,http://www.tytv.com.cn/
1309,58473b0a-2244-443b-ab35-97260a47c223,监利电台Jianli National Radio,Hupei,news,chinese,MP3,0,54,https://lhttp.qtfm.cn/live/15318507/64k.mp3,reachable,200,audio/mpeg,audio/mpeg,2026-01-14T23:58:19Z,http://m.2265.com/down/136104.html
1310,c50c1695-149e-11e9-a80b-52543be04c81,福州交通之声,Fukien,traffic,chinese,MP3,0,54,http://lhttp.qingting.fm/live/5026/64k.mp3,reachable,200,audio/mpeg,audio/mpeg,2026-01-15T00:10:03Z,http://www.zohi.tv/
1311,4e2766a8-38ab-11ea-8dd7-52543be04c81,开封交通广播,Honan,traffic,chinese,MP3,0,54,http://lhttp.qingting.fm/live/1214/64k.mp3,reachable,200,audio/mpeg,audio/mpeg,2026-01-15T03:49:38Z,http://www.kftv.net.cn/
1312,7cfd89d6-3d5e-4940-8992-1ad1b7ab2c84,魏县人民广播电台,Hopei,music,chinese,MP3,0,54,http://lhttp.qingting.fm/live/20212412/64k.mp3,reachable,200,audio/mpeg,audio/mpeg,2026-01-15T06:05:36Z,https://www.wz5.cc/
1313,424b692d-171f-11ea-a620-52543be04c81,清苑人民广播电台,Hopei,"entertainment,music,talkshow",chinese,MP3,0,54,http://lhttp.qingting.fm/live/5021803/64k.mp3,reachable,200,audio/mpeg,audio/mpeg,2026-01-15T00:34:09Z,http://www.qyxbtv.com/
1314,0a1cce8d-a860-475a-b5df-492d05dc98ed,青岛文艺广播,Shantung,"lifestyle,music",chinese,UNKNOWN,0,54,http://video10.qtv.com.cn/zhibosjcgb/manifest.m3u8,reachable,200,application/vnd.apple.mpegurl,application/vnd.apple.mpegurl,2026-01-14T23:45:49Z,http://www.qtv.com.cn/
1315,1d4b2a45-8619-403d-bdc0-55158195e834,邵阳综合广播,Hunan,news,chinese,MP3,0,54,http://lhttp.qingting.fm/live/20148/64k.mp3,reachable,200,audio/mpeg,audio/mpeg,2026-01-15T03:05:57Z,http://www.sytv.net.cn/
1316,55b97e50-e837-11e9-a96c-52543be04c81,Yunho TV,Chekiang,,chinese,UNKNOWN,0,54,http://l.cztvcloud.com/channels/lantian/SXyunhe1/720p.m3u8,reachable,200,application/x-mpegURL,application/x-mpegURL,2026-01-15T01:38:48Z,http://www.yunhe.gov.cn/
1317,2be389b6-72ba-418b-907e-72c1148d5a83,长治交通广播,Shansi,"auto,easy listening,traffic radio broadcast",chinese,MP3,0,54,https://lhttp.qtfm.cn/live/5021851/64k.mp3,reachable,200,audio/mpeg,audio/mpeg,2026-01-15T05:53:55Z,https://weibo.com/cznrt
1318,a7b77a3d-409c-4597-b309-c8c04e239e94,洛阳音乐广播,Honan,music,chinese,MP3,0,55,http://lhttp.qingting.fm/live/1226/64k.mp3,reachable,200,audio/mpeg,audio/mpeg,2026-01-15T06:28:17Z,http://www.lytv.com.cn/dist/#/
1319,0d0db200-e7e2-4e06-93ab-4cc7d6c01f60,大连少儿广播,Dalian,"106.7,106.7 fm,children,femininity,music,pop",chinese,UNKNOWN,0,55,http://ls.qingting.fm/live/1084.m3u8,reachable,200,application/vnd.apple.mpegurl,application/vnd.apple.mpegurl,2026-01-15T07:51:27Z,http://www.dlxww.com/
1320,10936a6f-9b14-4c0a-923b-ef38fcb99df9,登封人民广播电台,Honan,news,chinese,MP3,0,55,https://lhttp.qingting.fm/live/5022077/64k.mp3,reachable,200,audio/mpeg,audio/mpeg,2026-01-15T00:20:02Z,http://dengfengtv.com/
1321,fd27520f-c6da-45e6-8496-6018d825f1fd,襄阳文化教育广播,Hupei,"educational,music",chinese,MP3,0,55,http://lhttp.qingting.fm/live/5057/64k.mp3,reachable,200,audio/mpeg,audio/mpeg,2026-01-15T02:25:18Z,http://xiangyang.cjyun.org/
1322,1cd42497-caf3-448c-a322-7023c0f2afe4,幻想乡电台Gensokyo Radio,Liaoning,"anime,music,touhou",japanese,OGG,0,55,https://stream.gensokyoradio.net/2,reachable,200,application/ogg,application/ogg,2026-01-15T03:25:25Z,https://gensokyoradio.net/
1323,cbfaf908-be6e-11e8-aaf2-52543be04c81,Taiyuan Economics Radio,Shansi,,chinese,UNKNOWN,0,55,http://ls.qingting.fm/live/4018.m3u8,reachable,200,application/vnd.apple.mpegurl,application/vnd.apple.mpegurl,2026-01-15T06:35:43Z,http://www.tytv.com.cn/
1324,1697206a-f8d9-466b-8d65-7223966bff4a,邯郸经济文艺广播,Hopei,music,chinese,MP3,0,55,https://lhttp.qingting.fm/live/4601/64k.mp3,reachable,200,audio/mpeg,audio/mpeg,2026-01-15T00:09:17Z,http://www.hdbs.cn/
1325,44ca7ee3-5915-475e-b8b8-264a8465884a,任丘人民广播电台,Hopei,news,chinese,MP3,0,55,http://lhttp.qingting.fm/live/5022470/64k.mp3,reachable,200,audio/mpeg,audio/mpeg,2026-01-15T01:44:13Z,http://www.renqiu.he.cn/
1326,c10a857a-b421-468a-840c-c6d65b63a571,辽阳综合广播,Liaoning,news,chinese,MP3,0,55,https://lhttp.qtfm.cn/live/5022447/64k.mp3,reachable,200,audio/mpeg,audio/mpeg,2026-01-15T04:16:44Z,http://www.newsly.com.cn/
1327,db59b146-457d-4436-a77e-46c15d33daf8,贵州音乐广播,Kweichow,music,chinese,MP3,0,55,https://lhttp.qtfm.cn/live/20067/64k.mp3,reachable,200,audio/mpeg,audio/mpeg,2026-01-14T23:18:25Z,https://www.gzstv.com/
1328,cc290aa2-843f-11e9-aa30-52543be04c81,邢台新闻广播,Hopei,"chinese,hopei,news,public radio",chinese,MP3,0,55,http://lhttp.qingting.fm/live/20211628/64k.mp3,reachable,200,audio/mpeg,audio/mpeg,2026-01-15T06:37:46Z,http://www.xttv.com.cn/
1329,0fd4f9b2-6413-471f-b782-4261fb1d9758,陕西青少广播好听1055（经典流行金曲）,Shensi,"music,oldies",chinese,MP3,0,55,https://lhttp.qtfm.cn/live/4885/64k.mp3,reachable,200,audio/mpeg,audio/mpeg,2026-01-15T01:30:19Z,http://www.sxtvs.com/
1330,09f34f93-108e-402d-ae2a-4975774cd445,乐清人民广播电台,Chekiang,news,chinese,MP3,0,55,http://lhttp.qingting.fm/live/20204/64k.mp3,reachable,200,audio/mpeg,audio/mpeg,2026-01-15T07:15:00Z,http://www.yqbtv.cn/
1331,1289e420-b75f-11e8-aaf2-52543be04c81,Harbin Music Radio,Amur River,,chinese,UNKNOWN,0,55,http://ls.qingting.fm/live/839.m3u8,reachable,200,application/vnd.apple.mpegurl,application/vnd.apple.mpegurl,2026-01-15T06:45:25Z,http://www.hrbtv.net/
1332,314f5987-f532-4942-af91-66f3a54b09af,广汉人民广播电台,Szechuan,news,chinese,MP3,0,55,https://lhttp.qingting.fm/live/20212405/64k.mp3,reachable,200,audio/mpeg,audio/mpeg,2026-01-15T04:31:27Z,http://ghsjt.qingk.cn/
1333,7156caf1-495e-11e8-b1b0-52543be04c81,Wukin News TV,Kiangsu,"hls video,kiangsu",chinese,UNKNOWN,0,56,http://live.wjyanghu.com/live/CH1.m3u8,reachable,200,application/vnd.apple.mpegurl,application/vnd.apple.mpegurl,2026-01-15T07:47:33Z,http://www.wjyanghu.com/
1334,0de8b55a-8b98-45b1-bace-061cca489121,长兴人民广播电台·Up Radio FM97.3太湖之声,Chekiang,information,chinese,MP3,0,56,https://lhttp.qtfm.cn/live/5022311/64k.mp3,reachable,200,audio/mpeg,audio/mpeg,2026-01-15T05:17:03Z,http://zjcxnews.com.cn/
1335,2169562d-a121-4422-b086-4aa6841b83ab,安徽经济广播,Anhwei,economics,chinese,MP3,0,56,https://lhttp.qtfm.cn/live/4916/64k.mp3,reachable,200,audio/mpeg,audio/mpeg,2026-01-15T01:05:28Z,http://www.ahrtv.cn/
1336,36779826-ec93-41ab-bf74-87c8b6c3926f,巴南综合广播,Chungking,lifestyle,chinese,MP3,0,56,https://lhttp.qtfm.cn/live/5022385/64k.mp3,reachable,200,audio/mpeg,audio/mpeg,2026-01-15T03:34:17Z,https://banan.cbg.cn/
1337,b8c6f80e-b54b-48b8-bdb1-2a9711e61bc1,测试7,,,chinese,UNKNOWN,0,56,http://www.dalitv.com.tw:4568/live/dali/index.m3u8,reachable,200,application/vnd.apple.mpegurl,application/vnd.apple.mpegurl,2026-01-14T23:55:28Z,https://www.fqxww.cn/
1338,b835f0e1-cb93-4caf-ad5a-4684d02023be,南通交通广播,Kiangsu,"92.9,92.9 fm,traffic radio broadcast",chinese,MP3,0,56,https://lhttp.qtfm.cn/live/5021533/64k.mp3,reachable,200,audio/mpeg,audio/mpeg,2026-01-15T00:12:47Z,https://www.ntjoy.com/
1339,e0a87d5d-381a-49f5-a7ca-f200be6284bc,邯郸音乐广播,,,chinese,UNKNOWN,0,56,http://ls.qingting.fm/live/4601.m3u8,reachable,200,application/vnd.apple.mpegurl,application/vnd.apple.mpegurl,2026-01-15T00:25:41Z,http://www.hdbs.cn/
1340,f9ac97b0-f279-4f05-a891-db00d4bcf80c,辽阳交通文艺广播,Liaoning,"89.2,89.2 fm,entertainment,lifestyle,traffic,traffic radio broadcast",chinese,MP3,0,56,https://lhttp.qtfm.cn/live/5022030/64k.mp3,reachable,200,audio/mpeg,audio/mpeg,2026-01-15T08:36:02Z,http://www.newsly.com.cn/
1341,222127a6-be63-11e8-aaf2-52543be04c81,Shansi Agriculture Radio,Shansi,,chinese,MP3,0,56,http://lhttp.qingting.fm/live/1186/64k.mp3,reachable,200,audio/mpeg,audio/mpeg,2026-01-15T00:57:53Z,http://www.sxrtv.com/
1342,29051e39-bc57-46e1-b348-95622ae695f3,LIVESSHHS,,,chinese,MP3,0,56,https://stream.zeno.fm/f5j1tup1srouv,unreachable,,,连接失败: timed out,2026-01-14T23:30:35Z,https://zeno.fm/radio/livesshhs/
1343,9aff3489-d2bc-11e9-a861-52543be04c81,大同交通广播,Shansi,public radio,chinese,MP3,0,57,http://lhttp.qingting.fm/live/5022396/64k.mp3,reachable,200,audio/mpeg,audio/mpeg,2026-01-15T06:09:44Z,http://www.dtradio.com.cn/?companyId=2AE520B59BD04FDB&productId=6E86CE0D16CE429EB0B293945EB4679E
1344,8e4e07d2-be6e-11e8-aaf2-52543be04c81,Taiyuan Traffic Radio,Shansi,,chinese,UNKNOWN,0,57,http://ls.qingting.fm/live/4900.m3u8,reachable,200,application/vnd.apple.mpegurl,application/vnd.apple.mpegurl,2026-01-14T23:41:54Z,http://www.tytv.com.cn/
1345,2c51b456-21b1-4e32-a7dc-d4e92a92dbb0,青岛FM9.26,,,china,MP3,0,57,https://lhttp.qtfm.cn/live/20176/64k.mp3,reachable,200,audio/mpeg,audio/mpeg,2026-01-14T22:54:06Z,https://www.qingting.fm/radios/20176/
1346,f77cc04a-16fc-4748-ab6a-77c9699a9407,广西交通广播,Kwangsi,traffic radio broadcast,chinese,MP3,0,57,https://lhttp-hw.qtfm.cn/live/1758/64k.mp3,reachable,200,audio/mpeg,audio/mpeg,2026-01-15T06:04:09Z,https://www.gxtv.cn/
1347,b860406e-e620-4876-a58c-cdc42e9e1f2c,昆明交通音乐广播,,,chinese,UNKNOWN,0,57,http://ls.qingting.fm/live/1936.m3u8,reachable,200,application/vnd.apple.mpegurl,application/vnd.apple.mpegurl,2026-01-14T23:26:37Z,http://www.kunmingbc.com/
1348,e41e0725-97cf-11e9-a605-52543be04c81,郑州人民广播电台 经济广播,Honan,,chinese,MP3,0,57,http://lhttp.qingting.fm/live/1221/64k.mp3,reachable,200,audio/mpeg,audio/mpeg,2026-01-15T00:42:51Z,http://www.zzradio.cn/
1349,4e8a35e1-0081-4bbb-9908-9537e7cafb03,海南国际旅游岛之声,Hainan,"golden music,music,travel",,MP3,0,57,http://lhttp.qingting.fm/live/1862/64k.mp3,reachable,200,audio/mpeg,audio/mpeg,2026-01-14T22:54:03Z,http://www.hnntv.cn/
1350,7d69491b-b761-11e8-aaf2-52543be04c81,Peony River News Radio,Amur River,,chinese,MP3,0,57,http://lhttp.qingting.fm/live/5022434/64k.mp3,reachable,200,audio/mpeg,audio/mpeg,2026-01-15T08:50:50Z,http://www.dpcm.cn/
1351,057305cc-d9e4-4458-bece-98826f38a834,故城人民广播电台,Hopei,"golden music,news",chinese,MP3,0,57,http://lhttp.qingting.fm/live/20212269/64k.mp3,reachable,200,audio/mpeg,audio/mpeg,2026-01-15T04:06:36Z,http://m.hebnews.cn/gucheng/
1352,fbe269a6-664a-4843-9ecd-34431a58ce9a,清苑区105.8飞扬调频,Hopei,"entertainment,music,oldies,talkshow",chinese,MP3,0,57,http://lhttp.qingting.fm/live/5021803/64k.mp3?,reachable,200,audio/mpeg,audio/mpeg,2026-01-15T05:15:03Z,https://www.qingting.fm/radios/5021803/
1353,94e15ede-dfc4-4fe5-9ecb-c5017331dc90,无锡新闻综合广播AM1161,Kiangsu,"am1161,health,information,news,old age,opera,public radio",chinese,MP3,0,57,https://lhttp.qtfm.cn/live/2776/64k.mp3,reachable,200,audio/mpeg,audio/mpeg,2026-01-15T05:41:36Z,http://btv.thmz.com/
1354,ba6f6852-37a6-47fb-829e-b56c48e6b3f6,Asia Extreme FM,,music,chinese,MP3,0,57,https://stream.zeno.fm/v4a0afms4awvv,unreachable,,,连接失败: timed out,2026-01-15T08:14:52Z,https://zeno.fm/radio/asia-extreme-fm/
1355,154addd8-df15-44ca-afe7-4791edf4a25f,宿豫人民广播电台,Kiangsu,"music,经典调频",chinese,MP3,0,57,https://lhttp.qingting.fm/live/5005/64k.mp3,reachable,200,audio/mpeg,audio/mpeg,2026-01-15T04:09:15Z,https://www.sytv88.com/
1356,2a9d707e-78db-4146-99b8-1d266ba034e6,呼和浩特综合广播,Inner Mongolia,news,chinese,MP3,0,57,https://lhttp.qingting.fm/live/5021543/64k.mp3,not_found,404,,HTTP 404,2026-01-15T00:51:12Z,http://www.0471tv.org.cn/home/55295_huhehaotegd.html
1357,27a14268-6961-49d9-846f-edb92112e789,长沙县综合广播,Hunan,"5g智慧电台,children,educational,music",chinese,MP3,0,57,https://lhttp.qtfm.cn/live/4930/64k.mp3,reachable,200,audio/mpeg,audio/mpeg,2026-01-15T01:09:32Z,https://www.csxrmt.com/
1358,edf1825a-9dce-4aba-82ab-faa4a04c55a1,河南少儿广播,Honan,"children,culture,education,educational,storytelling",chinese,MP3,0,57,https://lhttp.qtfm.cn/live/20500038/64k.mp3,reachable,200,audio/mpeg,audio/mpeg,2026-01-14T23:24:33Z,http://www.hndt.com/
1359,66b5c865-0e5b-4c68-9885-2f6a304b2fe0,广西经济广播 970女主播电台,Kwangsi,"culture,music",chinese,MP3,0,57,https://lhttp-hw.qtfm.cn/live/1754/64k.mp3,reachable,200,audio/mpeg,audio/mpeg,2026-01-15T07:24:21Z,https://www.gxtv.cn/
1360,cb51cc7b-b78d-4ecd-a84e-5743286f1582,内蒙古音乐之声,Inner Mongolia,music,chinese,MP3,0,57,https://lhttp-hw.qtfm.cn/live/1886/64k.mp3,reachable,200,audio/mpeg,audio/mpeg,2026-01-15T05:37:33Z,https://www.nmtv.cn/
1361,f38439f5-ccf6-4878-893a-9ab8bdb2f2d7,湖州交通文艺广播,Chekiang,music,chinese,MP3,0,58,https://lhttp.qtfm.cn/live/2811/64k.mp3,reachable,200,audio/mpeg,audio/mpeg,2026-01-15T07:38:18Z,http://www.hugd.com/
1362,3f7002bb-4ba4-4dbf-90fe-a2e796934bd4,孟村回族自治县人民广播电台,Hopei,music,chinese,MP3,0,58,http://lhttp.qingting.fm/live/5021914/64k.mp3,reachable,200,audio/mpeg,audio/mpeg,2026-01-15T07:59:53Z,http://cz.hebei.com.cn/
1363,0de0cc38-39fa-43bc-9af9-5048e6e3e627,新疆文化旅游广播,Sinkiang,culture,chinese,MP3,0,58,https://lhttp.qtfm.cn/live/1909/64k.mp3,reachable,200,audio/mpeg,audio/mpeg,2026-01-14T23:48:52Z,http://www.xjtvs.com.cn/
1364,93a367e3-5d44-4fc7-b394-957358647c66,南京音乐广播,,music,chinese,MP3,0,58,https://lhttp-hw.qtfm.cn/live/4963/64k.mp3,reachable,200,audio/mpeg,audio/mpeg,2026-01-15T07:48:52Z,http://www.njgb.com/
1365,2b1f9042-05f5-40d7-a35c-c58d3118a81e,都江堰935爱旅游,Szechuan,"93.5,93.5 fm,tourism",chinese,MP3,0,58,https://lhttp.qtfm.cn/live/20207773/64k.mp3,reachable,200,audio/mpeg,audio/mpeg,2026-01-15T06:09:45Z,http://www.djy.gov.cn/dyjgb_rmzfwz/index.shtml
1366,f4b82494-a590-4072-b36c-e09c27c05319,江苏健康广播,Kiangsu,health,chinese,UNKNOWN,0,58,http://lzlive.vojs.cn/EWpb5Ov/92/live.m3u8?,reachable,200,application/vnd.apple.mpegurl,application/vnd.apple.mpegurl,2026-01-14T23:42:51Z,http://www.vojs.cn/
1367,8a8e926c-af18-45e9-933c-49e158657e8e,金山人民广播电台,Shanghai,news,chinese,MP3,0,59,https://lhttp.qingting.fm/live/4022/64k.mp3,reachable,200,audio/mpeg,audio/mpeg,2026-01-15T04:06:36Z,https://m.weibo.cn/u/2119232542
1368,a4a1b8a8-4a48-4d2d-8ad5-afec0f9c2f3c,吉林市音乐广播,Jilin,"music,oldies",chinese,MP3,0,59,https://lhttp.qtfm.cn/live/20211679/64k.mp3,reachable,200,audio/mpeg,audio/mpeg,2026-01-15T03:38:05Z,https://www.163.com/dy/media/T1491873190780.html
1369,ea432480-4baf-11e8-a4d1-52543be04c81,Sinchang News TV,Chekiang,"chekiang,hls video",chinese,UNKNOWN,0,59,http://l.cztvcloud.com/channels/lantian/SXxinchang1/720p.m3u8,reachable,200,application/x-mpegURL,application/x-mpegURL,2026-01-15T05:44:37Z,http://www.zjxcw.com/
1370,093c39f6-9a4c-43e5-9272-76b0d3ff87b0,黑龙江生活广播,Amur River,lifestyle,chinese,MP3,0,59,https://lhttp.qtfm.cn/live/4970/64k.mp3,reachable,200,audio/mpeg,audio/mpeg,2026-01-15T04:16:45Z,http://www.hljtv.com/
1371,9981dcc4-0a65-4fb5-b2b0-b7afe5d6fbab,辽宁资讯广播,Dalian,"dalian city,lifestyle,news,public radio",chinese,MP3,0,59,https://lhttp.qtfm.cn/live/5022018/64k.mp3,reachable,200,audio/mpeg,audio/mpeg,2026-01-15T01:52:51Z,http://www.lntv.cn/
1372,e3858e49-122d-11e9-a80b-52543be04c81,温州交通广播,Chekiang,traffic,chinese,MP3,0,59,http://lhttp.qingting.fm/live/1156/64k.mp3,reachable,200,audio/mpeg,audio/mpeg,2026-01-15T07:57:45Z,http://www.wztv.cn/
1373,3c56d5b4-967a-4b22-814e-37ad60df3aba,察布查尔人民广播电台,Sinkiang,music,chinese,MP3,0,59,https://lhttp.qingting.fm/live/5022610/64k.mp3,reachable,200,audio/mpeg,audio/mpeg,2026-01-15T00:09:17Z,http://www.xjcbcr.gov.cn/news.htm
1374,b1d882fc-be3f-11e8-aaf2-52543be04c81,Weifang Private Car Radio,Shantung,,chinese,MP3,0,59,http://lhttp.qingting.fm/live/20839/64k.mp3,reachable,200,audio/mpeg,audio/mpeg,2026-01-14T23:15:05Z,http://www.wfcmw.cn/
1375,5b227398-b92b-4b74-b32a-8c986fddb180,辽宁音乐广播,Liaoning,traffic,chinese,MP3,0,59,https://lhttp.qtfm.cn/live/1101/64k.mp3?app,reachable,200,audio/mpeg,audio/mpeg,2026-01-15T06:43:16Z,http://www.csytv.com/
1376,180b6ec1-d3ca-4487-9e7c-7ab60e154657,T-Radio旅游广播104,,talk,chinese,MP3,0,59,https://stream.zeno.fm/4x3gkv9zsy8uv,unreachable,,,连接失败: timed out,2026-01-15T04:56:19Z,http://radio.666scly.com/tradiolygb/
1377,5575e2a0-a523-4367-9b59-c9f4db0a5859,茂名综合广播,Kwangtung,news,cantonese,MP3,0,59,http://lhttp.qingting.fm/live/20500088/64k.mp3,reachable,200,audio/mpeg,audio/mpeg,2026-01-15T06:29:04Z,http://www.mmstw.com/
1378,97fc254f-5c97-4ca4-9444-00a5b52372e2,海南交通广播,Hainan,traffic,chinese,MP3,0,59,https://lhttp.qingting.fm/live/4911/64k.mp3,reachable,200,audio/mpeg,audio/mpeg,2026-01-15T05:26:25Z,http://www.hnntv.cn/
1379,33e44be8-bda5-11e8-aaf2-52543be04c81,Shantung Life Radio,Shantung,,chinese,MP3,0,59,http://lhttp.qingting.fm/live/20240/64k.mp3,reachable,200,audio/mpeg,audio/mpeg,2026-01-15T07:20:36Z,http://www.sdtv.cn/
1380,6040b2a2-ae78-4d4c-953c-6b102a839e1c,Hong Kong Radio Community,Hong Kong,,,UNKNOWN,0,59,https://stream.hkcr.live/audio/stream.m3u8,reachable,200,application/vnd.apple.mpegurl,application/vnd.apple.mpegurl,2026-01-14T22:54:12Z,https://hkcr.live/
1381,32ac5606-5807-4985-8e7c-2134163f05e8,北部湾之声,Kwangsi,international,chinese,UNKNOWN,0,59,https://stream.bbrtv.com:10443/hls/_6ax4Y1MR/_6ax4Y1MR_live.m3u8,reachable,200,application/vnd.apple.mpegurl,application/vnd.apple.mpegurl,2026-01-15T00:44:56Z,https://stream.bbrtv.com/?channelId=27
1382,d919337a-5e48-4126-8b03-8035bb9cf697,石狮人民广播电台,Fukien,"music,news",chinese,UNKNOWN,0,60,http://live.xmcdn.com/live/2730/64.m3u8,reachable,200,application/vnd.apple.mpegurl,application/vnd.apple.mpegurl,2026-01-15T03:09:18Z,http://www.sstv.cn/
1383,6e0a1245-6399-4141-a9c7-9d108cd34111,益阳综合广播,Hunan,news,chinese,MP3,0,60,https://lhttp.qingting.fm/live/20314/64k.mp3,reachable,200,audio/mpeg,audio/mpeg,2026-01-15T03:34:17Z,http://www.yyrtv.com/YYwap/index.html
1384,d6399d4e-c49c-4985-9fd3-40e84e04ec13,安庆农村广播,Anhwei,"entertainment,music",chinese,MP3,0,60,https://lhttp.qingting.fm/live/1966/64k.mp3,reachable,200,audio/mpeg,audio/mpeg,2026-01-15T01:18:04Z,http://tv.aqnews.com.cn/
1385,6621dbec-0b91-4109-80d4-7549ddeb771b,杭州华语之声网络广播,Chekiang,"full service,internet radio",chinese,MP3,0,60,https://lhttp.qtfm.cn/live/20505/64k.mp3,reachable,200,audio/mpeg,audio/mpeg,2026-01-15T04:43:25Z,https://www.hoolo.tv/
1386,d9936d4a-c94f-11e8-a54a-52543be04c81,庄河人民广播电台,Dalian,"news,public radio",chinese,MP3,0,60,http://lhttp.qingting.fm/live/5022473/64k.mp3,reachable,200,audio/mpeg,audio/mpeg,2026-01-15T05:31:15Z,http://www.dltv.cn/
1387,da2faebd-807b-4319-b6fe-916862ab4d3f,哈尔滨综合广播,黑龙江,news,chinese,UNKNOWN,53,60,https://stream.hrbtv.net/xwpl/playlist.m3u8,unreachable,,,连接失败: [SSL: CERTIFICATE_VERIFY_FAILED] certificate verify failed: unable to get local ,2026-01-15T02:30:35Z,https://www.hrbtv.net/
1388,755af9c4-6673-48db-abd7-038b95e4d0c3,兰溪人民广播电台,Chekiang,music,chinese,UNKNOWN,0,60,http://l.cztvcloud.com/channels/lantian/SXlanxiaud/128k.m3u8,reachable,200,application/x-mpegURL,application/x-mpegURL,2026-01-15T02:27:53Z,http://www.lxnews.cn/
1389,13e10c24-154a-4c0f-bd7c-eb6695c6065f,安庆综合广播,Anhwei,news,chinese,MP3,0,60,https://lhttp.qingting.fm/live/1965/64k.mp3,reachable,200,audio/mpeg,audio/mpeg,2026-01-15T00:08:30Z,http://tv.aqnews.com.cn/
1390,045413e8-89f9-4398-804b-7fd4903022b4,芜湖音乐故事广播,Anhwei,music,chinese,MP3,0,60,https://lhttp.qtfm.cn/live/5028/64k.mp3,reachable,200,audio/mpeg,audio/mpeg,2026-01-15T00:20:51Z,http://www.wuhunews.cn/
1391,7c064051-80b3-4fd8-975b-d58674068907,山西综合广播,Shansi,"m3u8,news",chinese,UNKNOWN,2560,60,http://radiolive.sxrtv.com/live/xinwen.m3u8,reachable,200,application/vnd.apple.mpegurl,application/vnd.apple.mpegurl,2026-01-15T03:05:57Z,http://www.sxrtv.com/radio/
1392,4996a5dd-0eaa-4268-a35d-6251ea0d80b9,南宁交通音乐广播,kwangsi,entertainment,chinese,MP3,0,60,https://lhttp.qtfm.cn/live/20767/64k.mp3,reachable,200,audio/mpeg,audio/mpeg,2026-01-15T01:06:06Z,http://www.nntv.cn/
1393,99d17936-172b-4ddf-af70-657ddbc65118,齐齐哈尔综合广播,Amur River,news,chinese,MP3,0,60,https://lhttp.qtfm.cn/live/20500133/64k.mp3,reachable,200,audio/mpeg,audio/mpeg,2026-01-15T02:58:06Z,https://www.qqhrnews.com/
1394,5e19d89f-20a5-419a-bc23-e1a00efd6b9a,沧州交通音乐广播,Hopei,music,chinese,MP3,0,60,https://lhttp.qingting.fm/live/3954/64k.mp3,reachable,200,audio/mpeg,audio/mpeg,2026-01-14T23:56:14Z,http://www.czgd.tv/
1395,d0b4f498-a93b-4244-9824-40582144240b,FM98.6城市音乐广播·信都区融媒体中心,Hopei,"auto,music,pop",chinese,MP3,0,60,https://lhttp.qingting.fm/live/20500196/64k.mp3,reachable,200,audio/mpeg,audio/mpeg,2026-01-15T00:35:25Z,https://www.xinduqu.gov.cn/
1396,97933e6d-b823-11e8-aaf2-52543be04c81,Canton Traffic Radio,Kwangtung,,chinese,UNKNOWN,0,60,http://ls.qingting.fm/live/4955.m3u8,reachable,200,application/vnd.apple.mpegurl,application/vnd.apple.mpegurl,2026-01-15T06:13:09Z,http://www.gztv.com/
1397,9a23c2f8-875f-4417-9abf-76f4210ed357,乐山音乐交通广播,四川,"100.5,交通,地方台,音乐",chinese,MP3,0,60,https://lhttp.qtfm.cn/live/4864/64k.mp3,reachable,200,audio/mpeg,audio/mpeg,2026-01-15T04:54:13Z,https://superradio.cc/
1398,ebf4314c-ba8a-11e8-aaf2-52543be04c81,Kiangsu Voice of Kingling Radio,Kiangsu,,chinese,UNKNOWN,0,61,http://lzlive.vojs.cn/Hd2hIgM/92/live.m3u8,reachable,200,application/vnd.apple.mpegurl,application/vnd.apple.mpegurl,2026-01-15T01:58:28Z,http://www.vojs.cn/
1399,15753e56-166b-11ea-a620-52543be04c81,永年人民广播电台,Hopei,music,chinese,MP3,0,61,http://lhttp.qingting.fm/live/20212203/64k.mp3,reachable,200,audio/mpeg,audio/mpeg,2026-01-15T08:11:01Z,http://www.yongniannews.cn/
1400,ecd818c7-08e0-406e-b506-44e2ffe26c33,邯郸交通音乐广播,Hopei,music,chinese,MP3,0,61,https://lhttp.qingting.fm/live/3950/64k.mp3,reachable,200,audio/mpeg,audio/mpeg,2026-01-15T01:13:59Z,http://www.hdbs.cn/
1401,4c3ab9f5-87f4-4f4c-8dea-d9994499aea1,哈尔滨交通广播,黑龙江,"traffic radio broadcast,交通广播",chinese,UNKNOWN,66,61,https://stream.hrbtv.net/jtpl/playlist.m3u8,unreachable,,,连接失败: [SSL: CERTIFICATE_VERIFY_FAILED] certificate verify failed: unable to get local ,2026-01-15T06:04:09Z,https://www.hrbtv.net/
1402,4db8992a-16e3-4bea-9f19-7c7936c98987,福州新闻广播,Fukien,news,chinese,UNKNOWN,0,61,http://live.zohi.tv/audio/s10001-FM944/index.m3u8,reachable,200,application/vnd.apple.mpegurl,application/vnd.apple.mpegurl,2026-01-15T03:36:09Z,http://www.zohi.tv/
1403,59a882c5-29c8-4166-85f3-ddfc5043ff16,CRI international radio,,news,,UNKNOWN,0,61,https://sk.cri.cn/905.m3u8,reachable,200,application/vnd.apple.mpegurl,application/vnd.apple.mpegurl,2026-01-14T22:54:07Z,
1404,05575706-4776-42e1-a760-2ca2f8dd5def,永川之声100.7,Chungking,"100.7,100.7 fm,5g智慧电台,information,music,news,oldies,public radio,traffic radio broadcast",chinese,MP3,0,61,https://lhttp.qtfm.cn/live/20210236/64k.mp3,reachable,200,audio/mpeg,audio/mpeg,2026-01-15T00:42:51Z,http://www.yongchuanwang.com.cn/
1405,eb736a78-273c-4b61-9a42-649ad19aff06,河南警广之声,Honan,"lifestyle,music,news",chinese,MP3,128,61,http://stream3.hndt.com/now/prIgXGFo/playlist.m3u8,reachable,200,application/vnd.apple.mpegurl,application/vnd.apple.mpegurl,2026-01-15T06:09:44Z,http://www.hndt.com/
1406,9825a6ac-e8db-11e8-a471-52543be04c81,Siaoshan Life TV,Chekiang,,chinese,UNKNOWN,0,62,http://l.cztvcloud.com/channels/lantian/SXxiaoshan2/720p.m3u8,reachable,200,application/x-mpegURL,application/x-mpegURL,2026-01-15T07:55:29Z,http://www.xianghunet.com/
1407,5cf1a8c8-baf6-4b46-a718-b3950c6e7ef3,长春交通之声,Jilin,traffic,chinese,MP3,0,62,http://lhttp.qingting.fm/live/4967/64k.mp3,reachable,200,audio/mpeg,audio/mpeg,2026-01-15T04:31:27Z,http://www.chinactv.com/
1408,a056df5d-5c4b-11ea-be63-52543be04c81,郾城人民广播电台,Honan,classical,chinese,MP3,0,62,http://lhttp.qingting.fm/live/15318300/64k.mp3,reachable,200,audio/mpeg,audio/mpeg,2026-01-15T00:57:07Z,http://www.lhgtj.gov.cn/
1409,7c8f8d94-e436-4eb0-9f7b-6d6e82a6b919,慈溪人民广播电台,Chekiang,"music,慈溪经典车电台",chinese,MP3,0,62,https://lhttp.qingting.fm/live/5021401/64k.mp3,reachable,200,audio/mpeg,audio/mpeg,2026-01-15T01:46:18Z,http://cxnews.cnnb.com.cn/
1410,b2db59b9-bda9-11e8-aaf2-52543be04c81,Tsingtao Private Car Radio,Shantung,,chinese,UNKNOWN,0,62,http://ls.qingting.fm/live/1675.m3u8,reachable,200,application/vnd.apple.mpegurl,application/vnd.apple.mpegurl,2026-01-15T01:36:03Z,http://www.qtv.com.cn/
1411,47252ec4-ece9-46c6-9ad0-94a9c045c424,高阳人民广播电台,Hopei,music,chinese,MP3,0,62,http://lhttp.qingting.fm/live/5021555/64k.mp3,reachable,200,audio/mpeg,audio/mpeg,2026-01-15T02:18:30Z,http://www.gaoyang.gov.cn/gao.asp
1412,bfd3e1dd-4bb1-11e8-a4d1-52543be04c81,Shangyu New Commercial City TV,Chekiang,"chekiang,hls video",chinese,UNKNOWN,0,62,http://l.cztvcloud.com/channels/lantian/SXshangyu3/720p.m3u8,reachable,200,application/x-mpegURL,application/x-mpegURL,2026-01-15T04:53:33Z,http://www.sybtv.com/
1413,c14cc5da-820c-48d8-bd26-ed0263cae3ec,涞水县流行音乐广播999正青春,,"entertainment,music,pop",chinese,MP3,0,62,https://lhttp-hw.qtfm.cn/live/20211620/64k.mp3,reachable,200,audio/mpeg,audio/mpeg,2026-01-15T07:36:11Z,https://www.laishui.gov.cn/
1414,9bbe388e-149e-11e9-a80b-52543be04c81,福州左海之声,Fukien,public radio,chinese,MP3,0,62,http://lhttp.qingting.fm/live/3937/64k.mp3,reachable,200,audio/mpeg,audio/mpeg,2026-01-15T01:00:36Z,http://www.zohi.tv/
1415,76efb6f7-591a-416b-836d-9609dbdab39a,献县人民广播电台,Hopei,"music,news",chinese,MP3,0,62,http://lhttp.qingting.fm/live/5022603/64k.mp3,reachable,200,audio/mpeg,audio/mpeg,2026-01-15T01:47:03Z,http://www.czwang.com.cn/cznews/xxnews/
1416,cb7b77ed-bf66-4fc3-8da9-82ac508c59ce,唐山音乐广播,Hopei,music,chinese,MP3,0,62,http://lhttp.qingting.fm/live/4871/64k.mp3,reachable,200,audio/mpeg,audio/mpeg,2026-01-15T05:00:15Z,http://www.tsr.he.cn/
1417,4539b104-cf7f-410b-a1dc-e36feb4fbef9,DLR-5 大连音乐广播,Dalian,"fashion,music,pop,大连少儿广播",chinese,MP3,0,62,https://lhttp.qingting.fm/live/1084/64k.mp3,reachable,200,audio/mpeg,audio/mpeg,2026-01-15T08:50:49Z,http://www.dltv.cn/test/
1418,91b540a9-72bb-4274-9a57-19b6ac1d90a9,临沂经济广播,Shantung,lifestyle,chinese,MP3,0,62,https://lhttp.qtfm.cn/live/3994/64k.mp3,reachable,200,audio/mpeg,audio/mpeg,2026-01-15T05:06:28Z,https://www.ilinyi.net/
1419,c0428415-277c-41d5-a3cc-9ebc937e2ccc,唐山曹妃甸之声,Hopei,storytelling,chinese,MP3,0,62,https://lhttp.qtfm.cn/live/1660/64k.mp3,reachable,200,audio/mpeg,audio/mpeg,2026-01-15T02:12:24Z,http://www.tsr.he.cn/
1420,bc3e3a01-139f-4e97-8ec1-b43e4fbc80a6,辉县经典916,Honan,"entertainment,music,oldies",chinese,MP3,0,62,http://lhttp.qingting.fm/live/20207782/64k.mp3,reachable,200,audio/mpeg,audio/mpeg,2026-01-15T01:20:44Z,https://www.qingting.fm/radios/20207782/
1421,3f8bbb0a-3764-468b-a717-2e70ac9e3112,宜昌都市生活广播,Hupei,music,chinese,MP3,0,63,https://lhttp.qingting.fm/live/20567/64k.mp3,reachable,200,audio/mpeg,audio/mpeg,2026-01-15T03:08:34Z,http://www.3xgd.com/
1422,22385a1e-be6f-11e8-aaf2-52543be04c81,Taiyuan Music Radio,Shansi,,chinese,UNKNOWN,0,63,http://ls.qingting.fm/live/1185.m3u8,reachable,200,application/vnd.apple.mpegurl,application/vnd.apple.mpegurl,2026-01-14T23:24:33Z,http://www.tytv.com.cn/
1423,ae02bfbf-97d0-11e9-a605-52543be04c81,郑州人民广播电台 交通广播,Honan,,chinese,MP3,0,63,http://lhttp.qingting.fm/live/1211/64k.mp3,reachable,200,audio/mpeg,audio/mpeg,2026-01-15T02:41:59Z,http://www.zzradio.cn/
1424,b988c337-6179-41c3-b60b-92b54c2325dc,嘉兴新闻广播,Chekiang,news,chinese,MP3,0,63,http://lhttp.qingting.fm/live/1154/64k.mp3,reachable,200,audio/mpeg,audio/mpeg,2026-01-15T08:22:03Z,http://www.jxrtv.com/
1425,07e26e09-d601-426e-873a-3db7f5c3271d,山西综合广播,Shansi,"news,public radio",chinese,MP3,0,63,https://lhttp.qtfm.cn/live/20491/64k.mp3?app,reachable,200,audio/mpeg,audio/mpeg,2026-01-15T01:12:36Z,http://www.sxrtv.com/radio/
1426,04fdfe7b-7737-4dde-acc8-1a22e9ea9360,炫舞时代ol,,,chinese,MP3,0,63,https://stream.zeno.fm/hdeerqmfakhvv,unreachable,,,连接失败: timed out,2026-01-15T00:09:17Z,https://zeno.fm/radio/8dherqmfakhvv/
1427,c93d1995-51d8-4467-b177-a3934d2cc30d,茂名交通广播,Kwangtung,traffic,cantonese,MP3,0,63,https://lhttp.qingting.fm/live/20211574/64k.mp3,reachable,200,audio/mpeg,audio/mpeg,2026-01-15T00:25:41Z,http://www.mmstw.com/
1428,fb2650fd-ade5-4045-8b6a-76ece15a00a4,项城广播-国风国潮105.9,Honan,,chinese,MP3,0,63,https://lhttp-hw.qtfm.cn/live/20210757/64k.mp3,reachable,200,audio/mpeg,audio/mpeg,2026-01-15T07:31:29Z,http://www.xiangcheng.gov.cn/
1429,3207a0fd-97d0-11e9-a605-52543be04c81,郑州人民广播电台 文化娱乐广播,Honan,,chinese,MP3,0,63,http://lhttp.qingting.fm/live/1222/64k.mp3,reachable,200,audio/mpeg,audio/mpeg,2026-01-15T00:25:41Z,http://www.zzradio.cn/
1430,9958101d-187b-4957-b393-0e625b6d78e9,中江县年代音乐994,Szechuan,"music,oldies,rock",chinese,MP3,0,63,https://lhttp.qtfm.cn/live/20500148/64k.mp3,reachable,200,audio/mpeg,audio/mpeg,2026-01-15T03:51:41Z,http://dy.newssc.org/qxxw/zjx/
1431,651ea62d-64c5-4825-9476-ed82a6704ade,辽宁广播电视台生活广播,Liaoning,lifestyle,chinese,MP3,0,63,http://lhttp.qingting.fm/live/1102/64k.mp3,reachable,200,audio/mpeg,audio/mpeg,2026-01-15T08:02:03Z,http://www.lntv.com.cn/
1432,6dbda225-ba8a-11e8-aaf2-52543be04c81,Kiangsu Music Radio,Kiangsu,,chinese,UNKNOWN,0,63,http://lzlive.vojs.cn/jAmO6Ng/92/live.m3u8,reachable,200,application/vnd.apple.mpegurl,application/vnd.apple.mpegurl,2026-01-15T04:28:20Z,http://www.vojs.cn/
1433,a6a74e84-2796-4d10-846c-e51350b75e87,福建都市生活广播,Fukien,"98.7,98.7 fm",chinese,MP3,0,63,https://lhttp.qtfm.cn/live/1736/64k.mp3,reachable,200,audio/mpeg,audio/mpeg,2026-01-15T07:58:24Z,http://www.fjtv.net/
1434,36b656c9-7487-4d4d-8dd5-cadf02b0c545,湖北经济广播,Hupei,economics,chinese,MP3,0,63,https://lhttp.qtfm.cn/live/1295/64k.mp3,reachable,200,audio/mpeg,audio/mpeg,2026-01-15T07:41:42Z,http://m.hbgbdst.com/
1435,be731842-5dc7-4ff1-ac7e-9a2f25b759bf,无锡新闻综合广播FM93.7,Kiangsu,"93.7,93.7 fm,information,news,public radio",chinese,MP3,0,64,https://lhttp.qtfm.cn/live/2777/64k.mp3,reachable,200,audio/mpeg,audio/mpeg,2026-01-15T07:27:51Z,http://btv.thmz.com/
1436,aa0987eb-7514-11e9-af37-52543be04c81,无锡梁溪之声,Kiangsu,,chinese,MP3,0,64,http://lhttp.qingting.fm/live/2782/64k.mp3,reachable,200,audio/mpeg,audio/mpeg,2026-01-15T01:02:30Z,http://btv.thmz.com/
1437,66c36651-5a4e-4f49-9741-5558a37bf969,中江综合广播年代音乐994,Szechuan,"99.4,99.4 fm,music,oldies,pop",chinese,MP3,0,64,https://lhttp.qtfm.cn/live/20500148/64k.mp3,reachable,200,audio/mpeg,audio/mpeg,2026-01-15T01:08:58Z,http://m.downcc.com/d/497313
1438,80322a9c-d7c3-4912-82be-36190f747ebf,广西经济广播,Kwangsi,"97.0,97.0 fm,music,test",chinese,UNKNOWN,0,64,https://stream.bbrtv.com:10443/hls/wrr24LJGR/wrr24LJGR_live.m3u8,reachable,200,application/vnd.apple.mpegurl,application/vnd.apple.mpegurl,2026-01-15T06:42:25Z,https://stream.bbrtv.com/?channelId=27
1439,923a9df1-bce6-4972-b5c9-5e29988e6bb6,清远综合广播,Kwangtung,news,cantonese,MP3,0,64,http://lhttp.qingting.fm/live/15318668/64k.mp3,reachable,200,audio/mpeg,audio/mpeg,2026-01-15T06:56:27Z,http://www.0763f.com/
1440,e42cce1a-1e64-4065-8b21-ed93c11548c6,南宁故事广播,Kwangsi,"culture,entertainment,music",chinese,UNKNOWN,2560,64,https://hls.nntv.cn/nnradio/895_24.m3u8,reachable,200,application/vnd.apple.mpegurl,application/vnd.apple.mpegurl,2026-01-15T01:13:59Z,http://www.nntv.cn/
1441,776f40e1-1d24-4bca-b2ff-84612763c2dc,十三师广播电视台FM106.5,Sinkiang,news,chinese,MP3,0,64,https://lhttp.qtfm.cn/live/5022506/64k.mp3,reachable,200,audio/mpeg,audio/mpeg,2026-01-15T00:07:55Z,http://www.hndt.com/
1442,4c06237f-fd7f-4fe4-bfc7-6e2ae0390daf,测试27,,,chinese,UNKNOWN,500,64,http://gctxyc.liveplay.myqcloud.com/gc/ztd_1/index.m3u8,reachable,200,application/vnd.apple.mpegurl,application/vnd.apple.mpegurl,2026-01-15T00:29:13Z,https://www.fqxww.cn/
1443,e0270978-bba2-4ae1-999d-e1912bac30e8,河北生活广播,Hopei,lifestyle,chinese,UNKNOWN,0,64,https://radio.pull.hebtv.com/live/hebshzx.m3u8,reachable,200,application/vnd.apple.mpegurl,application/vnd.apple.mpegurl,2026-01-15T04:47:13Z,https://www.hebtv.com/
1444,8734dc92-de77-46f7-9889-fbcb14a46858,甘肃交通广播,Kansu,traffic,chinese,MP3,0,64,https://lhttp.qingting.fm/live/3939/64k.mp3,reachable,200,audio/mpeg,audio/mpeg,2026-01-15T07:13:03Z,http://www.gstv.com.cn/
1445,060c33eb-3670-4fb4-9296-4aa6b9c45d80,界首之声,Anhwei,public radio,chinese,MP3,0,64,https://lhttp.qtfm.cn/live/20207785/64k.mp3,reachable,200,audio/mpeg,audio/mpeg,2026-01-15T08:28:39Z,http://www.jieshounews.cn/
1446,3290f122-f975-4e76-9e50-a34be785e6de,潍坊新闻广播,Shantung,news,chinese,MP3,0,64,https://lhttp.qtfm.cn/live/20320/64k.mp3,reachable,200,audio/mpeg,audio/mpeg,2026-01-15T02:53:33Z,http://www.wfcmw.cn/
1447,0e375ab8-4a5c-4cb2-83db-7ea38cccc52e,179白陽經典,,,chinese,MP3,0,65,https://stream.zeno.fm/v5169mx3cm8uv,unreachable,,,连接失败: timed out,2026-01-14T23:59:15Z,https://zeno.fm/radio/179scriptureofBaiyang/
1448,74d4ced9-d194-48d3-acfd-623f874ca02c,.Quran,,classical,,MP3,128,65,https://backup.qurango.net/radio/ahmad_khader_altarabulsi,unreachable,500,,HTTP 500,2026-01-14T22:54:04Z,
1449,6ba78f9f-a190-4d3d-b5a4-d92a6a0a4233,金堂综合广播FM88.9 成都年代音乐怀旧好声音,Szechuan,"music,oldies",chinese,MP3,0,65,https://lhttp-hw.qtfm.cn/live/20500160/64k.mp3,reachable,200,audio/mpeg,audio/mpeg,2026-01-15T01:39:33Z,https://www.qingting.fm/radios/20500160
1450,262288ba-ef78-4196-a32d-dbb4357c2306,徐州交通广播,Kiangsu,news,chinese,MP3,0,65,https://lhttp.qingting.fm/live/4924/64k.mp3,reachable,200,audio/mpeg,audio/mpeg,2026-01-15T07:15:38Z,http://www.xzgd.com/login/Login.jsp?logintype=1
1451,59cacd2a-1182-11e9-a80b-52543be04c81,朝阳县人民广播电台,Liaoning,news,chinese,MP3,0,65,http://lhttp.qingting.fm/live/20212211/64k.mp3,reachable,200,audio/mpeg,audio/mpeg,2026-01-15T02:50:58Z,http://www.cyx.gov.cn/
1452,4bec4d73-6246-420b-a563-c22c3ed82016,CNR-3,,economics,chinese,UNKNOWN,0,65,https://ngcdn001.cnr.cn/live/jjzs/index.m3u8,reachable,200,application/vnd.apple.mpegurl,application/vnd.apple.mpegurl,2026-01-15T04:24:51Z,http://www.cnr.cn/
1453,ba5a3192-12bb-4aff-944b-92e2704955bb,张家口986音乐广播,河北,"地方台,音乐",chinese,MP3,0,66,https://lhttp.qtfm.cn/live/5021801/64k.mp3,reachable,200,audio/mpeg,audio/mpeg,2026-01-15T07:27:50Z,https://superradio.cc/
1454,684fc62f-073d-41aa-9ef8-91b242df3ac4,测试16,,,chinese,UNKNOWN,828,66,https://js1.amtb.cn/liveedge/_definst_/smil:livetv.smil/playlist.m3u8,unreachable,,,连接失败: timed out,2026-01-15T06:39:51Z,https://www.fqxww.cn/
1455,b5928a85-e8dc-11e8-a471-52543be04c81,Siaoshan FM Radio,Chekiang,,chinese,UNKNOWN,0,66,http://l.cztvcloud.com/channels/lantian/SXxiaoshanaud1/128k.m3u8,reachable,200,application/x-mpegURL,application/x-mpegURL,2026-01-15T07:08:10Z,http://www.xianghunet.com/
1456,c6f6b3d8-c63d-40db-a1be-f1ca31095117,SDBA Classics 94.7 Shanghai,Shanghai,classical,mandarin,MP3,0,66,https://lhttp.qingting.fm/live/267/64k.mp3?listening-from-radio-garden=1696445196,reachable,200,audio/mpeg,audio/mpeg,2026-01-15T07:54:19Z,https://www.smgradio.cn/
1457,af6b4e30-7513-11e9-af37-52543be04c81,无锡交通广播,Kiangsu,traffic,chinese,MP3,0,66,http://lhttp.qingting.fm/live/2780/64k.mp3,reachable,200,audio/mpeg,audio/mpeg,2026-01-15T02:50:58Z,http://btv.thmz.com/
1458,e76422f2-be38-11e8-aaf2-52543be04c81,Tsingtao Story Radio,Shantung,,chinese,UNKNOWN,0,66,http://ls.qingting.fm/live/4956.m3u8,reachable,200,application/vnd.apple.mpegurl,application/vnd.apple.mpegurl,2026-01-15T00:58:35Z,http://www.qtv.com.cn/
1459,baf289b5-30c1-483c-8681-92c71fd68a57,贵州交通广播,Kweichow,news,chinese,MP3,0,66,http://lhttp.qingting.fm/live/20057/64k.mp3,reachable,200,audio/mpeg,audio/mpeg,2026-01-14T23:44:15Z,https://www.gzstv.com/
1460,cc4f14eb-2268-4542-9289-94d8685829a0,滨海综合广播 100.1,Tientsin,news,chinese,AAC+,64,67,http://traffic.jbh.tjbh.com/live/FM100.1/playlist.m3u8,reachable,200,application/vnd.apple.mpegurl,application/vnd.apple.mpegurl,2026-01-15T01:03:21Z,https://a.app.qq.com/o/simple.jsp?pkgname=com.pdmi.binhai.media&fromcase=40003
1461,2e1c6215-1c3b-4f7e-a068-35c452cf1745,佛山综合广播,Kwangtung,"full service,music",cantonese,UNKNOWN,0,67,https://radiopull.radiofoshan.com.cn/live/1400820947_BSID_46_audio.m3u8,reachable,200,application/vnd.apple.mpegurl,application/vnd.apple.mpegurl,2026-01-15T07:28:39Z,https://www.radiofoshan.com.cn/
1462,ba0b483f-f7df-4b19-82ad-79c927677816,武安人民广播电台,Hopei,music,chinese,MP3,0,67,http://lhttp.qingting.fm/live/5022474/64k.mp3,reachable,200,audio/mpeg,audio/mpeg,2026-01-14T23:34:44Z,http://www.waxww.com/
1463,40ac0ac0-b8f6-11e8-aaf2-52543be04c81,Haikow Music Radio,Hainan,,chinese,MP3,0,67,http://lhttp.qingting.fm/live/20010/64k.mp3,reachable,200,audio/mpeg,audio/mpeg,2026-01-15T04:34:41Z,http://www.hkbtv.cn/
1464,1b2618b3-fbd8-4310-a460-5404a40902de,湖南综合广播,Hunan,news,chinese,UNKNOWN,0,67,http://a.live.hnradio.com/xwpd/radio120k_xwpd.m3u8?auth_key=1588751187-0-0-f1675340b0cec8720747b81d8dfc9e99,reachable,200,application/vnd.apple.mpegurl,application/vnd.apple.mpegurl,2026-01-15T01:03:20Z,http://www.hnradio.com/
1465,e6dea335-9b93-46a2-b3e9-4e25693042ed,杭州交通经济广播,Chekiang,"entertainment,lifestyle,music,talk show,traffic radio broadcast",chinese,MP3,0,67,https://lhttp.qtfm.cn/live/1133/64k.mp3,reachable,200,audio/mpeg,audio/mpeg,2026-01-15T02:39:23Z,https://www.hoolo.tv/
1466,5df52fe0-b75c-11e8-aaf2-52543be04c81,Harbin News Radio,Amur River,,chinese,MP3,0,67,http://lhttp.qingting.fm/live/20077/64k.mp3,reachable,200,audio/mpeg,audio/mpeg,2026-01-15T07:47:33Z,http://www.hrbtv.net/
1467,7c8c5e1a-1b0c-45b2-aeac-ec0e04a673eb,临沂交通旅游广播,Shantung,traffic,chinese,MP3,0,67,https://lhttp.qtfm.cn/live/3993/64k.mp3,reachable,200,audio/mpeg,audio/mpeg,2026-01-15T02:10:00Z,https://www.ilinyi.net/
1468,e82e055c-7a60-44b8-9296-6a72ed8e2109,黑龙江新闻广播,Amur River,news,chinese,MP3,0,67,https://lhttp.qtfm.cn/live/4974/64k.mp3,reachable,200,audio/mpeg,audio/mpeg,2026-01-15T04:53:32Z,http://www.hljtv.com/
1469,33fe5370-b47f-4958-85a3-9d9f72b87287,常德综合广播,Hunan,news,chinese,MP3,0,67,https://lhttp.qingting.fm/live/15318208/64k.mp3,reachable,200,audio/mpeg,audio/mpeg,2026-01-15T07:20:35Z,http://www.cdyee.com/
1470,2bb71643-2cce-4303-9af0-a031f48f934d,邯郸新闻综合广播,Hopei,news,chinese,MP3,0,68,https://lhttp.qingting.fm/live/5072/64k.mp3,reachable,200,audio/mpeg,audio/mpeg,2026-01-15T04:47:13Z,http://www.hdbs.cn/
1471,882aa818-7ee0-4bf0-8dba-1232aa56f2f9,上海交通广播,上海,,,MP3,0,68,http://lhttp.qingting.fm/live/266/64k.mp3,reachable,200,audio/mpeg,audio/mpeg,2026-01-14T22:54:03Z,
1472,29044ec4-7e4a-4f72-9499-82bc378640b7,179music,,,chinese,MP3,0,68,https://stream.zeno.fm/mss1yzbbbm8uv,unreachable,,,连接失败: timed out,2026-01-15T00:29:52Z,https://zeno.fm/radio/184179/
1473,5f43fbc4-751b-11e9-af37-52543be04c81,青岛胶州广播,Shantung,lifestyle,chinese,MP3,0,68,http://lhttp.qingting.fm/live/20211644/64k.mp3,reachable,200,audio/mpeg,audio/mpeg,2026-01-14T23:41:54Z,http://wap.qtv.com.cn/
1474,ee9c2201-4b63-42ad-bef3-d6fb4290685a,河南网络广播·安全百科网络台,Honan,music,chinese,MP3,128,69,http://stream3.hndt.com/now/4pcovD2L/playlist.m3u8,reachable,200,application/vnd.apple.mpegurl,application/vnd.apple.mpegurl,2026-01-15T00:15:22Z,http://www.hndt.com/
1475,157bd215-a919-4cdb-a6df-3fb8ef7b4c15,海口综合广播,Hainan,101.8,chinese,MP3,0,69,https://lhttp.qtfm.cn/live/5022015/64k.mp3,reachable,200,audio/mpeg,audio/mpeg,2026-01-15T04:42:48Z,http://www.hkbtv.cn/
1476,745ca70b-0461-407c-8bf9-79877f921071,涿州人民广播电台,Hopei,golden music,chinese,MP3,0,69,http://lhttp.qingting.fm/live/20211619/64k.mp3,reachable,200,audio/mpeg,audio/mpeg,2026-01-15T08:42:10Z,http://bd.hebei.com.cn/zhuozhou/
1477,698eef7f-cfd6-4c34-a780-19e787fd7619,黔东南交通广播,Kweichow,traffic,chinese,MP3,0,69,http://lhttp.qingting.fm/live/5022285/64k.mp3,reachable,200,audio/mpeg,audio/mpeg,2026-01-15T07:35:30Z,http://www.qdntv.com/
1478,1bb42d3d-8b0b-4f4d-a967-6ae3ba72fd59,哈尔滨综合广播,Amur River,news,chinese,UNKNOWN,53,69,https://stream.hrbtv.net/xwpl/playlist.m3u8,unreachable,,,连接失败: [SSL: CERTIFICATE_VERIFY_FAILED] certificate verify failed: unable to get local ,2026-01-15T03:09:18Z,https://www.hrbtv.net/
1479,eef2bf86-4d09-4c99-9ec7-3b533eed67de,河北旅游文化广播,Hopei,"culture,oldies",chinese,UNKNOWN,0,69,https://radio.pull.hebtv.com/live/hebly.m3u8,reachable,200,application/vnd.apple.mpegurl,application/vnd.apple.mpegurl,2026-01-15T03:53:54Z,https://www.hebtv.com/
1480,d2bb63fd-7513-11e9-af37-52543be04c81,无锡经济广播,Kiangsu,economics,chinese,MP3,0,69,http://lhttp.qingting.fm/live/2778/64k.mp3,reachable,200,audio/mpeg,audio/mpeg,2026-01-15T07:55:29Z,http://btv.thmz.com/
1481,f544ee28-180e-4b6a-9c28-d19188857334,广西文艺广播 FM950广西音乐台,Kwangsi,"music,pop",chinese,MP3,0,69,https://lhttp-hw.qtfm.cn/live/4875/64k.mp3,reachable,200,audio/mpeg,audio/mpeg,2026-01-15T08:36:02Z,https://www.gxtv.cn/
1482,09f4c337-be62-11e8-aaf2-52543be04c81,Shansi Music Radio,Shansi,,chinese,UNKNOWN,0,69,http://ls.qingting.fm/live/4932.m3u8,reachable,200,application/vnd.apple.mpegurl,application/vnd.apple.mpegurl,2026-01-15T02:18:30Z,http://www.sxrtv.com/
1483,61ed98b9-e8db-11e8-a471-52543be04c81,Siaoshan News TV,Chekiang,,chinese,UNKNOWN,0,70,http://l.cztvcloud.com/channels/lantian/SXxiaoshan1/720p.m3u8,reachable,200,application/x-mpegURL,application/x-mpegURL,2026-01-14T23:25:56Z,http://www.xianghunet.com/
1484,35b66907-f49b-408b-a593-2b747b02e231,中国风的歌曲,,music,chinese,MP3,0,70,https://stream.zeno.fm/ftaareifzcyvv,unreachable,,,连接失败: timed out,2026-03-29T07:14:43Z,https://zeno.fm/radio/zhong-guo-feng-de-ge-qu/
1485,a794f83a-abd3-45d2-9ed7-263e49c47a16,盐城音乐广播,Kiangsu,music,chinese,MP3,0,70,https://lhttp.qtfm.cn/live/5022380/64k.mp3,reachable,200,audio/mpeg,audio/mpeg,2026-01-15T03:53:08Z,http://www.0515yc.cn/
1486,57c4f8b9-0262-4c02-adeb-e68c982f8445,信阳平桥广播,Honan,music,chinese,MP3,0,70,https://lhttp.qingting.fm/live/15318156/64k.mp3,reachable,200,audio/mpeg,audio/mpeg,2026-01-15T08:28:39Z,http://www.xytv.cn/
1487,4a3c0953-1dd8-489a-932a-c70ef0d92088,哈尔滨文艺广播,黑龙江,culture,chinese,UNKNOWN,55,71,https://stream.hrbtv.net/wypl/playlist.m3u8,unreachable,,,连接失败: [SSL: CERTIFICATE_VERIFY_FAILED] certificate verify failed: unable to get local ,2026-01-15T05:53:56Z,https://www.hrbtv.net/
1488,f097c0ff-72be-4b10-92af-02ca43881bbc,河南卷卷猫电台（2）,Honan,"am1557,children,education,kids,快乐卷卷猫",chinese,MP3,128,71,http://stream3.hndt.com/now/PHucVOu2/playlist.m3u8,reachable,200,application/vnd.apple.mpegurl,application/vnd.apple.mpegurl,2026-01-15T02:50:21Z,http://www.hndt.com/
1489,984551df-e095-4ace-aa81-d86580f12749,CCTV-13 新闻（伴音）,,,chinese,UNKNOWN,0,71,https://piccpndali.v.myalicdn.com/audio/cctv13_2.m3u8,reachable,200,application/x-mpegURL,application/x-mpegURL,2026-03-13T20:15:44Z,https://superradio.cc/
1490,d5b0537d-bebb-4c40-a214-4a426154c09b,上海交通广播 FM105.7,Shanghai,,chinese,MP3,0,71,https://lhttp-hw.qtfm.cn/live/266/64k.mp3,reachable,200,audio/mpeg,audio/mpeg,2026-01-15T06:29:43Z,https://www.smg.cn/review/index.html
1491,c2e1d5f7-66a0-4e78-8629-00279a6d0490,陕西农村广播,Shensi,agriculture,chinese,MP3,0,71,https://lhttp.qtfm.cn/live/1602/64k.mp3,reachable,200,audio/mpeg,audio/mpeg,2026-01-15T02:55:32Z,http://www.snrtv.com/
1492,2ec6fe9f-96ab-44a8-9a8a-5a191a5aadb7,天津新闻广播,,,chinese,MP3,0,71,https://lhttp-hw.qtfm.cn/live/5022134/64k.mp3,reachable,200,audio/mpeg,audio/mpeg,2026-01-15T02:03:07Z,http://tjtv.enorth.com.cn/
1493,ade48209-4c9d-4d1c-be46-978c7eeb491b,广西文艺广播,Kwangsi,"95.0,95.0 fm,music",chinese,UNKNOWN,0,72,https://stream.bbrtv.com:10443/hls/rCjJ4Y1MR/rCjJ4Y1MR_live.m3u8,reachable,200,application/vnd.apple.mpegurl,application/vnd.apple.mpegurl,2026-01-15T04:51:20Z,https://stream.bbrtv.com/?channelId=27
1494,6a5d7bad-e15d-4b08-b66c-7fed1d8fcf9d,福建经济广播,Fukien,"96.1,96.1 fm",chinese,MP3,0,72,https://lhttp.qtfm.cn/live/1732/64k.mp3,reachable,200,audio/mpeg,audio/mpeg,2026-01-15T06:29:04Z,http://www.fjtv.net/
1495,f842e396-e8cb-4283-9a93-fc6104352161,AKB48 Lover,,,chinese,MP3,0,72,https://stream.zeno.fm/paxe8r07y98uv,unreachable,,,连接失败: timed out,2026-01-15T02:38:10Z,https://zeno.fm/radio/akb48-lover/
1496,9d3abd86-c706-431f-a8f6-483f2904958d,中国之声,Jiangsu,中国之声,chinese,UNKNOWN,0,72,https://ngcdn001.cnr.cn/live/zgzs/index.m3u8,reachable,200,application/vnd.apple.mpegurl,application/vnd.apple.mpegurl,2026-04-21T15:47:11Z,https://www.cnr.cn/gbzb/
1497,d140c306-b0ea-4603-9f26-9c0c9a1cea86,新兴电台,Kwangtung,music,cantonese,MP3,0,72,https://lhttp.qingting.fm/live/20211602/64k.mp3,reachable,200,audio/mpeg,audio/mpeg,2026-01-15T01:12:36Z,https://baike.baidu.com/item/%E6%96%B0%E5%85%B4%E5%8E%BF%E5%B9%BF%E6%92%AD%E7%94%B5%E8%A7%86%E5%8F%B0/56874672
1498,e135022a-d4b4-4519-ad9b-27ab4509c13a,圆环之理广播电台,,music,chinese,MP3,0,72,https://lhttp.qtfm.cn/live/5022308/64k.mp3,reachable,200,audio/mpeg,audio/mpeg,2026-01-15T06:11:46Z,https://kami.im/
1499,56fac279-3684-4562-bcda-bd7e45410b2a,河南信息广播,Honan,old age,chinese,AAC,64,72,https://stream.hndt.com/live/leling/playlist.m3u8,reachable,200,application/vnd.apple.mpegurl,application/vnd.apple.mpegurl,2026-01-15T06:39:51Z,http://www.hndt.com/
1500,441af6bf-e784-4f51-82d1-4b403f85d790,哈尔滨文艺广播,Amur River,entertainment,chinese,UNKNOWN,55,72,https://stream.hrbtv.net/wypl/playlist.m3u8,unreachable,,,连接失败: [SSL: CERTIFICATE_VERIFY_FAILED] certificate verify failed: unable to get local ,2026-01-15T07:36:11Z,https://www.hrbtv.net/
1501,3d3c57c3-122e-11e9-a80b-52543be04c81,温州私家车音乐广播,Chekiang,music,chinese,MP3,0,72,http://lhttp.qingting.fm/live/1149/64k.mp3,reachable,200,audio/mpeg,audio/mpeg,2026-01-15T03:57:28Z,http://www.wztv.cn/
1502,308c9715-5c4b-11ea-be63-52543be04c81,长沙市望城区人民广播电台,Hunan,music,chinese,MP3,0,73,http://lhttp.qingting.fm/live/5022076/64k.mp3,not_found,404,,HTTP 404,2026-01-15T02:22:41Z,http://www.wangchengtv.com/
1503,3f21b63b-dba9-454a-814e-ae4504a5bb85,福建海峡之声,Fukien,"information,music",chinese,MP3,0,73,https://lhttp-hw.qtfm.cn/live/1744/64k.mp3,reachable,200,audio/mpeg,audio/mpeg,2026-01-15T08:22:03Z,https://www.vos.com.cn/
1504,5717046d-2efd-4e4d-ad85-b943ed46dfa7,黑龙江卫视伴音,Amur River,tv,chinese,UNKNOWN,0,73,https://piccpndali.v.myalicdn.com/audio/heilongjiang_2.m3u8,reachable,200,application/x-mpegURL,application/x-mpegURL,2026-01-15T07:38:17Z,https://www.hljtv.com/
1505,19638780-7427-4967-b6ff-70d17c3c53a7,北仑电台,Chekiang,"1008可乐台,entertainment,music",chinese,MP3,0,73,https://lhttp.qingting.fm/live/1153/64k.mp3,reachable,200,audio/mpeg,audio/mpeg,2026-01-15T01:41:29Z,http://www.nbbltv.com/
1506,6bee0c53-6eee-4a3c-ac02-a627ec3f1fb7,太原综合广播,Shansi,news,chinese,UNKNOWN,0,73,http://live.xmcdn.com/live/888/64.m3u8,reachable,200,application/vnd.apple.mpegurl,application/vnd.apple.mpegurl,2026-01-14T23:46:56Z,http://ty.cutv.com/
1507,f3443411-150a-4a7f-92ed-580d83b9f702,福建东南卫视伴音,Fukien,tv,chinese,UNKNOWN,0,73,https://piccpndali.v.myalicdn.com/audio/dongnan_2.m3u8,reachable,200,application/x-mpegURL,application/x-mpegURL,2026-01-15T02:27:20Z,https://www.fjtv.net/
1508,eb1cba7b-fd25-11e8-a1be-52543be04c81,襄阳交通音乐广播,Hupei,"music,traffic",chinese,UNKNOWN,0,73,http://ls.qingting.fm/live/1308.m3u8,reachable,200,application/vnd.apple.mpegurl,application/vnd.apple.mpegurl,2026-01-14T23:54:34Z,http://www.xyrtv.com/
1509,1ee33bb0-61a3-42d1-80f3-1d49f9d41791,云浮综合广播,Kwangtung,news,chinese,MP3,0,73,http://lhttp.qingting.fm/live/5022442/64k.mp3,reachable,200,audio/mpeg,audio/mpeg,2026-01-15T08:02:03Z,http://www.yunfucity.com/
1510,136b1049-e6bf-413f-8c89-786a3c057b80,云南新闻广播,Yunnan,news,chinese,MP3,0,73,https://lhttp.qtfm.cn/live/1926/64k.mp3,reachable,200,audio/mpeg,audio/mpeg,2026-01-15T00:33:22Z,http://www.ynradio.com/v2/
1511,58b95e00-68e1-4b00-b462-4a72f7f1ff0e,上海戏剧曲艺广播 AM1197 FM97.2,Shanghai,"culture,opera",chinese,MP3,0,73,https://lhttp-hw.qtfm.cn/live/269/64k.mp3,reachable,200,audio/mpeg,audio/mpeg,2026-01-15T01:08:58Z,https://www.smg.cn/review/index.html
1512,eb3df8d7-7e62-47b7-817e-7a8975890fb7,辽宁乡村广播,Liaoning,agriculture,chinese,MP3,0,73,https://lhttp.qtfm.cn/live/20018/64k.mp3,reachable,200,audio/mpeg,audio/mpeg,2026-01-15T00:27:30Z,http://www.lntv.cn/
1513,85600c22-79dd-465a-873a-bda637f95a8b,Chinese Music World,,folk,,MP3,128,74,https://radio.chinesemusicworld.com/chinesemusic.mp3,reachable,200,audio/mpeg,audio/mpeg,2026-01-14T22:54:12Z,https://chinesemusicworld.com/
1514,ac2453f0-fb06-4f69-8580-c5fddff042e9,太原老年之声,Shansi,"golden music,lifestyle",chinese,MP3,0,74,http://lhttp.qingting.fm/live/20211701/64k.mp3,reachable,200,audio/mpeg,audio/mpeg,2026-01-15T06:54:30Z,http://ty.cutv.com/
1515,75d95257-5b7d-44c5-983b-4eb2606b99e4,英德综合广播,Kwangtung,"lifestyle,music,news",cantonese,MP3,0,74,https://lhttp.qtfm.cn/live/5022392/64k.mp3,reachable,200,audio/mpeg,audio/mpeg,2026-01-15T01:18:04Z,https://dcdown.pc6.com/apk/22c4185e163ff460e9557c1be753012f/2107/29/2222658.apk
1516,cacb51e2-ba8b-11e8-aaf2-52543be04c81,Kiangsu Health Radio,Kiangsu,,chinese,UNKNOWN,0,74,http://lzlive.vojs.cn/EWpb5Ov/92/live.m3u8,reachable,200,application/vnd.apple.mpegurl,application/vnd.apple.mpegurl,2026-01-15T03:17:37Z,http://www.vojs.cn/
1517,3ad3a55c-89f4-4ece-80ce-fd43967ad7e1,有线财经资讯台,,,cantonese,AAC,308,74,http://cm61-10-2-143.hkcable.com.hk/live_freedirect/freehd208_h.live/playlist.m3u8,reachable,200,application/vnd.apple.mpegurl,application/vnd.apple.mpegurl,2026-01-15T06:03:27Z,http://www.cabletv.com.hk/ct/
1518,f3b050d7-14a6-481a-8807-a54bc348adbc,常州新闻综合广播,Kiangsu,public radio,chinese,MP3,0,74,https://lhttp.qtfm.cn/live/2798/64k.mp3,reachable,200,audio/mpeg,audio/mpeg,2026-01-15T00:13:28Z,http://www.cztv.tv/
1519,f941777a-ca39-488f-b65b-d5ea54fd0a4c,惠州综合广播,Kwangtung,news,chinese,MP3,0,74,https://lhttp.qtfm.cn/live/5016/64k.mp3,reachable,200,audio/mpeg,audio/mpeg,2026-01-15T01:18:42Z,http://www.hzrtv.cn/
1520,e55aa09d-e8dc-11e8-a471-52543be04c81,Siaoshan Cable Radio,Chekiang,,chinese,UNKNOWN,0,74,http://l.cztvcloud.com/channels/lantian/SXxiaoshanaud2/128k.m3u8,reachable,200,application/x-mpegURL,application/x-mpegURL,2026-01-15T00:49:40Z,http://www.xianghunet.com/
1521,5ff03ad4-c001-11e8-aaf2-52543be04c81,Kunming Auto Radio,Yunnan,,chinese,UNKNOWN,0,74,http://ls.qingting.fm/live/1936.m3u8,reachable,200,application/vnd.apple.mpegurl,application/vnd.apple.mpegurl,2026-01-15T04:34:00Z,http://www.kmtv.com.cn/
1522,dcd3e0d8-9bdc-4e0b-8ab2-4204659c3537,海南音乐广播,Hainan,music,chinese,MP3,0,74,http://lhttp.qingting.fm/live/4878/64k.mp3,reachable,200,audio/mpeg,audio/mpeg,2026-01-15T03:38:06Z,http://www.hnntv.cn/
1523,b3dc62e4-0c6a-4bd5-9296-ff693ff7f3d4,嘉兴音乐广播,Chekiang,music,chinese,MP3,0,74,http://lhttp.qingting.fm/live/1136/64k.mp3,reachable,200,audio/mpeg,audio/mpeg,2026-01-15T01:07:32Z,http://www.jxrtv.com/
1524,4632fa0b-c951-11e8-a54a-52543be04c81,大连金普新区FM104.3 综合广播,Dalian,news,chinese,MP3,0,74,http://lhttp.qingting.fm/live/15318307/64k.mp3,reachable,200,audio/mpeg,audio/mpeg,2026-01-14T23:42:15Z,http://www.dltv.cn/
1525,da5eec6b-0515-426c-81ca-d0f4906df828,江西综合新闻广播,Kiangsi,news,chinese,MP3,0,75,https://lhttp.qtfm.cn/live/1809/64k.mp3,reachable,200,audio/mpeg,audio/mpeg,2026-01-15T03:22:41Z,https://www.jxntv.cn/
1526,6f805776-776e-41fe-8845-563b2e5621e0,上海交通广播,上海,,,MP3,0,75,http://lhttp.qingting.fm/live/266/64k.mp3,reachable,200,audio/mpeg,audio/mpeg,2026-01-14T22:54:03Z,
1527,25bdaf02-f4dd-4c98-8eca-20ea1e4f0c31,青岛FM105.8,Shantung,music,chinese,UNKNOWN,0,75,http://video10.qtv.com.cn/zhibo875/manifest.m3u8,reachable,200,application/vnd.apple.mpegurl,application/vnd.apple.mpegurl,2026-01-15T07:52:11Z,http://www.qtv.com.cn/
1528,f3dbfcf1-17c0-4981-aa02-eb5c1bd2cb97,涞水县怀旧音乐广播895,Hopei,"folk,music,oldies",chinese,MP3,0,75,https://lhttp.qtfm.cn/live/20211619/64k.mp3,reachable,200,audio/mpeg,audio/mpeg,2026-01-15T05:01:43Z,http://www.hebei.com.cn/
1529,1bcea339-b8d7-49f2-af15-968df3c06927,南阳综合广播,Honan,news,chinese,MP3,0,75,https://lhttp.qingting.fm/live/1213/64k.mp3,reachable,200,audio/mpeg,audio/mpeg,2026-01-15T06:57:09Z,http://www.nydt.cn/
1530,727eab73-1720-11ea-a620-52543be04c81,桂林城市之声,Kwangsi,news,chinese,MP3,0,75,http://lhttp.qingting.fm/live/1759/64k.mp3,reachable,200,audio/mpeg,audio/mpeg,2026-01-15T00:34:47Z,http://m.gltvs.com/
1531,63151721-3f42-4515-89e1-51b4ff35aad5,黑龙江都市·女性广播,,lifestyle,chinese,MP3,0,76,https://lhttp-hw.qtfm.cn/live/4968/64k.mp3,reachable,200,audio/mpeg,audio/mpeg,2026-01-15T07:56:58Z,https://www.hljtv.com/
1532,94aebd52-b75d-11e8-aaf2-52543be04c81,Harbin Literature & Art Radio,Amur River,,chinese,MP3,0,76,http://lhttp.qingting.fm/live/20083/64k.mp3,reachable,200,audio/mpeg,audio/mpeg,2026-01-14T23:53:14Z,http://www.hrbtv.net/
1533,1d1d39a0-9653-471f-af01-45a390e74308,南昌交通音乐广播,Kiangsi,"entertainment,music",chinese,MP3,0,76,https://lhttp.qtfm.cn/live/1804/64k.mp3,reachable,200,audio/mpeg,audio/mpeg,2026-01-15T00:32:40Z,https://www.nctv.net.cn/
1534,17466db8-78cc-4ff3-a951-f553611621fc,河南旅游广播,honan,"m3u8,tourism",chinese,AAC,64,76,https://stream.hndt.com/live/sijiache/playlist.m3u8,reachable,200,application/vnd.apple.mpegurl,application/vnd.apple.mpegurl,2026-01-15T05:56:44Z,http://www.hndt.com/
1535,43708d3f-ba8b-11e8-aaf2-52543be04c81,Kiangsu Story Radio,Kiangsu,,chinese,UNKNOWN,0,76,http://lzlive.vojs.cn/rWjyus9/92/live.m3u8,reachable,200,application/vnd.apple.mpegurl,application/vnd.apple.mpegurl,2026-01-15T08:34:02Z,http://www.vojs.cn/
1536,e993196a-7b77-4f0f-821f-e025942be445,斗门人民广播电台,Kwangtung,"music,news",chinese,MP3,0,76,http://lhttp.qingting.fm/live/15318432/64k.mp3,reachable,200,audio/mpeg,audio/mpeg,2026-01-14T23:27:48Z,http://www.n21.cc/
1537,3c3b7c46-ba89-11e8-aaf2-52543be04c81,Kiangsu Finance Radio,Kiangsu,,chinese,UNKNOWN,0,77,http://lzlive.vojs.cn/caijing/92/live.m3u8,reachable,200,application/vnd.apple.mpegurl,application/vnd.apple.mpegurl,2026-01-15T04:09:15Z,http://www.vojs.cn/
1538,4e15ea13-bdaa-11e8-aaf2-52543be04c81,Tsingtao Music & Sports Radio,Shantung,,chinese,UNKNOWN,0,77,http://ls.qingting.fm/live/1677.m3u8,reachable,200,application/vnd.apple.mpegurl,application/vnd.apple.mpegurl,2026-01-15T00:31:56Z,http://www.qtv.com.cn/
1539,84d16c49-0056-4a20-8c93-01f7e54e6efe,AsiaFM,,classical,,UNKNOWN,0,77,https://live.ximalaya.com/radio-first-page-app/live/999/64.m3u8?transcode=ts,reachable,200,application/vnd.apple.mpegurl,application/vnd.apple.mpegurl,2026-01-14T22:54:04Z,https://live.ximalaya.com/radio-first-page-app/live/999/64.m3u8?transcode=ts
1540,c0fb9a12-ab46-43ef-b419-ddb378b0e43c,郑州交通广播,Honan,traffic radio broadcast,chinese,MP3,0,77,https://lhttp.qtfm.cn/live/1211/64k.mp3,reachable,200,audio/mpeg,audio/mpeg,2026-01-15T05:45:24Z,http://www.zzradio.cn/
1541,77fbcd0e-faed-468a-b9ce-8d76113a1202,浙江旅游之声,Chekiang,music,chinese,UNKNOWN,0,77,http://ali-m-l.cztv.com/channels/lantian/fm1045/128k.m3u8,reachable,200,application/x-mpegURL,application/x-mpegURL,2026-01-15T02:12:24Z,http://www.cztv.com/
1542,2d36147f-db8c-4f81-835d-bf9a29f8cf15,哈尔滨电视台 生活频道,黑龙江,"tv,地方台,生活,电视,电视伴音",chinese,UNKNOWN,700,77,http://stream.hrbtv.net/shpd/playlist.m3u8,reachable,200,application/vnd.apple.mpegurl,application/vnd.apple.mpegurl,2026-01-15T05:56:44Z,
1543,a7769745-e2d1-475f-bbe0-de1f5b48429c,义乌新闻,Chekiang,106.2,chinese,MP3,0,78,https://lhttp.qtfm.cn/live/20537/64k.mp3,reachable,200,audio/mpeg,audio/mpeg,2026-01-15T04:47:54Z,http://www.ywcity.cn/#/homepage
1544,e2f530df-f611-4f8c-81e9-2353d73ed7c8,河南网络动感音乐台,,"music,pop",chinese,MP3,128,78,http://stream3.hndt.com/now/ufjjbZxV/playlist.m3u8,reachable,200,application/vnd.apple.mpegurl,application/vnd.apple.mpegurl,2026-01-15T07:11:09Z,http://www.hndt.com/
1545,892b8bae-b7b4-47bc-810b-9200ab1124af,CCTV-7国防军事伴音,,"information,military,tv",chinese,UNKNOWN,0,78,https://piccpndali.v.myalicdn.com/audio/cctv7_2.m3u8,reachable,200,application/x-mpegURL,application/x-mpegURL,2026-02-10T07:07:02Z,https://tv.cctv.com/cctv7/index.shtml
1546,ae364ccf-4db4-412f-a1b4-c2bf71ea211e,晋城交通广播,Shansi,traffic,chinese,MP3,0,78,https://lhttp.qtfm.cn/live/1189/64k.mp3,reachable,200,audio/mpeg,audio/mpeg,2026-01-15T06:17:50Z,https://www.qingting.fm/radios/1189
1547,95ab5d88-f49c-41ae-b1bc-fb47355b6e4e,三亚旅游之声103.8,Hainan,"lifestyle,music",chinese,MP3,0,78,http://lhttp.qingting.fm/live/15318203/64k.mp3,reachable,200,audio/mpeg,audio/mpeg,2026-01-15T03:53:08Z,http://www.zaity.tv/
1548,97702804-122d-11e9-a80b-52543be04c81,温州经济生活广播,Chekiang,lifestyle,chinese,MP3,0,78,http://lhttp.qingting.fm/live/1157/64k.mp3,reachable,200,audio/mpeg,audio/mpeg,2026-01-15T01:12:03Z,http://www.wztv.cn/
1549,8539abda-bd70-485c-a485-041de6c1608b,咸阳综合广播,shensi,news,chinese,MP3,0,79,https://lhttp.qingting.fm/live/5022397/64k.mp3,reachable,200,audio/mpeg,audio/mpeg,2026-01-15T04:44:02Z,http://www.xybtv.com/
1550,858c1c75-e3a7-4dc0-b1c3-9f73916a38d0,辽宁生活广播,Liaoning,life,chinese,MP3,0,79,https://lhttp.qtfm.cn/live/1102/64k.mp3?app,reachable,200,audio/mpeg,audio/mpeg,2026-01-15T01:36:04Z,http://www.csytv.com/
1551,0ff9fe4e-0371-460f-ae88-ffabe20afb9c,哈尔滨电视台 娱乐频道,黑龙江,"tv,哈尔滨,哈尔滨电视台,地方台,娱乐,电视,电视伴音",chinese,UNKNOWN,32,79,http://stream.hrbtv.net/ylpd/playlist.m3u8,reachable,200,application/vnd.apple.mpegurl,application/vnd.apple.mpegurl,2026-01-15T00:27:30Z,
1552,6dcc5116-4f73-4e07-a269-8e3d247bcd18,凤凰卫视中文台,,,,UNKNOWN,0,79,http://playtv-live.ifeng.com/live/06OLEGEGM4G_audio.m3u8,reachable,200,application/vnd.apple.mpegurl,application/vnd.apple.mpegurl,2026-02-06T13:58:08Z,https://www.ifeng.com/
1553,53597adc-3188-43f3-93a8-c189adc29794,海口交通广播,Hainan,traffic,chinese,MP3,0,79,http://lhttp.qingting.fm/live/5022079/64k.mp3?,reachable,200,audio/mpeg,audio/mpeg,2026-01-14T23:26:37Z,http://www.hkbtv.cn/
1554,c8c5a2e0-ed6c-4b8f-b75a-3e795f7cc427,故城县经典音乐FM90.5,Hopei,"music,oldies",chinese,MP3,0,79,http://lhttp.qingting.fm/live/20212269/64k.mp3?,reachable,200,audio/mpeg,audio/mpeg,2026-01-15T07:04:00Z,https://www.qingting.fm/radios/20212269/
1555,b1d8bf02-7a1d-4c59-9ee1-3fead65c8ee9,滨海音乐广播,Tientsin,"m3u8,music,pop",chinese,AAC+,64,80,http://traffic.jbh.tjbh.com/live/FM100.5/playlist.m3u8,reachable,200,application/vnd.apple.mpegurl,application/vnd.apple.mpegurl,2026-01-15T03:56:47Z,https://a.app.qq.com/o/simple.jsp?pkgname=com.pdmi.binhai.media&fromcase=40003
1556,abe80623-a3e5-4c0a-afef-a202639a5e9d,珠海先锋951·综合广播,Kwangtung,news,chinese,MP3,0,80,http://lhttp.qingting.fm/live/1274/64k.mp3,reachable,200,audio/mpeg,audio/mpeg,2026-01-15T05:41:36Z,http://www.n21.cc/
1557,e044cfce-94a4-4b32-99c7-a2908f750dcc,南京音乐广播,Kiangsu,music,chinese,UNKNOWN,0,80,http://hls.njgb.com/live_hls/4/playlist.m3u8,reachable,200,application/x-mpegURL,application/x-mpegURL,2026-01-15T01:38:48Z,http://www.njgb.com/
1558,50ad286c-2f7a-41cf-a384-9558b920b50d,muji music,,,chinese,MP3,0,80,https://stream.zeno.fm/brv193g9468uv,unreachable,,,连接失败: timed out,2026-01-15T02:44:43Z,https://zeno.fm/radio/muji-music/
1559,e6738a6d-977d-46b6-a2a6-11dff5f6109f,云南音乐广播,Yunnan,music,chinese,MP3,0,80,https://lhttp.qtfm.cn/live/1929/64k.mp3,reachable,200,audio/mpeg,audio/mpeg,2026-01-15T08:26:33Z,http://www.ynradio.com/v2/
1560,d9864ff8-1720-11ea-a620-52543be04c81,桂林飞扬频率,Kwangsi,music,chinese,MP3,0,81,http://lhttp.qingting.fm/live/1760/64k.mp3,reachable,200,audio/mpeg,audio/mpeg,2026-01-15T07:31:29Z,http://m.gltvs.com/
1561,28b2e410-2222-4b99-86e9-26f9c3b91779,长春新闻综合广播,Jilin,news,chinese,MP3,0,81,http://lhttp.qingting.fm/live/5013/64k.mp3,reachable,200,audio/mpeg,audio/mpeg,2026-01-15T00:44:56Z,http://www.chinactv.com/
1562,4559582e-6dcb-4e3c-b20f-bbd9d87a66f8,黑龙江音乐广播,Amur River,"95.8,95.8 fm,entertainment,music",chinese,MP3,0,81,https://lhttp.qtfm.cn/live/4969/64k.mp3,reachable,200,audio/mpeg,audio/mpeg,2026-01-15T01:08:58Z,http://www.hljtv.com/
1563,ad244620-2f3f-4a86-b7a3-bfb49214c49f,鄂尔多斯汉语综合广播,Inner Mongolia,news,chinese,MP3,0,81,http://lhttp.qingting.fm/live/20350/64k.mp3,reachable,200,audio/mpeg,audio/mpeg,2026-01-15T07:20:36Z,http://erdszs.org.cn/
1564,e7ac057f-f57c-4d2b-b4bc-771ffe320858,乌鲁木齐新闻广播,Sinkiang,news,chinese,MP3,0,81,https://lhttp.qingting.fm/live/1918/64k.mp3,reachable,200,audio/mpeg,audio/mpeg,2026-01-15T02:30:35Z,http://www.xjutv.com/
1565,7102a97f-0bfd-40c0-997a-c2f11364480f,扬州新闻广播,Kiangsu,news,chinese,MP3,0,81,https://lhttp.qingting.fm/live/5000/64k.mp3,reachable,200,audio/mpeg,audio/mpeg,2026-01-15T03:33:37Z,http://www.yzntv.com/
1566,e5af9df0-cf7c-426d-8671-50d70446d154,BRTV京津冀之声,Beijing,full service,chinese,UNKNOWN,0,81,https://brtv-radiolive.rbc.cn/alive/fm1006.m3u8,reachable,200,application/x-mpegURL,application/x-mpegURL,2026-01-14T23:56:14Z,https://www.brtv.org.cn/
1567,9ef06eef-b5b0-43a7-bcb2-c63ff5b6689b,鄂尔多斯交通文体广播,Inner Mongolia,traffic,chinese,MP3,0,81,http://lhttp.qingting.fm/live/20352/64k.mp3,not_found,404,,HTTP 404,2026-01-15T04:42:03Z,http://erdszs.org.cn/
1568,b8fa533a-e891-4cd8-b294-f160fc0b95cc,黄岛综合广播,Shantung,music,chinese,MP3,0,82,https://lhttp.qingting.fm/live/20176/64k.mp3,reachable,200,audio/mpeg,audio/mpeg,2026-01-15T05:00:15Z,http://www.qwmedia.cn/web/index.html
1569,f53fa9e0-20e8-4cfc-af84-d9a039f3f0e7,烟台音乐广播,Shantung,music,chinese,UNKNOWN,0,82,http://live.xmcdn.com/live/2716/64.m3u8,reachable,200,application/vnd.apple.mpegurl,application/vnd.apple.mpegurl,2026-01-15T04:35:18Z,http://www.yantaitv.cn/
1570,cfffc0a9-4ed2-4983-b739-737fd768965d,BRTV北京城市广播,Beijing,information,chinese,UNKNOWN,0,82,https://brtv-radiolive.rbc.cn/alive/fm1073.m3u8,reachable,200,application/x-mpegURL,application/x-mpegURL,2026-01-15T05:17:04Z,https://www.brtv.org.cn/
1571,fd88f086-055d-48dd-86ef-e403d690e28d,临沂综合广播,Shantung,news,chinese,MP3,0,82,https://lhttp.qtfm.cn/live/3992/64k.mp3,reachable,200,audio/mpeg,audio/mpeg,2026-01-15T06:29:43Z,https://www.ilinyi.net/
1572,e020e342-c7d8-4c1d-ad99-a5b2ce1c3907,士兵突击,,soldiers sortie,chinese,MP3,0,82,https://stream.zeno.fm/vs4zinqldp2vv,unreachable,,,连接失败: timed out,2026-01-15T02:25:53Z,https://zeno.fm/radio/shibing
1573,9cdda0a4-2b71-11ea-aa0c-52543be04c81,大兴区人民广播电台,Beijing,"lifestyle,music",chinese,MP3,0,82,http://lhttp.qingting.fm/live/5021739/64k.mp3,reachable,200,audio/mpeg,audio/mpeg,2026-01-14T23:18:26Z,https://weibo.com/u/5240001978
1574,36fc81fa-ac1f-4646-bc8f-70061455f3af,河北农民广播,Hopei,agriculture,chinese,UNKNOWN,0,82,https://radio.pull.hebtv.com/live/hebnczx.m3u8,reachable,200,application/vnd.apple.mpegurl,application/vnd.apple.mpegurl,2026-01-15T05:27:18Z,https://www.hebtv.com/
1575,e623bd68-5f40-495c-a724-5194d6c85ee1,浙江民生资讯广播,Chekiang,entertainment,chinese,UNKNOWN,0,83,http://ali-m-l.cztv.com/channels/lantian/fm996/128k.m3u8,reachable,200,application/x-mpegURL,application/x-mpegURL,2026-01-15T02:17:46Z,http://www.cztv.com/
1576,81dd53f4-058d-4acb-9d3c-64ce416e7c05,河南网络格莱美音乐台 Grammy Radio,,music,chinese,MP3,128,83,http://stream3.hndt.com/now/yorSd1X2/playlist.m3u8,reachable,200,application/vnd.apple.mpegurl,application/vnd.apple.mpegurl,2026-01-15T07:50:50Z,http://www.hndt.com/
1577,1ad18435-55b4-4b29-9b86-8c80edc52765,安徽生活广播,Anhwei,"auto,entertainment,music,traffic",chinese,MP3,0,83,http://lhttp.qingting.fm/live/1948/64k.mp3,reachable,200,audio/mpeg,audio/mpeg,2026-01-15T07:04:00Z,https://www.ahrtv.cn/
1578,4b6fbe1a-2c0b-4690-9c41-db0db7cc3881,南宁综合广播,Kwangsi,news,chinese,MP3,0,83,https://lhttp.qtfm.cn/live/20358/64k.mp3,reachable,200,audio/mpeg,audio/mpeg,2026-01-15T03:04:28Z,http://www.nntv.cn/
1579,4df3d030-79b0-437c-b7f9-eafb5ae00a5a,廊坊戏曲广播·飞扬105,Hopei,music,chinese,MP3,0,83,http://lhttp.qingting.fm/live/20211678/64k.mp3,reachable,200,audio/mpeg,audio/mpeg,2026-01-15T02:32:41Z,http://www.lfnrtv.com/
1580,daaf68f7-b7a3-4449-ac91-ac1f4a0a725d,Hk,,,,AAC,70,83,https://rthkradiocnrhk-live.akamaized.net/hls/live/2046111/radiocnrhk/master.m3u8,reachable,200,application/x-mpegURL,application/x-mpegURL,2026-01-14T22:54:06Z,https://rthkradiocnrhk-live.akamaized.net/
1581,062d7cc6-4bb2-11e8-a4d1-52543be04c81,Shangyu News TV,Chekiang,"chekiang,hls video",chinese,UNKNOWN,0,83,http://l.cztvcloud.com/channels/lantian/SXshangyu1/720p.m3u8,reachable,200,application/x-mpegURL,application/x-mpegURL,2026-01-14T23:31:23Z,http://www.sybtv.com/
1582,9201ac87-4043-4073-abb3-df1a16959078,江夏女主播电台,Hupei,"music,oldies",chinese,MP3,0,83,http://lhttp.qingting.fm/live/5022716/64k.mp3,reachable,200,audio/mpeg,audio/mpeg,2026-01-14T23:48:52Z,https://www.qingting.fm/radios/5022716
1583,c1dd2897-bd81-40e0-b2c8-94984a590375,大连体育广播,Dalian,sports news,chinese,MP3,0,84,http://lhttp.qingting.fm/live/1085/64k.mp3,reachable,200,audio/mpeg,audio/mpeg,2026-01-15T00:29:52Z,http://www.dltv.cn/
1584,0a437125-8b85-4698-9810-e5ae4a4d8e52,江西文艺音乐广播,Kiangsi,music,chinese,MP3,0,84,https://lhttp.qtfm.cn/live/1802/64k.mp3,reachable,200,audio/mpeg,audio/mpeg,2026-01-15T01:03:21Z,https://www.jxntv.cn/
1585,81555fd1-7120-4f63-89ee-e1d552784c27,哈尔滨电视台 都市资讯频道,,"tv,哈尔滨,哈尔滨电视台,地方台,本地,生活,电视,电视伴音,都市",chinese,UNKNOWN,32,85,http://stream.hrbtv.net/zxpd/playlist.m3u8,reachable,200,application/vnd.apple.mpegurl,application/vnd.apple.mpegurl,2026-01-15T05:09:57Z,
1586,4bd1c5b9-f994-44bc-802c-68bc040b122c,徐州新闻综合广播,Kiangsu,news,chinese,MP3,0,85,https://lhttp.qingting.fm/live/4922/64k.mp3,reachable,200,audio/mpeg,audio/mpeg,2026-01-15T00:04:28Z,http://www.xzgd.com/
1587,ad67262c-5aa1-4131-8df9-b12d2ee94d83,曹县人民广播电台,Shantung,news,chinese,MP3,0,85,http://lhttp.qingting.fm/live/5022340/64k.mp3,reachable,200,audio/mpeg,audio/mpeg,2026-01-15T03:39:23Z,http://hezesjt.qingk.cn/information-list/arbscbffdsfasoqaxcvudowoewvwecot/36a13db957b1e9db8bae952c996c6bbf
1588,289cf6b5-318d-4176-b91d-6732fc007db4,佛山南海广播,Kwangtung,music,cantonese,UNKNOWN,0,85,https://radiopull.radiofoshan.com.cn/live/1400820947_BSID_42_audio.m3u8,reachable,200,application/vnd.apple.mpegurl,application/vnd.apple.mpegurl,2026-01-15T08:42:10Z,https://www.radiofoshan.com.cn/
1589,a54230e2-3f61-4a64-b70d-31ee2ba9d2ae,我的音乐分享,,,chinese,MP3,0,86,https://stream.zeno.fm/fgbm7mgdjucvv,unreachable,,,连接失败: timed out,2026-01-15T05:03:36Z,https://zeno.fm/radio/wo-de-yin-le-fen-xiang/
1590,f2ec451a-c607-4fd9-9a6b-a05bb98e7138,广东卫视伴音,Kwangtung,tv,chinese,UNKNOWN,0,86,https://piccpndali.v.myalicdn.com/audio/guangdong_2.m3u8,reachable,200,application/x-mpegURL,application/x-mpegURL,2026-01-15T05:14:22Z,https://www.gdtv.cn/
1591,cbab4a48-fe0c-4670-ad28-4919573fb0cd,千里之外,,,chinese,UNKNOWN,400,86,https://cd-live-stream.news.cctvplus.com/live/smil:CHANNEL1.smil/playlist.m3u8,reachable,200,application/vnd.apple.mpegurl,application/vnd.apple.mpegurl,2026-01-14T23:54:34Z,http://www.ocj.com.cn/
1592,4ad8d252-751d-11e9-af37-52543be04c81,青岛老年广播,Shantung,lifestyle,chinese,MP3,0,86,http://lhttp.qingting.fm/live/4956/64k.mp3,reachable,200,audio/mpeg,audio/mpeg,2026-01-15T06:14:42Z,http://wap.qtv.com.cn/
1593,4680581a-2cc3-4cba-a340-f5da03899d7e,海南民生广播,Hainan,"news,public radio",chinese,MP3,0,86,http://lhttp.qingting.fm/live/21243/64k.mp3,reachable,200,audio/mpeg,audio/mpeg,2026-01-15T01:50:53Z,http://www.hnntv.cn/
1594,a30a00ca-2b41-430e-b737-8f92d61bd247,扬中人民广播电台,Kiangsu,"music,news",chinese,UNKNOWN,0,86,http://live.xmcdn.com/live/2645/64.m3u8,reachable,200,application/vnd.apple.mpegurl,application/vnd.apple.mpegurl,2026-01-15T08:27:56Z,http://m.yzxw.com/
1595,e826269f-751c-11e9-af37-52543be04c81,青岛音乐•体育广播,Shantung,"music,pop music",chinese,MP3,0,86,http://lhttp.qingting.fm/live/1677/64k.mp3,reachable,200,audio/mpeg,audio/mpeg,2026-01-15T07:35:30Z,http://wap.qtv.com.cn/
1596,79b4bfdd-a35b-4ddc-9c98-2745ff86eac3,深圳龙岗星光991,,,,MP3,0,87,https://lhttp.qingting.fm/live/20160/64k.mp3,reachable,200,audio/mpeg,audio/mpeg,2026-01-14T22:54:10Z,https://www.fmshiting.com/radio/szlgdt.html#comments
1597,189d86d1-95ef-4d2b-98d6-ce7577c70395,Bridge Radio - 华语 HITS （2）,Dalian,"music,oldies","cantonese,chinese",AAC+,320,87,https://das-edge14-live365-dal02.cdnstream.com/a57743_2,reachable,200,audio/aacp,audio/aacp,2026-01-15T04:15:07Z,https://new.brg-radio.com/
1598,7dcd67af-38d4-4b5f-8330-9a6882b65faa,广州青少年广播,Kwangtung,"hits,music,pop,rock",chinese,UNKNOWN,0,87,http://live.xmcdn.com/live/259/64.m3u8,reachable,200,application/vnd.apple.mpegurl,application/vnd.apple.mpegurl,2026-01-15T03:13:35Z,https://www.gztv.com/
1599,f6e6b747-97f1-498b-abd9-24955c036068,临沂文艺广播,Shantung,entertainment,chinese,MP3,0,88,https://lhttp.qtfm.cn/live/3995/64k.mp3,reachable,200,audio/mpeg,audio/mpeg,2026-01-15T06:09:44Z,https://www.ilinyi.net/
1600,eaf6472c-7148-49bf-8089-a890080db392,主內真生命,,天主,chinese,MP3,128,88,https://stream.tligradio.org/listen/chinese/radio.mp3,reachable,200,audio/mpeg,audio/mpeg,2026-01-15T04:07:10Z,https://superradio.cc/
1601,935da57a-f1fe-407e-9d65-f0d58bc36792,滨海文艺广播,Tientsin,"crosstalk,culture",chinese,AAC+,64,88,http://traffic.jbh.tjbh.com/live/FM101.7/playlist.m3u8,reachable,200,application/vnd.apple.mpegurl,application/vnd.apple.mpegurl,2026-01-15T03:18:28Z,https://a.app.qq.com/o/simple.jsp?pkgname=com.pdmi.binhai.media&fromcase=40003
1602,5ced7037-8bb6-4970-9019-7014d331f196,河南网络广播·爵士FM,Honan,jazz,chinese,MP3,128,88,http://stream3.hndt.com/now/p16uWRAi/playlist.m3u8,reachable,200,application/vnd.apple.mpegurl,application/vnd.apple.mpegurl,2026-01-15T08:26:33Z,http://www.hndt.com/
1603,83149f05-4182-45c5-8e6b-81a27eff133e,福建交通广播,Fukien,"100.7,100.7 fm",chinese,MP3,0,88,https://lhttp.qtfm.cn/live/1733/64k.mp3,reachable,200,audio/mpeg,audio/mpeg,2026-01-15T06:36:23Z,http://www.fjtv.net/
1604,cc16cf64-38aa-11ea-8dd7-52543be04c81,开封音乐广播,Honan,music,chinese,MP3,0,89,http://lhttp.qingting.fm/live/4569/64k.mp3,reachable,200,audio/mpeg,audio/mpeg,2026-01-15T03:43:13Z,http://www.kftv.net.cn/
1605,75e931ea-ce7c-4fdb-bf3f-c26cd10833bb,幻想乡电台Gensokyo Radio,Liaoning,"anime,anime radio,music,touhou,辽宁广播电视台",japanese,MP3,128,89,https://stream.gensokyoradio.net/1,reachable,200,audio/mpeg,audio/mpeg,2026-01-15T04:14:02Z,https://gensokyoradio.net/
1606,7907971e-3989-4a0f-9945-0ab48c4fffc0,乌鲁木齐维语广播,Sinkiang,"news,public radio",uyghur,MP3,0,89,https://lhttp.qtfm.cn/live/1923/64k.mp3,reachable,200,audio/mpeg,audio/mpeg,2026-01-14T22:54:04Z,http://www.xjutv.com/
1607,235b8a91-0bed-4e9b-80d5-41bd8099df3a,金堂人民广播电台,Szechuan,golden music,chinese,MP3,0,89,http://lhttp.qingting.fm/live/20211686/64k.mp3,reachable,200,audio/mpeg,audio/mpeg,2026-01-15T05:29:20Z,http://m.yybnet.net/chengdu/jintang/
1608,6c1f80e9-aac5-4c59-b7e8-16743a02650d,河南教育广播,Honan,"children,classic hits,educational",chinese,AAC,64,90,https://stream.hndt.com/live/jiaoyu/playlist.m3u8,reachable,200,application/vnd.apple.mpegurl,application/vnd.apple.mpegurl,2026-01-15T03:23:20Z,http://www.hndt.com/
1609,a816434f-ba86-11e8-aaf2-52543be04c81,Kiangsu News Radio,Kiangsu,,chinese,UNKNOWN,0,90,http://lzlive.vojs.cn/5Fo8mMX/92/live.m3u8,reachable,200,application/vnd.apple.mpegurl,application/vnd.apple.mpegurl,2026-01-15T08:11:01Z,http://www.vojs.cn/
1610,da1f8ebc-aadc-43c1-b432-df8953598089,石家庄综合广播,Hopei,news,chinese,MP3,0,90,http://lhttp.qingting.fm/live/1652/64k.mp3,reachable,200,audio/mpeg,audio/mpeg,2026-01-15T04:34:41Z,http://www.sjzntv.cn/
1611,bbf759be-1a54-4c46-b4eb-71995af299d0,"Phate Radio 飛特電台 - anime, games and pop",,"anime,music",chinese,MP3,192,90,https://phate.io/listen,reachable,200,audio/mpeg,audio/mpeg,2026-01-14T23:27:48Z,https://phate.io/
1612,bf0ea42d-17b0-4e95-8ddc-5ad4f4da5208,山西文艺广播,Shansi,entertainment,chinese,UNKNOWN,2560,90,http://radiolive.sxrtv.com/live/wenyi.m3u8,reachable,200,application/vnd.apple.mpegurl,application/vnd.apple.mpegurl,2026-01-15T04:22:03Z,http://www.sxrtv.com/radio/
1613,a7418958-67ff-40ae-a298-8b6651086fdc,CNR-16 中国乡村之声,,agriculture,chinese,UNKNOWN,0,90,http://satellitepull.cnr.cn/live/wxxczs/playlist.m3u8?wsSession=91f6d734b85656e7f586e4ea-174708860424584&wsIPSercert=29f90b67755e3a4646651f7aa8eb5fd6,reachable,200,application/x-mpegurl,application/x-mpegurl,2026-01-14T23:25:56Z,http://country.cnr.cn/
1614,67d2cff1-ffa4-4a6a-afb9-fc68fc12d736,河南影视广播,Honan,"90.0,90.0 fm,music,myradio,myradio 90.0,oldies,pop",chinese,AAC,64,90,https://stream.hndt.com/live/yingshi/playlist.m3u8,reachable,200,application/vnd.apple.mpegurl,application/vnd.apple.mpegurl,2026-01-15T03:25:25Z,http://www.hndt.com/
1615,b6b6797e-2430-4c83-83fa-a0f1fdef0d91,杭州市广播电视台西湖之声,Chekiang,entertainment,chinese,MP3,0,90,https://lhttp.qtfm.cn/live/1163/64k.mp3,reachable,200,audio/mpeg,audio/mpeg,2026-01-14T23:28:27Z,https://www.hoolo.tv/
1616,57eb7a99-643c-4a6e-8750-d3ff1771eed0,哈尔滨音乐广播,黑龙江,"music,pop",chinese,UNKNOWN,50,91,https://stream.hrbtv.net/yypl/playlist.m3u8,unreachable,,,连接失败: [SSL: CERTIFICATE_VERIFY_FAILED] certificate verify failed: unable to get local ,2026-01-15T03:31:40Z,https://www.hrbtv.net/
1617,91028306-ba8b-11e8-aaf2-52543be04c81,Kiangsu Literature & Art Radio,Kiangsu,,chinese,UNKNOWN,0,92,http://lzlive.vojs.cn/pL6NkZo/92/live.m3u8,reachable,200,application/vnd.apple.mpegurl,application/vnd.apple.mpegurl,2026-01-15T00:01:33Z,http://www.vojs.cn/
1618,346be08a-3a56-428f-a0ef-885ad60c2920,郑州音乐广播,Honan,music,chinese,MP3,0,93,https://lhttp.qtfm.cn/live/4921/64k.mp3,reachable,200,audio/mpeg,audio/mpeg,2026-01-15T02:03:43Z,http://www.zzradio.cn/
1619,3aee926a-e3b9-4026-ac47-29ad2c369830,哈尔滨交通广播,Amur River,traffic,,UNKNOWN,66,94,https://stream.hrbtv.net/jtpl/playlist.m3u8,unreachable,,,连接失败: [SSL: CERTIFICATE_VERIFY_FAILED] certificate verify failed: unable to get local ,2026-01-14T22:54:03Z,https://www.hrbtv.net/
1620,390a9e5a-ab41-44b9-82e8-1f1878e4a7af,湖南卫视伴音,Hunan,"entertainment,music,tv",chinese,UNKNOWN,0,95,http://satellitepull.cnr.cn/live/wx32hunws/playlist.m3u8?wsSession=5047841c34cc76f1a161d1fe-174718229204467&wsIPSercert=29f90b67755e3a4646651f7aa8eb5fd6,reachable,200,application/x-mpegurl,application/x-mpegurl,2026-01-15T06:05:37Z,https://www.mgtv.com/show/?hk=p69ci
1621,f7455472-8017-4e3e-be8a-1e2104404346,上海长三角之声广播 FM89.9,Shanghai,,chinese,MP3,0,95,https://lhttp-hw.qtfm.cn/live/275/64k.mp3,reachable,200,audio/mpeg,audio/mpeg,2026-01-15T05:40:20Z,https://www.smg.cn/review/index.html
1622,836f1c67-501b-423e-9c6b-75ae15ca0130,郫都综合广播亚洲音乐965,Szechuan,"hd,music,pop",chinese,AAC+,192,95,http://asiafm.vip:8000/fm965,reachable,200,audio/aacp,audio/aacp,2026-01-15T07:24:21Z,http://www.asiafm.net/index.php#page1
1623,9e4dc08f-5792-4382-aeb2-af7fdc9b3fef,苏州生活广播,Kiangsu,"lifestyle,literature",chinese,MP3,0,95,http://lhttp.qingting.fm/live/2801/64k.mp3,reachable,200,audio/mpeg,audio/mpeg,2026-01-15T06:37:06Z,http://www.csztv.com/
1624,8e07dc4b-44d6-41df-aea0-2a74eda9bc6b,湖南交通广播,Hunan,music,chinese,UNKNOWN,0,95,http://a.live.hnradio.com/jtpd/radio120k_jtpd.m3u8?auth_key=1588751155-0-0-301d7e28868eff70a72edf5e4569b546,reachable,200,application/vnd.apple.mpegurl,application/vnd.apple.mpegurl,2026-01-15T06:23:20Z,http://www.hnradio.com/
1625,a57ef618-fd25-11e8-a1be-52543be04c81,襄阳综合广播,Hupei,"news,public radio",chinese,UNKNOWN,0,97,http://ls.qingting.fm/live/1307.m3u8,reachable,200,application/vnd.apple.mpegurl,application/vnd.apple.mpegurl,2026-01-15T05:21:40Z,http://www.xyrtv.com/
1626,a3afccc6-1c20-4c75-9f9c-fc4671045f59,江苏财经广播,Kiangsu,economics,chinese,UNKNOWN,0,97,http://lzlive.vojs.cn/caijing/92/live.m3u8?,reachable,200,application/vnd.apple.mpegurl,application/vnd.apple.mpegurl,2026-01-14T23:51:52Z,http://www.vojs.cn/
1627,4996275f-751c-11e9-af37-52543be04c81,青岛文艺广播,Shantung,entertainment,chinese,MP3,0,97,http://lhttp.qingting.fm/live/1675/64k.mp3,reachable,200,audio/mpeg,audio/mpeg,2026-01-15T08:02:56Z,http://wap.qtv.com.cn/
1628,486bded3-bda4-11e8-aaf2-52543be04c81,Shantung Music Radio,Shantung,,chinese,UNKNOWN,0,97,http://ls.qingting.fm/live/1665.m3u8,reachable,200,application/vnd.apple.mpegurl,application/vnd.apple.mpegurl,2026-01-15T07:51:27Z,http://www.sdtv.cn/
1629,44fbcc1f-c631-4607-ba0e-0cd178d36de0,江西故事广播,Kiangsi,"electronic,hits,music,pop,潮台969",chinese,MP3,0,98,https://lhttp.qtfm.cn/live/20500092/64k.mp3,reachable,200,audio/mpeg,audio/mpeg,2026-01-15T07:59:53Z,https://www.jxntv.cn/
1630,8d76c7b1-2ade-4603-be38-44c41e44d12b,大同新闻综合广播,Shansi,news,chinese,MP3,0,99,http://lhttp.qingting.fm/live/20211690/64k.mp3,reachable,200,audio/mpeg,audio/mpeg,2026-01-15T00:57:53Z,http://www.dtradio.com.cn/
1631,a01ba6df-8d52-4488-a0cc-fb0a76177837,CCTV-9纪录伴音,,"culture,documentary,science,tv",chinese,UNKNOWN,0,99,https://piccpndali.v.myalicdn.com/audio/cctv9_2.m3u8,reachable,200,application/x-mpegURL,application/x-mpegURL,2026-02-10T06:50:11Z,https://tv.cctv.com/cctv9/
1632,89ab8a96-2067-4bf1-968c-20f7cf192836,(无名电台@www.fqxww.cn),,,chinese,UNKNOWN,800,99,https://vip1.fhbf9.com/20210705/63Zb2fOi/index.m3u8,reachable,200,application/vnd.apple.mpegURL,application/vnd.apple.mpegURL,2026-01-15T05:40:20Z,https://www.fqxww.cn/
1633,6e93c0ed-2919-11ea-aa0c-52543be04c81,武汉交通广播·武汉市应急广播电台,Hupei,music,chinese,UNKNOWN,0,100,http://ls.qingting.fm/live/4665.m3u8,reachable,200,application/vnd.apple.mpegurl,application/vnd.apple.mpegurl,2026-01-15T00:05:50Z,http://www.whbc.com.cn/
1634,d09dc899-4d3e-47f1-abca-6553b0cefa06,苏州交通经济广播,Kiangsu,"music,traffic",chinese,MP3,0,100,http://lhttp.qingting.fm/live/2806/64k.mp3,reachable,200,audio/mpeg,audio/mpeg,2026-01-15T06:56:27Z,http://www.csztv.com/
1635,51ff0c65-86bf-444d-abc4-9bd3318ee4b7,包头交通广播,Inner Mongolia,"music,traffic",chinese,MP3,0,100,https://lhttp.qingting.fm/live/1890/64k.mp3,reachable,200,audio/mpeg,audio/mpeg,2026-01-15T07:21:49Z,http://www.btgdt.com/
1636,b8cd99d2-efcb-11e8-a471-52543be04c81,河北私家车广播,Hopei,hopei,chinese,UNKNOWN,0,100,http://ls.qingting.fm/live/4868.m3u8,reachable,200,application/vnd.apple.mpegurl,application/vnd.apple.mpegurl,2026-01-15T03:56:47Z,http://www.hebtv.com/
1637,8aded719-a287-41dc-b27b-44bde0c3db0f,上海天气台,Shanghai,"information,internet radio,local weather,weather,weather radio",chinese,MP3,0,100,https://lhttp.qtfm.cn/live/20500176/64k.mp3,reachable,200,audio/mpeg,audio/mpeg,2026-01-15T04:25:41Z,http://www.ajmide.com/home/contact.html
1638,0d20fc69-95b7-4ef0-85c0-882a1c54243f,济南文艺广播,Shantung,music,chinese,MP3,0,101,http://lhttp.qingting.fm/live/1670/64k.mp3,reachable,200,audio/mpeg,audio/mpeg,2026-01-15T07:35:30Z,http://www.ijntv.cn/
1639,d5bbb304-0fbd-4663-a37b-2eb7427d6c32,Heart FM冰城102.6·哈尔滨古典音乐广播,黑龙江,"classical,music,pop",chinese,UNKNOWN,48,101,https://stream.hrbtv.net/gdpl/playlist.m3u8,unreachable,,,连接失败: [SSL: CERTIFICATE_VERIFY_FAILED] certificate verify failed: unable to get local ,2026-01-15T03:39:23Z,https://www.hrbtv.net/
1640,a689044c-ebce-4049-8aba-a52d74f4b84c,兵团之声,Sinkiang,full service,chinese,MP3,0,102,https://lhttp.qtfm.cn/live/5022410/64k.mp3,reachable,200,audio/mpeg,audio/mpeg,2026-01-14T23:34:04Z,https://www.btzx.com.cn/
1641,7d81e6eb-88a4-4674-a03b-4873576f73e8,广东珠江之声,,lifestyle,"cantonese,chinese",UNKNOWN,0,102,http://ls.qingting.fm/live/470.m3u8,reachable,200,application/vnd.apple.mpegurl,application/vnd.apple.mpegurl,2026-01-15T04:07:10Z,https://www.gdtv.cn/audioChannelDetail/98
1642,c06b59ff-2e93-4805-83c6-22c35ce5a7ac,CMG环球资讯广播,,,,UNKNOWN,0,102,https://sk.cri.cn/905.m3u8,reachable,200,application/vnd.apple.mpegurl,application/vnd.apple.mpegurl,2026-01-14T22:54:07Z,https://newsradio.cri.cn/
1643,db96324a-97d0-11e9-a605-52543be04c81,郑州人民广播电台 音乐广播,Honan,,chinese,MP3,0,102,http://lhttp.qingting.fm/live/4921/64k.mp3,reachable,200,audio/mpeg,audio/mpeg,2026-01-15T06:33:03Z,http://www.zzradio.cn/
1644,561b1893-622a-480c-889b-25a91429c2e1,南京新闻综合广播,Kiangsu,full service,chinese,UNKNOWN,0,102,http://hls.njgb.com/live_hls/1/playlist.m3u8,reachable,200,application/x-mpegURL,application/x-mpegURL,2026-01-15T07:08:10Z,http://www.njgb.com/
1645,c18ee93a-e736-435e-832a-5af16c7d3da4,沈阳新闻广播,Liaoning,news,chinese,MP3,0,103,http://lhttp.qingting.fm/live/20024/64k.mp3,reachable,200,audio/mpeg,audio/mpeg,2026-01-15T03:54:34Z,http://www.csytv.com/
1646,77f8567b-bf33-11e8-aaf2-52543be04c81,Changchi News Radio,Shansi,,chinese,MP3,0,103,http://lhttp.qingting.fm/live/5021874/64k.mp3,reachable,200,audio/mpeg,audio/mpeg,2026-01-15T01:19:59Z,http://www.czgd.cn/
1647,79af64fb-fa19-46b5-94fd-abd389800264,浙江新闻广播,Chekiang,"music,news",chinese,UNKNOWN,0,103,http://ali-m-l.cztv.com/channels/lantian/fm988/128k.m3u8,reachable,200,application/x-mpegURL,application/x-mpegURL,2026-01-15T04:34:00Z,http://www.cztv.com/
1648,df2c6c9f-38a6-41a0-8c6c-6b0b11872b3c,浙江经济广播,Chekiang,economics,chinese,UNKNOWN,0,103,http://ali-m-l.cztv.com/channels/lantian/fm95/128k.m3u8,reachable,200,application/x-mpegURL,application/x-mpegURL,2026-01-15T04:30:45Z,http://www.cztv.com/
1649,efdd6b48-abaa-4bd3-899a-d3e2e6f563e5,昆明汽车广播,Yunnan,,"chinese,mandarin",MP3,0,103,https://lhttp.qtfm.cn/live/1936/64k.mp3,reachable,200,audio/mpeg,audio/mpeg,2026-01-15T05:18:50Z,http://www.kunmingbc.com/
1650,6b2860e0-8253-4cf6-a834-4da7d0af7804,泉州交通广播,Fukien,music,chinese,MP3,0,104,https://lhttp.qingting.fm/live/15318189/64k.mp3,reachable,200,audio/mpeg,audio/mpeg,2026-01-15T04:54:13Z,https://www.qztv.cn/
1651,6207a6c4-6285-4946-a522-3e2a17563b49,台州音乐广播,Chekiang,"fashion,music",chinese,MP3,0,104,https://lhttp.qingting.fm/live/1144/64k.mp3,reachable,200,audio/mpeg,audio/mpeg,2026-01-15T05:42:32Z,http://www.576tv.com/
1652,e3d3e9ed-8a07-4b29-a815-7f0237c79fb0,测试3,,,chinese,UNKNOWN,0,105,https://piccpndali.v.myalicdn.com/audio/xianggangweishi_2.m3u8,reachable,200,application/x-mpegURL,application/x-mpegURL,2026-01-14T23:56:58Z,https://www.fqxww.cn/
1653,b1ac53da-6e94-41f4-95c1-fcd9bf1cc4a4,陕西音乐广播,Shensi,music,chinese,MP3,0,105,https://lhttp.qtfm.cn/live/4873/64k.mp3,reachable,200,audio/mpeg,audio/mpeg,2026-01-15T07:12:24Z,http://www.sxtvs.com/
1654,cd8ebd62-a542-48b0-82cd-eca8ffb639ee,九江年代音乐台,Kiangsi,golden oldies,chinese,MP3,0,105,https://lhttp.qingting.fm/live/20212210/64k.mp3,reachable,200,audio/mpeg,audio/mpeg,2026-01-15T02:34:36Z,http://www.jjntv.cn/
1655,d72a7082-444e-45c5-8344-e4b20523c9aa,徐州音乐广播,Kiangsu,music,chinese,MP3,0,105,https://lhttp.qingting.fm/live/4923/64k.mp3,reachable,200,audio/mpeg,audio/mpeg,2026-01-15T00:25:41Z,http://www.xzgd.com/login/Login.jsp?logintype=1
1656,20c8809b-166f-11ea-a620-52543be04c81,苏州儿童广播,Kiangsu,"children,educational",chinese,MP3,0,105,http://lhttp.qingting.fm/live/2807/64k.mp3,reachable,200,audio/mpeg,audio/mpeg,2026-01-15T04:16:44Z,http://www.csztv.cn/
1657,66dfe4d0-7c51-11ea-8a3b-52543be04c81,铜山县人民广播电台FM94.2,Kiangsu,music,chinese,MP3,0,106,http://lhttp.qingting.fm/live/15318160/64k.mp3,reachable,200,audio/mpeg,audio/mpeg,2026-01-14T23:24:32Z,https://www.hnyh777.com/
1658,5cdac42d-4c58-4632-88ab-afba5353b833,辽宁都市广播,Liaoning,life,chinese,MP3,0,106,https://lhttp.qtfm.cn/live/1099/64k.mp3?app,reachable,200,audio/mpeg,audio/mpeg,2026-01-15T05:01:43Z,http://www.csytv.com/
1659,b96cc577-d480-439f-a0a1-333d2a704507,伊犁维语广播,Sinkiang,news,uyghur,MP3,0,106,http://lhttp.qingting.fm/live/5022688/64k.mp3,reachable,200,audio/mpeg,audio/mpeg,2026-01-14T22:54:03Z,http://m.ylxw.com.cn/
1660,862094e3-c8be-40cf-a11e-4418c053bff6,CAS美国经典艺术展播,,,english,UNKNOWN,0,106,https://classicarts.akamaized.net/hls/live/1024257/CAS/master_480p30.m3u8,reachable,200,application/x-mpegURL,application/x-mpegURL,2026-01-15T04:25:41Z,https://www.classicartsshowcase.org/
1661,b330c36c-c117-4362-9681-9df3cb8d5c0a,江苏金陵之声,Kiangsu,entertainment,chinese,UNKNOWN,0,106,http://lzlive.vojs.cn/Hd2hIgM/92/live.m3u8?,reachable,200,application/vnd.apple.mpegurl,application/vnd.apple.mpegurl,2026-01-15T03:52:28Z,http://www.vojs.cn/
1662,40b42da2-a339-4491-8061-eee4025bf6bb,济南新闻综合广播,Shantung,news,chinese,MP3,0,107,https://lhttp.qtfm.cn/live/1667/64k.mp3,reachable,200,audio/mpeg,audio/mpeg,2026-01-15T06:37:06Z,https://www.ijntv.cn/
1663,df6054f5-bcba-4849-acc6-f0fe22a30594,河北综合广播,Hopei,news,chinese,UNKNOWN,0,107,https://radio.pull.hebtv.com/live/hebzh.m3u8,reachable,200,application/vnd.apple.mpegurl,application/vnd.apple.mpegurl,2026-01-15T03:49:38Z,https://www.hebtv.com/
1664,5d302620-d5e2-4d0b-9388-801f8fb050f3,济南经济广播,Shantung,"business,information,storytelling,talk",chinese,MP3,0,107,https://lhttp.qtfm.cn/live/1668/64k.mp3,reachable,200,audio/mpeg,audio/mpeg,2026-01-15T00:29:53Z,http://jnradio.ijntv.cn/fm909/
1665,8a2646bd-4c94-4c7e-8cea-71d54fb0f279,河南网络广播·摇滚天空台,Honan,"music,rock",chinese,MP3,128,107,http://stream3.hndt.com/now/SXJtR4M4/playlist.m3u8,reachable,200,application/vnd.apple.mpegurl,application/vnd.apple.mpegurl,2026-01-15T03:09:18Z,http://www.hndt.com/
1666,911fd725-f18d-11e8-a471-52543be04c81,Hotse Music Radio,Shantung,,chinese,UNKNOWN,0,107,http://live.hznet.tv:1935/live/live918/32K/tzwj_video.m3u8,reachable,200,application/vnd.apple.mpegurl,application/vnd.apple.mpegurl,2026-01-15T05:05:52Z,http://www.hznet.tv/
1667,93bfca91-d775-4811-866f-d39613e99239,包头综合广播,Inner Mongolia,,chinese,MP3,0,108,https://lhttp.qingting.fm/live/1889/64k.mp3,reachable,200,audio/mpeg,audio/mpeg,2026-01-15T08:05:02Z,http://www.btgdt.com/
1668,8bcd92c2-ab19-4ff3-b9cf-9edf29211219,哈尔滨音乐广播,Amur River,music,chinese,UNKNOWN,50,108,https://stream.hrbtv.net/yypl/playlist.m3u8,unreachable,,,连接失败: [SSL: CERTIFICATE_VERIFY_FAILED] certificate verify failed: unable to get local ,2026-01-15T08:15:25Z,https://www.hrbtv.net/
1669,11db0398-6c49-41f3-97c9-411cbc794dfa,CNR-15 中国交通广播,,"entertainment,information,lifestyle,music,traffic information",chinese,UNKNOWN,0,108,https://satellitepull.cnr.cn/live/wxzgjtgb/playlist.m3u8?wsSession=28e11e3debee46427a9d53dc-174908170190549&wsIPSercert=f7b6cfa8467acd0836b62cf14aa786d3,reachable,200,application/x-mpegurl,application/x-mpegurl,2026-01-15T03:14:10Z,https://www.cnr.cn/
1670,93689afc-0086-44b7-9bc5-0a213f0042db,增城人民广播电台,Kwangtung,news,cantonese,MP3,0,108,http://lhttp.qingting.fm/live/20211702/64k.mp3,reachable,200,audio/mpeg,audio/mpeg,2026-01-14T23:42:14Z,http://www.zctvs.com/
1671,aa666f87-166b-11ea-a620-52543be04c81,崂山921  听见好时光,Shantung,"music,pop music",chinese,MP3,0,108,http://lhttp.qingting.fm/live/20212426/64k.mp3,reachable,200,audio/mpeg,audio/mpeg,2026-01-15T00:55:05Z,http://wap.qtv.com.cn/
1672,1050e80d-8d23-4727-a014-6249f1e86e9d,广西综合广播,Kwangsi,"news,test",chinese,UNKNOWN,0,109,https://stream.bbrtv.com:10443/hls/sIoyCf1Gg/sIoyCf1Gg_live.m3u8,reachable,200,application/vnd.apple.mpegurl,application/vnd.apple.mpegurl,2026-01-15T02:06:33Z,https://stream.bbrtv.com/?channelId=27
1673,e4281440-aec0-402e-a73d-4168d11c32bc,河南卷卷猫电台,Honan,"children,education",chinese,MP3,0,109,http://lhttp.qingting.fm/live/20500038/64k.mp3,reachable,200,audio/mpeg,audio/mpeg,2026-01-15T03:29:48Z,http://www.hndt.com/
1674,84139b19-58ba-43a4-b133-c577f1cfa522,测试8,,,chinese,MP3,32,109,https://s1-fmt2.liveatc.net/vhhh5?nocache=2022041008372197157,reachable,200,audio/mpeg,audio/mpeg,2026-01-15T00:45:39Z,https://www.fqxww.cn/
1675,28840851-dab7-44ab-99ee-1ce667546e43,温州音乐之声,Chekiang,music,chinese,MP3,0,109,https://lhttp.qtfm.cn/live/1149/64k.mp3,reachable,200,audio/mpeg,audio/mpeg,2026-01-15T08:26:33Z,http://www.wztv.cn/
1676,8c01c5ad-99f0-4b71-bbd5-aaa11404fa7a,CETV-4伴音,,,chinese,UNKNOWN,0,109,https://piccpndali.v.myalicdn.com/audio/cetv4_2.m3u8,reachable,200,application/x-mpegURL,application/x-mpegURL,2026-01-15T00:29:13Z,http://www.centv.cn/
1677,077abc54-66f4-4bc0-ab24-e2b0d438417a,山东乡村广播,Shantung,"agriculture,culture",chinese,UNKNOWN,221,109,http://audiolive302.iqilu.com/sdradioXiangcun/sdradio06/playlist.m3u8,reachable,200,application/x-mpegurl,application/x-mpegurl,2026-01-15T02:35:55Z,http://www.iqilu.com/
1678,75937e84-474a-4e02-b976-63c83ccbbc0e,泉州新闻综合广播,Fukien,news,chinese,MP3,0,110,https://lhttp.qingting.fm/live/15318346/64k.mp3,reachable,200,audio/mpeg,audio/mpeg,2026-01-15T00:27:30Z,https://www.qztv.cn/
1679,409bb05d-3dae-4ccf-b29a-a6950cd6c8f4,江苏文艺广播,Kiangsu,"culture,entertainment",chinese,UNKNOWN,0,110,http://lzlive.vojs.cn/pL6NkZo/92/live.m3u8?,reachable,200,application/vnd.apple.mpegurl,application/vnd.apple.mpegurl,2026-01-15T00:18:06Z,http://www.vojs.cn/
1680,1f82bb17-81da-491a-a8ea-ee7342ffe948,舞迷心窍,Honan,dance,chinese,MP3,320,110,http://stream3.hndt.com/now/WBhgSD3A/playlist.m3u8,reachable,200,application/vnd.apple.mpegurl,application/vnd.apple.mpegurl,2026-01-15T02:32:41Z,http://www.hndt.com/
1681,c0c84956-2af4-430e-a969-c75302a6dae4,河南网络星河音乐台,,"music,oldies",chinese,AAC,64,111,http://stream.hndt.com/live/1061/playlist.m3u8,reachable,200,application/vnd.apple.mpegurl,application/vnd.apple.mpegurl,2026-01-15T05:17:04Z,http://www.hndt.com/
1682,aeb1fa8e-14a5-11e9-a80b-52543be04c81,长沙品味音乐广播,Hunan,music,chinese,MP3,0,112,http://lhttp.qingting.fm/live/4930/64k.mp3,reachable,200,audio/mpeg,audio/mpeg,2026-01-14T23:25:16Z,http://www.csbtv.com/
1683,47881417-36f8-4fe0-ab6a-c6e5cf2d1a58,太原音乐广播,Shansi,music,chinese,MP3,0,112,https://lhttp.qingting.fm/live/1185/64k.mp3,reachable,200,audio/mpeg,audio/mpeg,2026-01-15T00:18:06Z,http://ty.cutv.com/
1684,99ace9a5-fb19-4f3d-99b6-0976d4a18bd9,清远交通音乐广播,Kwangtung,music,chinese,MP3,0,114,http://lhttp.qingting.fm/live/20500067/64k.mp3,reachable,200,audio/mpeg,audio/mpeg,2026-01-15T02:22:41Z,http://www.0763f.com/
1685,44273505-c52e-48aa-8069-2cfbf070d470,安徽综合广播,Anhwei,news,chinese,MP3,0,115,https://lhttp.qtfm.cn/live/4919/64k.mp3,reachable,200,audio/mpeg,audio/mpeg,2026-01-14T23:56:14Z,http://www.ahrtv.cn/
1686,1b4acdcb-c3fb-4b10-8da2-4cf1b3eaa184,青海卫视伴音,Tsinghai,,chinese,UNKNOWN,0,115,https://piccpndali.v.myalicdn.com/audio/qinghai_2.m3u8,reachable,200,application/x-mpegURL,application/x-mpegURL,2026-01-14T23:54:34Z,http://www.qhbtv.com/
1687,d3a63a00-1f19-45d2-918b-cc7288f235ef,珠海交通875·环保经济广播,Kwangtung,news,chinese,MP3,0,116,http://lhttp.qingting.fm/live/1275/64k.mp3,reachable,200,audio/mpeg,audio/mpeg,2026-01-15T02:39:23Z,http://www.n21.cc/
1688,d9cadca2-1ca3-4205-b983-f75d41436277,Bridge Radio - 华语 HITS,Dalian,"music,oldies","cantonese,chinese",AAC+,320,117,https://das-edge11-live365-dal03.cdnstream.com/a57743_2,reachable,200,audio/aacp,audio/aacp,2026-01-15T07:03:15Z,https://new.brg-radio.com/
1689,6678ee03-a9fb-48c2-9ca7-e13c7e0ae2d5,全国党员干部现代远程教育,,public radio,chinese,UNKNOWN,900,117,https://12371wbndks.v.kcdnvip.com/12371wbnd/dangyuanwang_2/index.m3u8,reachable,200,application/vnd.apple.mpegurl,application/vnd.apple.mpegurl,2026-01-15T00:49:40Z,https://dygbjy.12371.cn/
1690,bd463c3d-4c75-483a-9ffc-03b486397c22,江西广播电视台新闻广播,Kiangsi,news,chinese,MP3,0,117,http://lhttp.qingting.fm/live/1809/64k.mp3,reachable,200,audio/mpeg,audio/mpeg,2026-01-15T06:17:03Z,http://www.jxntv.cn/
1691,ff4cde12-7513-11e9-af37-52543be04c81,无锡音乐广播,Kiangsu,,chinese,MP3,0,118,http://lhttp.qingting.fm/live/2779/64k.mp3,reachable,200,audio/mpeg,audio/mpeg,2026-01-15T07:56:58Z,http://btv.thmz.com/
1692,5034b349-1878-46e2-ad65-208809d70975,广西交通广播,Kwangsi,"100.3,100.3 fm,traffic radio broadcast",chinese,UNKNOWN,0,118,https://stream.bbrtv.com:10443/hls/scGbVLJGR/scGbVLJGR_live.m3u8,reachable,200,application/vnd.apple.mpegurl,application/vnd.apple.mpegurl,2026-01-15T07:21:49Z,https://stream.bbrtv.com/?channelId=27
1693,d872fc0c-f978-4295-924c-ccdb565d8b95,廊坊交通长书广播,Hopei,news,chinese,MP3,0,119,http://lhttp.qingting.fm/live/3948/64k.mp3,reachable,200,audio/mpeg,audio/mpeg,2026-01-15T05:27:18Z,http://www.lfnrtv.com/
1694,8bb437c1-7ee5-4811-9afc-2a1c6b214a36,BRTV北京交通广播,Beijing,traffic radio broadcast,chinese,UNKNOWN,0,119,https://brtv-radiolive.rbc.cn/alive/fm1039.m3u8,reachable,200,application/x-mpegURL,application/x-mpegURL,2026-01-15T03:31:41Z,https://www.brtv.org.cn/
1695,da2ae6be-f867-4a2e-9755-695fad80c38e,福建新闻综合广播,Fukien,103.6,chinese,MP3,0,119,https://lhttp.qtfm.cn/live/1731/64k.mp3,reachable,200,audio/mpeg,audio/mpeg,2026-01-15T05:50:37Z,http://www.fjtv.net/
1696,95ad11ab-923d-48ea-bc07-f26f15632d11,石家庄音乐广播,Hopei,music,chinese,MP3,0,119,http://lhttp.qingting.fm/live/1654/64k.mp3,reachable,200,audio/mpeg,audio/mpeg,2026-01-15T02:32:41Z,http://www.sjzntv.cn/
1697,a11a6322-f533-4a9e-9d0b-6f14906b433c,廊坊综合广播,Hopei,news,chinese,MP3,0,120,https://lhttp.qingting.fm/live/3948/64k.mp3,reachable,200,audio/mpeg,audio/mpeg,2026-01-15T05:58:02Z,http://www.lfnrtv.com/
1698,c1f03973-7e62-463e-8110-169c64837017,郑州新闻综合广播,Honan,news,chinese,MP3,0,120,https://lhttp.qtfm.cn/live/1220/64k.mp3,reachable,200,audio/mpeg,audio/mpeg,2026-01-15T04:44:02Z,http://www.zzradio.cn/
1699,8c3ce068-b407-4d1e-bd2f-4c6d5c971c0c,石家庄交通广播,Hopei,traffic,chinese,MP3,0,120,http://lhttp.qingting.fm/live/1655/64k.mp3,reachable,200,audio/mpeg,audio/mpeg,2026-01-15T02:50:58Z,http://www.sjzntv.cn/
1700,60c8cc81-b926-4c06-8f29-56a86aa0ff91,陕西新闻广播,Shensi,news,chinese,MP3,0,120,https://lhttp.qtfm.cn/live/1600/64k.mp3,reachable,200,audio/mpeg,audio/mpeg,2026-01-15T01:06:06Z,http://www.snrtv.com/
1701,40531f0d-14a5-11e9-a80b-52543be04c81,长沙交通广播,Hunan,,chinese,MP3,0,121,http://lhttp.qingting.fm/live/3967/64k.mp3,reachable,200,audio/mpeg,audio/mpeg,2026-01-15T01:12:02Z,http://www.csbtv.com/
1702,2cb331c4-ce9e-4a97-8e4e-a6f0bee4f722,贵州卫视伴音,Kweichow,,chinese,UNKNOWN,0,122,https://piccpndali.v.myalicdn.com/audio/guizhou_2.m3u8,reachable,200,application/x-mpegURL,application/x-mpegURL,2026-01-15T04:36:26Z,https://www.gzstv.com/
1703,a98b7b71-738f-4ca9-bb88-2b16d07aff43,重庆都市广播,Chungking,"93.8,entertainment",chinese,MP3,0,122,https://lhttp.qtfm.cn/live/1502/64k.mp3,reachable,200,audio/mpeg,audio/mpeg,2026-01-15T00:29:13Z,https://www.cbg.cn/
1704,99a740fa-ae76-4c55-9359-dac5db58f1a5,花都人民广播电台,Kwangtung,"music,news",cantonese,MP3,0,124,https://lhttp.qingting.fm/live/1263/64k.mp3,reachable,200,audio/mpeg,audio/mpeg,2026-01-15T05:03:36Z,https://www.huadu.gov.cn/hdzx/hdxw/mindex.html
1705,a9e478a3-b033-4f29-87a1-986be284a46f,河北文艺广播,Hopei,literature,chinese,UNKNOWN,0,124,https://radio.pull.hebtv.com/live/hebwy.m3u8,reachable,200,application/vnd.apple.mpegurl,application/vnd.apple.mpegurl,2026-01-15T03:03:48Z,https://www.hebtv.com/
1706,92691215-b7eb-42f8-812a-3484562071f4,有线直播新闻台,,,,AAC,308,125,http://cm61-10-2-143.hkcable.com.hk/live_freedirect/hd110_h.live/playlist.m3u8,reachable,200,application/vnd.apple.mpegurl,application/vnd.apple.mpegurl,2026-01-14T22:54:04Z,http://www.cabletv.com.hk/ct/
1707,f7fab6a3-9af0-4070-ab00-40049db517d7,韩国音乐台,,"music,pop",korean,MP3,0,125,https://stream.zeno.fm/r0tbse9jnbptv,unreachable,,,连接失败: timed out,2026-01-15T01:52:51Z,https://zeno.fm/radio/kpop-music-ueuu/
1708,af63fa32-f76a-4ca8-b0f2-bb4f8d1f4687,哈尔滨电视台 新闻综合频道,黑龙江,"tv,地方台,新闻,电视,电视伴音,综合",chinese,UNKNOWN,600,126,http://stream.hrbtv.net/xwzh/playlist.m3u8,reachable,200,application/vnd.apple.mpegurl,application/vnd.apple.mpegurl,2026-01-15T05:15:03Z,
1709,470a069f-a284-4f62-8d66-5ce2b8f0a3a7,华藏净宗弘化网网络念佛堂,,"buddhism,religion",chinese,UNKNOWN,0,126,https://vod.amtb.de/liveedge/_definst_/smil:amtb.smil/chunklist_b828000.m3u8,reachable,200,application/vnd.apple.mpegurl,application/vnd.apple.mpegurl,2026-01-15T02:35:55Z,https://www.hwadzan.tv/
1710,456b636c-793b-4c20-9c02-6b2d6396d0b9,山东体育休闲广播（2）,Shantung,sports,chinese,UNKNOWN,225,126,http://audiolive302.iqilu.com/sdradioTiyu/sdradio08/playlist.m3u8,reachable,200,application/x-mpegurl,application/x-mpegurl,2026-01-15T06:29:43Z,http://www.iqilu.com/
1711,dd44011d-3a95-4c23-a794-55dbcbce834d,哈尔滨电视台 影视频道,黑龙江,"tv,哈尔滨,哈尔滨电视台,地方台,影视,电影,电视,电视伴音,电视剧",chinese,UNKNOWN,700,127,http://stream.hrbtv.net/yspd/playlist.m3u8,reachable,200,application/vnd.apple.mpegurl,application/vnd.apple.mpegurl,2026-01-15T05:00:15Z,
1712,8443d8df-434f-4469-8e55-e2ae19b2d646,CETV-2伴音,,,chinese,UNKNOWN,0,127,https://piccpndali.v.myalicdn.com/audio/cetv2_2.m3u8,reachable,200,application/x-mpegURL,application/x-mpegURL,2026-01-15T06:29:04Z,http://www.centv.cn/
1713,d396c819-ee14-4b79-8005-00545f225c6f,Chinese Classical Music Online Radio,,classical music,,MP3,128,128,https://radio.chinesemusicworld.com/chinesemusic.mp3,reachable,200,audio/mpeg,audio/mpeg,2026-01-14T22:54:07Z,https://chinesemusicworld.com/
1714,4861c34f-d2bc-11e9-a861-52543be04c81,山西广播电视台故事广播,Shansi,literature,chinese,MP3,0,128,http://lhttp.qingting.fm/live/5022511/64k.mp3,reachable,200,audio/mpeg,audio/mpeg,2026-01-15T00:28:14Z,http://www.sxrtv.com/
1715,d58fe75b-b590-4dc6-858f-24f2dcd466a3,CETV-3伴音,,,chinese,UNKNOWN,0,128,https://piccpndali.v.myalicdn.com/audio/cetv3_2.m3u8,reachable,200,application/x-mpegURL,application/x-mpegURL,2026-01-15T02:29:06Z,http://www.centv.cn/
1716,e04a5e36-a6f4-4673-8dd4-1983e5a44002,圣大解脱经,,"buddhism,religion",chinese,MP3,0,129,https://stream.zeno.fm/qu29gyku968uv,unreachable,,,连接失败: timed out,2026-01-15T05:35:49Z,https://zeno.fm/radio/shengda-jtj/
1717,af8e3901-ac54-4d3b-adb0-9db3e9b4e7bf,有线新闻台,,,,AAC,308,129,http://cm61-10-2-143.hkcable.com.hk/live_freedirect/freehd209_h.live/playlist.m3u8,reachable,200,application/vnd.apple.mpegurl,application/vnd.apple.mpegurl,2026-01-14T22:54:04Z,http://www.cabletv.com.hk/ct/
1718,e18a1d86-7c54-11ea-8a3b-52543be04c81,长春经济广播U FM88.0,jilin,music,chinese,MP3,0,130,http://lhttp.qingting.fm/live/4850/64k.mp3,reachable,200,audio/mpeg,audio/mpeg,2026-01-15T06:22:11Z,http://www.chinactv.com/
1719,e8fb18a0-a3de-43be-a444-27409cc6d317,CCTV1,,,,UNKNOWN,8200,130,http://8.138.7.223/%E3%80%90%E5%85%AC%E4%BC%97%E5%8F%B7%EF%BC%9A%E6%A6%B4%E8%8A%92%E7%94%B5%E8%A7%86%E3%80%91/cctv1.m3u8,reachable,200,application/vnd.apple.mpegurl,application/vnd.apple.mpegurl,2026-01-14T22:54:12Z,http://8.138.7.223/%E3%80%90%E5%85%AC%E4%BC%97%E5%8F%B7%EF%BC%9A%E6%A6%B4%E8%8A%92%E7%94%B5%E8%A7%86%E3%80%91/cctv1.m3u8
1720,a484359d-8d6c-40a7-8a42-bc352594e8ee,厦门经济交通广播,Fukien,lifestyle,chinese,MP3,0,131,http://lhttp.qingting.fm/live/1738/64k.mp3,reachable,200,audio/mpeg,audio/mpeg,2026-01-15T06:00:01Z,https://2020.xmtv.cn/
1721,c1e9b8db-6f73-4d6f-be89-f5c1a4e834c7,Tiktok网络电台-英语频道,Hunan,music,chinese,MP3,0,131,https://stream.zeno.fm/advmk81bu68uv,unreachable,,,连接失败: timed out,2026-01-15T02:50:58Z,https://www.mcbngroup.com/
1722,5fcfc390-1c67-482d-8261-f050b07d06ee,重庆私家车广播,chongqing,综合,chinese,UNKNOWN,0,132,http://ls.qingting.fm/live/1502.m3u8,reachable,200,application/vnd.apple.mpegurl,application/vnd.apple.mpegurl,2026-01-15T03:47:10Z,http://fm938.com.cn/
1723,911ac1b6-28be-405c-8889-c555e8d8cfb1,京津冀之声,,"100.6,100.6 fm,information",chinese,MP3,0,132,https://lhttp.qtfm.cn/live/5022463/64k.mp3,reachable,200,audio/mpeg,audio/mpeg,2026-01-15T05:01:43Z,https://www.rbc.cn/
1724,cc70846f-6af6-496a-94c7-330d60f4a2a3,体坛速听,,"information,sport,sports",chinese,MP3,0,133,https://lhttp.qtfm.cn/live/20500171/64k.mp3,reachable,200,audio/mpeg,audio/mpeg,2026-01-15T07:50:50Z,http://www.ajmide.com/
1725,2a4cd0b1-ab65-4dae-925f-a1141f1b8036,新疆交通广播,Sinkiang,traffic radio broadcast,chinese,MP3,0,135,https://lhttp.qtfm.cn/live/1910/64k.mp3,reachable,200,audio/mpeg,audio/mpeg,2026-01-15T08:44:42Z,http://www.xjtvs.com.cn/
1726,5b84eb29-b5fb-412f-8292-e3e3da1675af,CRI南海之声,Hainan,"international,public radio",chinese,UNKNOWN,0,137,http://sk.cri.cn/nhzs.m3u8,reachable,200,application/vnd.apple.mpegurl,application/vnd.apple.mpegurl,2026-01-15T04:13:13Z,http://vscs.cri.cn/
1727,15b3f8fb-dd33-4c0e-a0c2-ee98399c7faa,CCTV-6电影频道伴音,,"film,movie,tv",chinese,UNKNOWN,0,137,https://piccpndali.v.myalicdn.com/audio/cctv6_2.m3u8,reachable,200,application/x-mpegURL,application/x-mpegURL,2026-02-10T07:05:16Z,https://www.1905.com/
1728,abed049c-9c63-4b11-bdf1-07495564f2a6,大连音乐广播,Dalian,"children,music",chinese,MP3,0,138,http://lhttp.qingting.fm/live/1084/64k.mp3,reachable,200,audio/mpeg,audio/mpeg,2026-01-14T23:24:32Z,http://www.dltv.cn/
1729,95a79112-a32a-4fd8-b7f5-dc0b4a6921c0,AsiaFM郫都区综合广播,Szechuan,"96.5,96.5 fm,music,pop,亚洲音乐96.5",chinese,MP3,0,138,https://lhttp.qingting.fm/live/4581/64k.mp3?,reachable,200,audio/mpeg,audio/mpeg,2026-01-15T01:42:04Z,http://www.asiafm.cn/
1730,9b65c68a-d411-475d-8cd9-7b5840b09ee0,海南新闻广播,Hainan,news,chinese,MP3,0,138,http://lhttp.qingting.fm/live/1861/64k.mp3,reachable,200,audio/mpeg,audio/mpeg,2026-01-15T02:58:06Z,http://www.hnntv.cn/
1731,e07fb62f-19cf-4395-9294-2bd0d50e2221,成都潮台,四川,"88.7,国家台,成都,流行音乐,音乐",chinese,UNKNOWN,0,138,https://live.ximalaya.com/radio-first-page-app/live/2781/64.m3u8,reachable,200,application/vnd.apple.mpegurl,application/vnd.apple.mpegurl,2026-01-15T03:40:39Z,https://superradio.cc/
1732,ef5a00a5-3ce5-42e2-a2cc-6678a7b9039e,CNR-15 中国交通广播,,traffic,chinese,UNKNOWN,0,138,https://ngcdn002.cnr.cn/live/gsgljtgb/index.m3u8,reachable,200,application/vnd.apple.mpegurl,application/vnd.apple.mpegurl,2026-01-15T08:38:09Z,http://www.cnr.cn/
1733,f067ee72-b81e-11e8-aaf2-52543be04c81,Canton News Radio,Kwangtung,,cantonese,UNKNOWN,0,138,http://ls.qingting.fm/live/4848.m3u8,reachable,200,application/vnd.apple.mpegurl,application/vnd.apple.mpegurl,2026-01-15T04:42:03Z,http://www.gztv.com/
1734,bde119da-1282-4e50-bb92-3907e3092a95,陕西交通广播,Shensi,traffic radio broadcast,chinese,MP3,0,139,https://lhttp.qtfm.cn/live/1601/64k.mp3,reachable,200,audio/mpeg,audio/mpeg,2026-01-15T06:20:33Z,http://www.sxtvs.com/
1735,d701a19f-0a79-41ee-b2e3-6c0bccf39751,NUGS-China Radio,,,chinese,MP3,0,140,https://stream.zeno.fm/ftap1exq6k8uv,unreachable,,,连接失败: timed out,2026-01-15T03:43:13Z,https://zeno.fm/radio/nugschina-radio/
1736,0ef0a7c4-efcb-11e8-a471-52543be04c81,河北旅游广播Hopei Travel Radio,Hopei,travel,chinese,UNKNOWN,0,141,http://ls.qingting.fm/live/1651.m3u8,reachable,200,application/vnd.apple.mpegurl,application/vnd.apple.mpegurl,2026-01-15T04:44:38Z,http://www.hebtv.com/
1737,687338c5-1d9f-4965-a4a0-8ced888bf532,三亚天涯之声,Hainan,"music,traffic",chinese,MP3,0,141,http://lhttp.qingting.fm/live/20450/64k.mp3,reachable,200,audio/mpeg,audio/mpeg,2026-01-15T04:34:41Z,http://www.zaity.tv/
1738,8a3cafec-88d1-4990-932a-4b410b83dc1c,烟台经典音乐广播,Shantung,"music,oldies",chinese,MP3,0,141,http://lhttp.qingting.fm/live/20500097/64k.mp3,reachable,200,audio/mpeg,audio/mpeg,2026-01-15T06:46:22Z,http://www.yantaitv.cn/
1739,9d06d030-d629-4219-931e-cd03fa7240fc,山西交通广播,Shansi,"m3u8,public radio,traffic",chinese,UNKNOWN,2560,141,http://radiolive.sxrtv.com/live/jiaotong.m3u8,reachable,200,application/vnd.apple.mpegurl,application/vnd.apple.mpegurl,2026-01-15T07:49:33Z,http://www.sxrtv.com/radio/
1740,e0289f0b-333a-4289-b92d-8ab4c2bc8510,崇州年代音乐1022,Szechuan,"music,oldies",chinese,MP3,0,142,http://lhttp.qingting.fm/live/20500066/64k.mp3?,reachable,200,audio/mpeg,audio/mpeg,2026-01-15T03:39:23Z,https://www.qingting.fm/radios/20500066
1741,88508e6b-657c-41e6-8407-b73969a1c7b7,Fred Film Radio - 普通话,,电影,chinese,MP3,128,142,https://s10.webradio-hosting.com/proxy/fredradiocn/stream/;,reachable,200,audio/mpeg,audio/mpeg,2026-01-15T00:53:11Z,https://global.superradio.cc/
1742,cfa42f8d-4457-474b-872d-40772992c27b,主内真生命,,"christian,religion",chinese,MP3,128,143,https://stream.tligradio.org/listen/chinese/radio.mp3,reachable,200,audio/mpeg,audio/mpeg,2026-01-15T06:01:29Z,http://www.tlig.tw/index_tw.php
1743,e3000cbd-7464-11e9-af37-52543be04c81,FM89.8烟台汽车音乐广播,Shantung,"music,pop",chinese,MP3,0,144,http://lhttp.qingting.fm/live/5022382/64k.mp3,reachable,200,audio/mpeg,audio/mpeg,2026-01-15T00:04:28Z,http://mpsjt.qingk.cn/
1744,8ccd1dac-751c-11e9-af37-52543be04c81,青岛交通广播,Shantung,public radio,chinese,MP3,0,144,http://lhttp.qingting.fm/live/1676/64k.mp3,reachable,200,audio/mpeg,audio/mpeg,2026-01-15T05:25:40Z,http://wap.qtv.com.cn/
1745,51554084-57ff-4177-a811-5a1a7c1fb49c,上海浦东FM106.5东上海之声,Shanghai,news,chinese,MP3,0,144,http://lhttp.qingting.fm/live/21355/64k.mp3,reachable,200,audio/mpeg,audio/mpeg,2026-01-15T05:05:13Z,https://www.pudongtv.cn/
1746,e8b1a9b6-ed43-41e4-b808-039400fdbfd1,青岛故事广播,Shantung,"old age,银色年华",chinese,UNKNOWN,0,144,http://video10.qtv.com.cn/zhibogsgb/manifest.m3u8,reachable,200,application/vnd.apple.mpegurl,application/vnd.apple.mpegurl,2026-01-15T02:49:44Z,http://www.qtv.com.cn/
1747,b2ba5a08-e2e4-4578-832c-bc5c1980cdd6,浙江新闻频道,Chekiang,news,chinese,UNKNOWN,0,144,http://ali-vl.cztv.com/channels/lantian/channel007/360p.m3u8,reachable,200,application/x-mpegURL,application/x-mpegURL,2026-01-15T02:11:33Z,http://www.cztv.com/
1748,5f135b1f-d27d-11e9-a861-52543be04c81,天津静海区广播电台,Tientsin,pop music,chinese,MP3,0,145,http://lhttp.qingting.fm/live/20212227/64k.mp3,reachable,200,audio/mpeg,audio/mpeg,2026-01-15T04:58:11Z,http://tjtv.enorth.com.cn/
1749,75d7715b-fe7c-4de7-aad8-8518c987b52e,健康广播,,,chinese,MP3,0,145,https://lhttp-hw.qtfm.cn/live/20470/64k.mp3,reachable,200,audio/mpeg,audio/mpeg,2026-01-15T00:18:06Z,https://www.jkwshk.tv/
1750,92cc7cf0-a692-4b43-bbae-933429de078b,辽宁广播电视台都市广播,Liaoning,lifestyle,chinese,MP3,0,145,http://lhttp.qingting.fm/live/1099/64k.mp3,reachable,200,audio/mpeg,audio/mpeg,2026-01-15T01:28:23Z,http://www.lntv.com.cn/
1751,7be5ab8a-720f-4561-a3ae-0717a5190a47,上海新闻广播 FM93.4 AM990,Shanghai,,chinese,MP3,0,148,https://lhttp-hw.qtfm.cn/live/270/64k.mp3,reachable,200,audio/mpeg,audio/mpeg,2026-01-15T00:50:24Z,https://www.smg.cn/review/index.html
1752,21bbd28e-1ee0-4cd0-b246-393e66e632b1,南京音乐广播,Kiangsu,music,chinese,UNKNOWN,0,148,http://live.xmcdn.com/live/71/64.m3u8,reachable,200,application/vnd.apple.mpegurl,application/vnd.apple.mpegurl,2026-01-15T07:08:10Z,http://www.njgb.com/
1753,ed2cc553-e526-4388-a113-d3b5d062e58f,长沙音乐广播,Hunan,"88.6,88.6 fm,folk,hits,music,pop",chinese,MP3,0,148,https://lhttp.qtfm.cn/live/20847/64k.mp3,reachable,200,audio/mpeg,audio/mpeg,2026-01-15T04:14:02Z,https://www.csbtv.com/
1754,96653f00-59ed-4ecb-9682-bc5fd55f8b92,安徽戏曲广播,Anhwei,"folk,music,opera",chinese,MP3,0,149,https://lhttp.qtfm.cn/live/1952/64k.mp3,reachable,200,audio/mpeg,audio/mpeg,2026-01-15T07:56:58Z,http://www.ahrtv.cn/
1755,df5fe256-5b8f-44fa-8094-3ce8c9bce076,湖南音乐之声,Hunan,"89.3,89.3 fm,music,pop",chinese,UNKNOWN,0,149,http://a.live.hnradio.com/yypd/radio120k_yypd.m3u8?auth_key=1588751172-0-0-d97b858279c1c86650172b9913ea4af2,reachable,200,application/vnd.apple.mpegurl,application/vnd.apple.mpegurl,2026-01-15T00:57:53Z,http://www.hnradio.com/
1756,2dc37d69-8501-11e9-aa30-52543be04c81,深圳龙岗频道,Kwangtung,music,chinese,MP3,0,150,http://lhttp.qingting.fm/live/20160/64k.mp3,reachable,200,audio/mpeg,audio/mpeg,2026-01-15T01:56:33Z,http://www.szmg.com.cn/
1757,9cf33af8-c9f4-4838-a7b0-f2cf57d435ab,华藏净宗弘化网悟道法师,,,chinese,UNKNOWN,0,151,https://js1.amtb.cn/liveedge/_definst_/wdmaster/chunklist.m3u8,unreachable,,,连接失败: timed out,2026-01-15T05:09:14Z,https://www.hwadzan.tv/
1758,4260076d-e6d9-4e49-a3b2-d554f4cb0a7e,济南音乐广播,Shantung,"hits,indie,music,pop,rock",chinese,MP3,0,151,https://lhttp.qtfm.cn/live/1671/64k.mp3,reachable,200,audio/mpeg,audio/mpeg,2026-01-14T23:31:23Z,http://www.music887.com/
1759,58314387-40dc-4733-b094-a7bb4a7bee1a,(无名电台@www.fqxww.cn),,,chinese,UNKNOWN,800,151,https://vip1.fhbf9.com/20210705/eoQxrzxS/index.m3u8,reachable,200,application/vnd.apple.mpegURL,application/vnd.apple.mpegURL,2026-01-15T07:42:27Z,https://www.fqxww.cn/
1760,424cdc54-39a1-4994-9a0e-4f008b301ec6,China Plus,,,,UNKNOWN,0,151,https://sk.cri.cn/am846.m3u8,reachable,200,application/vnd.apple.mpegurl,application/vnd.apple.mpegurl,2026-01-14T22:54:04Z,https://chinaplus.cri.cn/
1761,57fd87ee-4583-4432-8a15-81415743c7b8,河南天籁之音,Honan,music,chinese,AAC,64,151,http://stream.hndt.com/live/gudian/playlist.m3u8,reachable,200,application/vnd.apple.mpegurl,application/vnd.apple.mpegurl,2026-01-15T04:44:02Z,http://www.hndt.com/
1762,6bbdc0b4-c170-4f13-87e6-2ac944b25842,_Wawa Radio 101.2 FM,成都,"dance,hardcore,mixed","chinese,english",MP3,256,151,https://xn--tmz.xn--6frz82g/streams,unreachable,,,连接失败: _ssl.c:1015: The handshake operation timed out,2026-01-15T02:07:59Z,https://xn--tmz.xn--6frz82g/
1763,b09047c9-8d8c-4a68-aee0-c04aa22944c1,Fm891线上音乐台,,"internet radio,music,pop music",chinese,MP3,0,151,https://lhttp.qtfm.cn/live/20500215/64k.mp3,reachable,200,audio/mpeg,audio/mpeg,2026-01-15T08:12:44Z,https://www.fm891.net/
1764,acbeaef9-17d7-498f-ace0-dfbb78caa430,CNR-3 音乐之声,,music,chinese,UNKNOWN,0,152,https://satellitepull.cnr.cn/live/wxyyzs/playlist.m3u8?wsSession=28e11e3debee46427a9d53dc-174908117055114&wsIPSercert=f7b6cfa8467acd0836b62cf14aa786d3,reachable,200,application/x-mpegurl,application/x-mpegurl,2026-01-14T23:49:40Z,https://www.cnr.cn/
1765,b95d71a1-19ad-46b7-80db-570ee94b1761,河南新闻广播,Honan,news,chinese,AAC,64,152,https://stream.hndt.com/live/xinwen/playlist.m3u8,reachable,200,application/vnd.apple.mpegurl,application/vnd.apple.mpegurl,2026-01-15T04:38:30Z,http://www.hndt.com/
1766,7f1ccba3-9fa0-4636-afc1-91ac4d8f8cf5,Chinese Classical Music (Ogg stream),Beijing,"classical,instrumental,traditional","chinese,english",OGG,0,153,https://radio.chinesemusicworld.com/chinesemusic.ogg,reachable,200,application/ogg,application/ogg,2026-01-15T06:51:37Z,https://chinesemusicworld.com/
1767,2b15c723-9cbc-421b-a703-81c8e8b974f4,他她说：EP.3 读本书吧《百岁人生》,,"播客,聊天,职场,读书,谈话",chinese,MP3,0,153,https://media.xyzcdn.net/nnkLT7Qx1QNOjB362KOst5vwjYzl.mp3,reachable,200,audio/mpeg,audio/mpeg,2026-01-15T02:44:03Z,https://superradio.cc/
1768,2fb2daa2-7271-4b9d-a3f2-31a3598829df,아리랑모바일방송,Jilin,lifestyle,korean,MP3,0,155,https://lhttp.qingting.fm/live/5022144/64k.mp3,reachable,200,audio/mpeg,audio/mpeg,2026-01-15T06:02:43Z,http://www.yanji.tv/
1769,998ad534-15b1-4f5a-99e6-f1932664924d,辽宁交通广播,Liaoning,information,chinese,MP3,0,157,https://lhttp.qtfm.cn/live/20025/64k.mp3,reachable,200,audio/mpeg,audio/mpeg,2026-01-15T05:15:03Z,http://www.lntv.cn/
1770,d157ba7f-c998-42a2-b2ea-972a02f7610f,栾城怀旧金曲965,Hopei,"music,oldies",chinese,MP3,0,157,http://lhttp.qingting.fm/live/5022038/64k.mp3?,reachable,200,audio/mpeg,audio/mpeg,2026-01-15T00:50:24Z,https://www.qingting.fm/radios/5022038/
1771,a3f544d3-d25b-489d-a511-a921f1d6abbd,欢乐调频107.1,Hopei,"crosstalk,entertainment,literature",chinese,MP3,0,157,http://lhttp.qingting.fm/live/15318317/64k.mp3,reachable,200,audio/mpeg,audio/mpeg,2026-01-15T00:00:55Z,http://m.hdbs.cn/
1772,2f44f436-9768-4198-bb79-9611754d4062,CETV-1伴音,,,chinese,UNKNOWN,0,157,https://piccpndali.v.myalicdn.com/audio/cetv1_2.m3u8,reachable,200,application/x-mpegURL,application/x-mpegURL,2026-01-15T08:25:39Z,http://www.centv.cn/
1773,fb2c0d82-2cee-4b19-98ff-c02d0659bd78,中国药科大学广播电台,,,chinese,MP3,0,158,https://stream.zeno.fm/fk6yq08hx38uv,unreachable,,,连接失败: timed out,2026-01-15T02:32:41Z,https://zeno.fm/radio/cpu-radio/
1774,764588ab-2f5b-4733-b32d-c16592010a43,CNR-3 音乐之声,,,chinese,MP3,0,158,http://antiserver.kuwo.cn/anti.s?rid=MUSIC_190038250&response=res&format=mp3|aac&type=convert_url&br=128kmp3&agent=iPhone&callback=getlink&jpcallback=getlink.mp3,reachable,200,audio/mpeg,audio/mpeg,2026-01-15T05:58:02Z,http://china.cnr.cn/
1775,7cbdb65f-be6a-43fa-88b9-1048aaa4796d,无印良品BGM精选,Dalian,instrumental,chinese,MP3,0,158,https://stream.zeno.fm/brv193g9468uv,unreachable,,,连接失败: timed out,2026-01-15T05:28:38Z,https://www.muji.com.cn/
1776,a3d3ffe7-bd9e-11e8-aaf2-52543be04c81,Alxa Mongolian Radio,Inner Mongolia,,mongolian,MP3,0,158,http://lhttp.qingting.fm/live/5022555/64k.mp3,reachable,200,audio/mpeg,audio/mpeg,2026-01-15T02:02:21Z,http://www.artv.net.cn/
1777,15c1eb79-8055-42b8-a130-21e5a410b0b1,华藏净宗弘化网多元文化台,,,chinese,AAC,935,160,https://js1.amtb.cn/liveedge/_definst_/education/playlist.m3u8,unreachable,,,连接失败: timed out,2026-01-15T07:08:10Z,https://www.hwadzan.tv/
1778,598d4b07-238a-437a-9d4e-bb26215f4385,厦门音乐广播,Fukien,music,chinese,MP3,0,161,https://lhttp.qtfm.cn/live/1739/64k.mp3,reachable,200,audio/mpeg,audio/mpeg,2026-01-15T01:49:53Z,https://www.xmtv.cn/
1779,c3f90fc1-fca9-43c4-8e0e-f14cb372391c,CNR-10 老年之声,,"lifestyle,old age,old school",chinese,UNKNOWN,0,162,http://satellitepull.cnr.cn/live/wxlnzs/playlist.m3u8?wsSession=b560e2b8d5c24aef0be2a5c7-174709253203252&wsIPSercert=29f90b67755e3a4646651f7aa8eb5fd6,reachable,200,application/x-mpegurl,application/x-mpegurl,2026-01-15T05:34:16Z,http://old.cnr.cn/
1780,e62533b7-b404-433e-a388-26c5fc519002,安徽音乐广播,Anhwei,music,chinese,MP3,0,162,https://lhttp.qtfm.cn/live/1947/64k.mp3,reachable,200,audio/mpeg,audio/mpeg,2026-01-15T04:41:13Z,http://www.ahrtv.cn/
1781,dcb8a7da-dd8b-493b-a30a-b98278040570,河北汽车音乐台,Hopei,oldies,chinese,UNKNOWN,0,162,https://radio.pull.hebtv.com/live/hebqcyy.m3u8,reachable,200,application/vnd.apple.mpegurl,application/vnd.apple.mpegurl,2026-01-15T05:03:36Z,https://www.hebtv.com/
1782,34785bfd-f3ac-42f4-9228-aa43805ae7d3,500 Çin Altın Şarkısı,,,,UNKNOWN,0,162,http://ls.qingting.fm/live/3412131.m3u8?bitrate=64,reachable,200,application/vnd.apple.mpegurl,application/vnd.apple.mpegurl,2026-01-14T22:54:04Z,https://m.qingting.fm/
1783,8cf69c8e-0d32-4f6c-ac83-2e7c3acf4349,KBS韩国国际广播电台,Beijing,international,chinese,AAC,127,162,https://api.xmgspace.me/api/kbs-stream/,reachable,200,application/vnd.apple.mpegurl,application/vnd.apple.mpegurl,2026-03-10T01:46:48Z,https://kbsworld.kbs.co.kr/program/list.php
1784,2d6cedb1-97df-4e2e-a507-e1760b00524f,沧州长书文艺广播,Hopei,"music,沧州音乐广播",chinese,MP3,0,162,https://lhttp.qingting.fm/live/5021902/64k.mp3,reachable,200,audio/mpeg,audio/mpeg,2026-01-15T08:31:59Z,http://www.czgd.tv/
1785,0f9e7c52-1722-11ea-a620-52543be04c81,普宁人民广播电台,Kwangtung,news,chinese,MP3,0,163,http://lhttp.qingting.fm/live/5022527/64k.mp3,reachable,200,audio/mpeg,audio/mpeg,2026-01-15T07:25:32Z,http://www.gdpntv.com/
1786,872f73b9-4ffb-4e0f-9ee7-bb7aea2b3f6c,浙江城市之声,Chekiang,lifestyle,chinese,UNKNOWN,0,164,http://ali-m-l.cztv.com/channels/lantian/fm107/128k.m3u8,reachable,200,application/x-mpegURL,application/x-mpegURL,2026-01-15T06:00:01Z,http://www.cztv.com/
1787,e9a41c0f-2be3-4c63-9ea6-327d782dddd3,杭州音乐时尚广播,Chekiang,music,chinese,UNKNOWN,0,166,https://live.xmcdn.com/live/1845/64.m3u8,reachable,200,application/vnd.apple.mpegurl,application/vnd.apple.mpegurl,2026-01-15T05:42:32Z,https://www.hoolo.tv/
1788,d8789b63-0f93-486a-8d4e-7d7e0a571099,哈尔滨古典音乐广播,Amur River,"classical,music",chinese,UNKNOWN,48,168,https://stream.hrbtv.net/gdpl/playlist.m3u8,unreachable,,,连接失败: [SSL: CERTIFICATE_VERIFY_FAILED] certificate verify failed: unable to get local ,2026-01-15T04:44:38Z,https://www.hrbtv.net/
1789,08fe49be-7512-11e9-af37-52543be04c81,沈阳经典音乐广播,Liaoning,music,chinese,MP3,0,168,http://lhttp.qingting.fm/live/5022520/64k.mp3,reachable,200,audio/mpeg,audio/mpeg,2026-01-15T02:25:53Z,http://www.sjtgbdst.cn/
1790,f9536b16-7174-4bd0-bdff-64ff5aebcca8,安丘924(FM92.4),安丘市,综合,china,MP3,0,170,http://lhttp.qingting.fm/live/20212216/64k.mp3,reachable,200,audio/mpeg,audio/mpeg,2026-01-14T22:54:04Z,https://weibo.com/jinrianqiu?refer_flag=1005055013_
1791,c177b5ee-8500-11e9-aa30-52543be04c81,深圳综艺广播,Kwangtung,music,chinese,MP3,0,172,http://lhttp.qingting.fm/live/1271/64k.mp3,reachable,200,audio/mpeg,audio/mpeg,2026-01-15T07:48:14Z,http://www.szmg.com.cn/
1792,607c81fe-1537-4afa-bd1c-24f801db8d4c,涿州综合广播年代音乐959,Beijing,"95.9,95.9 fm,music,oldies",chinese,MP3,0,174,https://lhttp.qtfm.cn/live/5021381/64k.mp3,reachable,200,audio/mpeg,audio/mpeg,2026-01-15T06:56:27Z,http://bd.hebei.com.cn/zhuozhou/
1793,1f2578a2-7f72-4d13-9cf9-8ed161616134,湖北卫视伴音,,,chinese,UNKNOWN,0,174,https://piccpndali.v.myalicdn.com/audio/hubei_2.m3u8,reachable,200,application/x-mpegURL,application/x-mpegURL,2026-01-15T07:25:31Z,https://news.hbtv.com.cn/
1794,2e56033d-1662-4e4e-a080-1e0ea9abd102,CNR-2 经济之声,,economics,chinese,UNKNOWN,0,174,https://satellitepull.cnr.cn/live/wxjjzs/playlist.m3u8?wsSession=5849bb6c90cf7fc1a7e3eae9-174908108209742&wsIPSercert=f7b6cfa8467acd0836b62cf14aa786d3,reachable,200,application/x-mpegurl,application/x-mpegurl,2026-01-15T05:26:25Z,https://www.cnr.cn/
1795,7c4fb276-5340-4e47-8c1c-8cacae66f98a,中文课程朗读,Shantung,educational,chinese,MP3,0,176,https://stream.zeno.fm/rnxvrexlnajvv,unreachable,,,连接失败: timed out,2026-01-15T07:58:24Z,https://zeno.fm/radio/zhong-wen-ke-cheng-lang-du/
1796,5bdffec0-f96f-43c6-9305-693c971c2444,河北经济广播（故事广播）,Hopei,"culture,storytelling",chinese,UNKNOWN,0,177,https://radio.pull.hebtv.com/live/hebjj.m3u8,reachable,200,application/vnd.apple.mpegurl,application/vnd.apple.mpegurl,2026-01-15T08:33:25Z,https://www.hebtv.com/
1797,a9639794-7e5a-4d23-9b91-bfb8508aba05,湖南金鹰之声,hun,"information,music",chinese,UNKNOWN,0,178,http://a.live.hnradio.com/jypd/radio120k_jypd.m3u8?auth_key=1588751199-0-0-e412c6c15ca2bf1ad6f0833c2bd73bb2,reachable,200,application/vnd.apple.mpegurl,application/vnd.apple.mpegurl,2026-01-15T01:42:49Z,http://www.hnradio.com/
1798,1bb4cb7b-7cbd-4d0d-98de-efb8dd42f857,海上财经,,"economic,economics",chinese,MP3,0,178,https://lhttp.qtfm.cn/live/20500170/64k.mp3,reachable,200,audio/mpeg,audio/mpeg,2026-01-15T02:17:08Z,http://www.ajmide.com/
1799,fbe87d69-468a-4927-b721-d56d4a3ce539,山西音乐广播,Shansi,"m3u8,music",chinese,UNKNOWN,2560,178,http://radiolive.sxrtv.com/live/yinyue.m3u8,reachable,200,application/vnd.apple.mpegurl,application/vnd.apple.mpegurl,2026-01-15T01:44:13Z,http://www.sxrtv.com/radio/
1800,b77045b4-f44d-4a49-aed7-3aeb0cc02cbc,湖北经典音乐广播,Hupei,oldies,chinese,MP3,0,178,https://lhttp.qtfm.cn/live/1296/64k.mp3,reachable,200,audio/mpeg,audio/mpeg,2026-01-15T00:47:34Z,http://m.hbgbdst.com/
1801,31277967-37a7-4466-ba08-230bd8dc906b,中山综合广播·新锐967,Kwangtung,news,cantonese,MP3,0,180,https://lhttp.qingting.fm/live/1277/64k.mp3,reachable,200,audio/mpeg,audio/mpeg,2026-01-15T06:50:59Z,http://www.zsbtv.com.cn/
1802,e778bbe0-149e-11e9-a80b-52543be04c81,福州新闻广播,Fukien,"news,public radio",chinese,MP3,0,181,http://lhttp.qingting.fm/live/5025/64k.mp3,reachable,200,audio/mpeg,audio/mpeg,2026-01-15T04:28:20Z,http://www.zohi.tv/
1803,96c7720c-3164-46a4-8ca3-f44455a1e0be,华藏净宗弘化网净空老法师,,,chinese,UNKNOWN,0,181,https://vod.amtb.de/liveedge/_definst_/smil:livetv.smil/chunklist_b828000.m3u8,reachable,200,application/vnd.apple.mpegurl,application/vnd.apple.mpegurl,2026-01-15T04:32:06Z,https://www.hwadzan.tv/
1804,3e0b1ee2-17f3-46e5-b4e1-ea3bea8de349,江苏新闻综合广播,Kiangsu,"news,talk",chinese,UNKNOWN,0,181,http://lzlive.vojs.cn/rTyLc36/92/live.m3u8,reachable,200,application/vnd.apple.mpegurl,application/vnd.apple.mpegurl,2026-01-15T05:33:41Z,http://www.vojs.cn/
1805,07830260-38ac-11ea-8dd7-52543be04c81,长沙城市之音,Hunan,music,chinese,MP3,0,182,http://lhttp.qingting.fm/live/4237/64k.mp3,reachable,200,audio/mpeg,audio/mpeg,2026-01-15T05:14:22Z,http://www.csbtv.com/
1806,139250d7-171c-11ea-a620-52543be04c81,苏州戏曲广播,Kiangsu,"literature,opera,traditional opera",chinese,MP3,0,183,http://lhttp.qingting.fm/live/20211622/64k.mp3,reachable,200,audio/mpeg,audio/mpeg,2026-01-15T08:40:44Z,http://www.csztv.cn/
1807,331b2b44-eced-4e35-88ed-361bfe99553b,BRTV北京新闻广播,Beijing,news,chinese,UNKNOWN,0,184,https://brtv-radiolive.rbc.cn/alive/fm945.m3u8,reachable,200,application/x-mpegURL,application/x-mpegURL,2026-01-15T06:23:20Z,https://www.brtv.org.cn/
1808,f6552ebb-bffe-11e8-aaf2-52543be04c81,Urumtsi Uyghur Radio,Sinkiang,,uyghur,UNKNOWN,0,188,http://ls.qingting.fm/live/1923.m3u8,reachable,200,application/vnd.apple.mpegurl,application/vnd.apple.mpegurl,2026-01-14T22:54:03Z,http://www.wlmqradio.com/
1809,40c15be8-bf38-459d-a6fe-ee8eaf0cd418,四川卫视伴音,Szechuan,,chinese,UNKNOWN,0,188,https://piccpndali.v.myalicdn.com/audio/sichuan_2.m3u8,reachable,200,application/x-mpegURL,application/x-mpegURL,2026-01-15T06:56:27Z,https://www.sctv.com/live/list
1810,2eddf009-7c24-486b-bb8e-c43bc948430f,幻想乡电台Gensokyo Radio,Liaoning,"anime,anime radio,music,touhou,辽宁广播电视台",japanese,MP3,256,190,https://stream.gensokyoradio.net/3,reachable,200,audio/mpeg,audio/mpeg,2026-01-15T03:36:09Z,https://gensokyoradio.net/
1811,6a33a3ec-9ec1-49d7-a0b4-0c539ca83b5d,衡水交通评书广播,Hopei,culture,chinese,MP3,0,193,https://lhttp.qtfm.cn/live/5021940/64k.mp3,reachable,200,audio/mpeg,audio/mpeg,2026-01-15T03:48:59Z,http://www.hsrtv.cn/
1812,2fddd327-091f-451b-86b6-ad75a7544037,辽宁广播电视台音乐广播,Liaoning,traffic,chinese,MP3,0,196,http://lhttp.qingting.fm/live/1101/64k.mp3,reachable,200,audio/mpeg,audio/mpeg,2026-01-15T01:02:30Z,http://www.lntv.com.cn/
1813,a2f6af28-e3d8-459c-9478-5fca3b09bbc2,中国宣泄情感摇滚,,,chinese,MP3,0,197,https://stream.zeno.fm/epio7gie1y7uv,unreachable,,,连接失败: timed out,2026-01-15T05:37:34Z,https://zeno.fm/radio/zhong-guo-xuan-xie-qing-gan-yao-gun/
1814,24648e9f-6cde-4f91-9a9b-e605d275d975,湖北之声（调频版）（2）,Hupei,news,chinese,MP3,0,198,https://lhttp.qingting.fm/live/1303/64k.mp3,reachable,200,audio/mpeg,audio/mpeg,2026-01-15T03:13:35Z,http://news.hbtv.com.cn/
1815,a6c531c9-74a0-4f92-b122-f4b3ffab4563,Auto FM汽车联播网,Szechuan,music,chinese,MP3,0,198,https://lhttp.qtfm.cn/live/15318569/64k.mp3,reachable,200,audio/mpeg,audio/mpeg,2026-01-15T03:34:16Z,http://www.666scly.com/autofmqcgb/
1816,47ee61a3-e45f-460e-8384-ee79d7e40934,CCTV-1综合伴音,,"full service,tv",chinese,UNKNOWN,0,199,https://piccpndali.v.myalicdn.com/audio/cctv1_2.m3u8,reachable,200,application/x-mpegURL,application/x-mpegURL,2026-02-10T07:01:36Z,https://tv.cctv.com/cctv1/index.shtml
1817,9047f146-c0a0-477b-8ec1-a13db4780af4,河南网络经典FM,,oldies,chinese,MP3,128,202,http://stream3.hndt.com/now/C5NvUpwy/playlist.m3u8,reachable,200,application/vnd.apple.mpegurl,application/vnd.apple.mpegurl,2026-01-15T05:21:40Z,http://www.hndt.com/
1818,091e3c58-122c-11e9-a80b-52543be04c81,辽宁经典流行音乐广播,Liaoning,"music,pop music",chinese,MP3,0,202,http://lhttp.qingting.fm/live/20021/64k.mp3,reachable,200,audio/mpeg,audio/mpeg,2026-01-15T08:47:21Z,http://www.ln.gov.cn/
1819,68213abf-bbd4-4f9e-a663-657e1a36bb1a,南京交通广播,Kiangsu,traffic,chinese,UNKNOWN,0,202,http://live.xmcdn.com/live/70/64.m3u8,reachable,200,application/vnd.apple.mpegurl,application/vnd.apple.mpegurl,2026-01-15T00:21:39Z,http://www.njgb.com/
1820,a4a4ddcd-751a-11e9-af37-52543be04c81,上海浦东FM100.1新娱乐广播,Shanghai,entertainment,chinese,MP3,0,203,http://lhttp.qingting.fm/live/5022341/64k.mp3,reachable,200,audio/mpeg,audio/mpeg,2026-01-15T00:57:08Z,http://www.pudongtv.cn/
1821,ed7933a8-7e80-4e95-a0b8-401db45c4ff7,河南音乐广播,Honan,"music,pop",chinese,AAC,64,204,https://stream.hndt.com/live/yinyue/playlist.m3u8,reachable,200,application/vnd.apple.mpegurl,application/vnd.apple.mpegurl,2026-01-15T05:21:40Z,http://fm881.hnr.cn/
1822,085cddfc-c9ad-4cdf-a391-caf42948dca3,厦门综合广播,Fukien,news,chinese,MP3,0,204,http://lhttp.qingting.fm/live/1737/64k.mp3,reachable,200,audio/mpeg,audio/mpeg,2026-01-15T04:29:57Z,https://2020.xmtv.cn/
1823,95f1653b-4c31-459c-9fbe-560ea41020dc,CNR-9 文艺之声,,culture,chinese,UNKNOWN,0,207,http://satellitepull.cnr.cn/live/wxwyzs/playlist.m3u8?wsSession=d8b4488aebb72eb396f72a83-174705706427289&wsIPSercert=29f90b67755e3a4646651f7aa8eb5fd6,reachable,200,application/x-mpegurl,application/x-mpegurl,2026-01-15T00:34:09Z,http://wyzs.cnr.cn/
1824,19c96827-666a-11e8-b15b-52543be04c81,Hong Kong Fantastic TV,Hong Kong,"hls video,hong kong",cantonese,UNKNOWN,0,209,http://media.fantv.hk/m3u8/archive/channel2_stream1.m3u8,unreachable,,,连接失败: timed out,2026-01-14T23:52:39Z,http://www.fantv.hk/
1825,f149a3a4-cbd4-49f4-a770-c3a8c6e268cb,天津卫视伴音,,,,UNKNOWN,0,211,https://piccpndali.v.myalicdn.com/audio/tianjin_2.m3u8,reachable,200,application/x-mpegURL,application/x-mpegURL,2026-01-14T22:54:12Z,http://tjtv.enorth.com.cn/
1826,739a3d6b-5c50-472f-8f0a-6f2d6158a19b,上海戏剧曲艺广播,Shanghai,"literature,opera,traditional opera",chinese,MP3,0,211,https://lhttp.qingting.fm/live/269/64k.mp3,reachable,200,audio/mpeg,audio/mpeg,2026-01-14T23:41:04Z,https://www.smg.cn/review/channel/channel_26/index.html
1827,b22f1554-9aa0-4c10-af51-4b159e6990e9,CNR-1 中国之声,,"information,news",chinese,UNKNOWN,0,212,https://satellitepull.cnr.cn/live/wxzgzs/playlist.m3u8?wsSession=28e11e3debee46427a9d53dc-174908087306150&wsIPSercert=f7b6cfa8467acd0836b62cf14aa786d3,reachable,200,application/x-mpegurl,application/x-mpegurl,2026-01-15T07:01:02Z,https://www.cnr.cn/
1828,b271a417-afce-4370-b7cb-82e9b23e6bb8,杭州交通经济广播,Chekiang,"lifestyle,traffic",chinese,UNKNOWN,0,212,http://live.xmcdn.com/live/632/64.m3u8,reachable,200,application/vnd.apple.mpegurl,application/vnd.apple.mpegurl,2026-01-15T05:58:03Z,http://www.hcrt.cn/
1829,b97879ce-b839-11e9-acb2-52543be04c81,shirley & spinoza,,"college radio,eclectic,experimental",,AAC,192,213,http://s2.radio.co/sec5fa6199/listen,unreachable,,,连接失败: timed out,2026-01-14T22:54:03Z,http://compound-eye.org/
1830,9bb3c006-3495-4f59-b3bd-eed3a549b1cf,哈尔滨古典音乐广播,Amur River,classical music,chinese,MP3,0,214,http://lhttp.qingting.fm/live/5022338/64k.mp3,reachable,200,audio/mpeg,audio/mpeg,2026-01-15T06:37:06Z,http://www.hrbtv.net/
1831,ab18612b-4100-40ed-bb66-9923b8efa931,BTV科教伴音,Beijing,tv,chinese,UNKNOWN,0,214,https://wstvcpudali.v.myalicdn.com/wstvcpud/udrmbtv3_1/index.m3u8?adapt=0&BR=audio,reachable,200,application/vnd.apple.mpegurl,application/vnd.apple.mpegurl,2026-01-15T01:42:04Z,https://www.brtv.org.cn/
1832,9618f210-0601-11e8-ae97-52543be04c81,RTHK Radio-5,Hong Kong,hong kong,cantonese,MP3,0,215,http://stm1.rthk.hk/radio5,unreachable,,,连接失败: timed out,2026-01-15T07:04:00Z,http://www.rthk.hk/
1833,4c3a2b4e-1091-4f5f-9df9-457339d539fe,山东卫视伴音,,,chinese,UNKNOWN,0,216,https://piccpndali.v.myalicdn.com/audio/shandong_2.m3u8,reachable,200,application/x-mpegURL,application/x-mpegURL,2026-01-15T03:40:39Z,http://www.iqilu.com/
1834,052a66ef-bcd1-4acf-a736-edcbad6bf1b5,安徽交通广播,Anhwei,traffic,chinese,MP3,0,216,https://lhttp.qtfm.cn/live/1949/64k.mp3,reachable,200,audio/mpeg,audio/mpeg,2026-01-14T23:29:03Z,http://www.ahrtv.cn/
1835,ecbe92bf-a35b-439f-8bcf-55da0ece14ee,BRTV北京音乐广播,Beijing,music,chinese,UNKNOWN,0,217,https://brtv-radiolive.rbc.cn/alive/fm974.m3u8,reachable,200,application/x-mpegURL,application/x-mpegURL,2026-01-15T08:29:20Z,https://www.brtv.org.cn/
1836,00a1386f-3186-456f-8896-279188250316,中山环保旅游之声·快乐888,Kwangtung,entertainment,cantonese,MP3,0,218,https://lhttp.qingting.fm/live/1278/64k.mp3,reachable,200,audio/mpeg,audio/mpeg,2026-01-15T02:27:20Z,http://www.zsbtv.com.cn/
1837,420e2393-bcdf-4979-9adc-9d79e8c6fe1a,河南交通广播,Honan,traffic,chinese,AAC,64,219,https://stream.hndt.com/live/jiaotong/playlist.m3u8,reachable,200,application/vnd.apple.mpegurl,application/vnd.apple.mpegurl,2026-01-15T08:47:20Z,http://www.hndt.com/
1838,de5a20d9-1fad-478a-8016-7301cb0216fa,山东经典音乐广播,Shantung,"music,oldies",chinese,UNKNOWN,162,221,http://audiolive302.iqilu.com/sdradioShenghuo/sdradio04/playlist.m3u8,reachable,200,application/x-mpegurl,application/x-mpegurl,2026-01-15T06:06:20Z,http://www.iqilu.com/
1839,2c5b06bb-d857-4ece-b250-caedc7454355,听·越剧,,"opera,traditional opera",chinese,MP3,0,224,https://lhttp.qtfm.cn/live/20500178/64k.mp3,reachable,200,audio/mpeg,audio/mpeg,2026-01-15T03:38:06Z,http://www.ajmide.com/home/contact.html
1840,84d0ec1f-9fb7-4e8d-9646-b76a4742e2cf,湖北楚天交通广播,Hupei,traffic,chinese,MP3,0,224,https://lhttp.qtfm.cn/live/1291/64k.mp3,reachable,200,audio/mpeg,audio/mpeg,2026-01-15T01:05:28Z,http://m.hbgbdst.com/
1841,223f894d-33c5-4866-8a19-dff97a39e438,上海第一财经广播 FM90.9,Shanghai,,chinese,MP3,0,226,https://lhttp-hw.qtfm.cn/live/276/64k.mp3,reachable,200,audio/mpeg,audio/mpeg,2026-01-15T02:25:53Z,https://www.smg.cn/review/index.html
1842,9618f4fb-0601-11e8-ae97-52543be04c81,RTHK Putonghua Channel,Hong Kong,hong kong,mandarin,MP3,0,227,http://stm.rthk.hk/radiopth,unreachable,,,连接失败: timed out,2026-01-15T05:03:36Z,http://www.rthk.hk/
1843,5f7ac40f-1575-4790-9e85-14be4698bda4,BRTV北京文艺广播,Beijing,"crosstalk,easy listening,entertainment",chinese,UNKNOWN,0,227,https://brtv-radiolive.rbc.cn/alive/fm876.m3u8,reachable,200,application/x-mpegURL,application/x-mpegURL,2026-01-15T00:08:30Z,https://www.brtv.org.cn/
1844,bdcc38fa-f10d-42b3-9f60-8b16084c99af,复兴电台（测试）,,,chinese,UNKNOWN,0,228,http://202.39.43.67:1935/live/RA000024/chunklist.m3u8,reachable,200,application/vnd.apple.mpegurl,application/vnd.apple.mpegurl,2026-01-15T01:08:58Z,https://fhbs.com.tw/
1845,366b62b4-7a96-4bbf-b679-f0968fc8157e,BTV财经伴音,Beijing,economics,chinese,UNKNOWN,0,229,https://wstvcpudali.v.myalicdn.com/wstvcpud/udrmbtv5_1/index.m3u8?adapt=0&BR=audio,reachable,200,application/vnd.apple.mpegurl,application/vnd.apple.mpegurl,2026-01-15T08:34:02Z,https://www.brtv.org.cn/mobile/
1846,d66d9e1b-9cd3-40c8-90f0-9913a59647e3,重庆之声,chongqing,news,chinese,UNKNOWN,0,230,http://ls.qingting.fm/live/1498.m3u8,reachable,200,application/vnd.apple.mpegurl,application/vnd.apple.mpegurl,2026-01-15T07:22:38Z,https://m.weibo.cn/u/1917366833
1847,43d39584-59d2-48de-8b7d-504b3657dfd6,山东交通广播,Shantung,traffic,chinese,UNKNOWN,178,231,http://audiolive302.iqilu.com/sdradioJiaotong/sdradio05/playlist.m3u8,reachable,200,application/x-mpegurl,application/x-mpegurl,2026-01-14T23:58:19Z,http://v.iqilu.com/radio/main/jiaotong?spm=zm5094-001.0.0.1.GCuevq
1848,bd66274a-751b-11e9-af37-52543be04c81,青岛新闻广播,Shantung,,chinese,MP3,0,231,http://lhttp.qingting.fm/live/1673/64k.mp3,reachable,200,audio/mpeg,audio/mpeg,2026-01-15T08:11:44Z,http://wap.qtv.com.cn/
1849,fea849cc-49f8-42d3-b56e-36c2979861d8,山西故事广播,Shansi,"m3u8,storytelling",chinese,UNKNOWN,2560,233,http://radiolive.sxrtv.com/live/gushi.m3u8,reachable,200,application/vnd.apple.mpegurl,application/vnd.apple.mpegurl,2026-01-15T00:22:18Z,http://www.sxrtv.com/radio/
1850,c4ce2d9f-7df8-4a3b-b456-f337d6afd98a,广州市番禺区广播电台,Kwangtung,"culture,information,talk",cantonese,MP3,0,233,https://lhttp.qtfm.cn/live/20212427/64k.mp3,reachable,200,audio/mpeg,audio/mpeg,2026-01-15T00:00:02Z,https://www.qingting.fm/radios/20212427/
1851,02719dca-8500-11e9-aa30-52543be04c81,深圳生活广播,Kwangtung,news,chinese,MP3,0,235,http://lhttp.qingting.fm/live/1273/64k.mp3,reachable,200,audio/mpeg,audio/mpeg,2026-01-15T05:11:51Z,http://www.szmg.com.cn/
1852,5fbfc72e-840f-4596-832b-536d61c34e88,V家电台·Vocaloid Radio,Inner Mongolia,"music,vocaloid",japanese,MP3,320,235,http://curiosity.shoutca.st:8019/stream,reachable,200,audio/mpeg,audio/mpeg,2026-01-15T01:42:49Z,https://vocaloidradio.com/
1853,8c04d491-82a5-462b-9856-12182c5c99e6,BTV文艺伴音,Beijing,entertainment,chinese,UNKNOWN,0,235,https://wstvcpudali.v.myalicdn.com/wstvcpud/udrmbtv2_1/index.m3u8?adapt=0&BR=audio,reachable,200,application/vnd.apple.mpegurl,application/vnd.apple.mpegurl,2026-01-15T06:36:23Z,https://www.brtv.org.cn/mobile/
1854,be0fc56b-aff0-4724-8b1f-32e6f7161444,Russian Chinese Music Radio 俄中音乐台,,"chinese,chinese pop,russian,russian pop","chinese,russian",MP3,0,236,https://stream.zeno.fm/txtltqtgns3vv,unreachable,,,连接失败: timed out,2026-01-15T06:45:25Z,https://zeno.fm/radio/ruschmusradio/
1855,ed9b91ca-2919-11ea-aa0c-52543be04c81,武汉新闻广播,Hupei,news,chinese,MP3,0,236,http://lhttp.qingting.fm/live/20198/64k.mp3,reachable,200,audio/mpeg,audio/mpeg,2026-01-15T07:54:20Z,http://www.whbc.com.cn/
1856,c4363a5e-2771-4e72-9019-83cae0f2d185,安徽卫视伴音,Anhwei,,chinese,UNKNOWN,0,236,https://piccpndali.v.myalicdn.com/audio/anhui_2.m3u8,reachable,200,application/x-mpegURL,application/x-mpegURL,2026-01-15T00:02:06Z,https://www.ahrtv.cn/
1857,2cff8955-796f-45d2-861c-1dddb892c74a,AsiaFM 亚洲天空台【2023.10.18】,,,chinese,AAC+,192,238,http://funradio.cn:8000/funradio,reachable,200,audio/aacp,audio/aacp,2026-01-15T00:45:39Z,http://www.funradio.cn/
1858,6e63baaf-cdfc-4c6e-abba-23a5bff66cf9,广东文体广播,Kwangtung,"sport,sports",cantonese,MP3,0,239,https://lhttp.qtfm.cn/live/471/64k.mp3,reachable,200,audio/mpeg,audio/mpeg,2026-01-15T06:23:58Z,https://m.gdtv.cn/
1859,b9122011-21f1-4a11-937c-642dbab29635,山东音乐广播,Shantung,music,chinese,UNKNOWN,165,241,http://audiolive302.iqilu.com/sdradioYinyue/sdradio07/playlist.m3u8,reachable,200,application/x-mpegurl,application/x-mpegurl,2026-01-15T03:48:59Z,http://v.iqilu.com/radio/main/yinyue?spm=zm5094-001.0.0.1.o36rXF
1860,f71a0ebf-441e-4c7e-9374-219fe943e26a,BTV生活伴音,Beijing,tv,chinese,UNKNOWN,0,241,https://wstvcpudali.v.myalicdn.com/wstvcpud/udrmbtv7_1/index.m3u8?adapt=0&BR=audio,reachable,200,application/vnd.apple.mpegurl,application/vnd.apple.mpegurl,2026-01-15T00:07:07Z,https://www.brtv.org.cn/mobile/
1861,82a2903d-b2d7-49c6-93f1-c1d734a9d21a,REPLAY NEWS - 中文 每5分钟播报一次新闻的电台,Dalian,news,chinese,MP3,128,243,https://replaynewszh.ice.infomaniak.ch/replaynewszh-128.mp3,reachable,200,audio/mpeg,audio/mpeg,2026-01-15T08:50:50Z,https://www.replaynews.net/
1862,57b34085-ed43-45f9-883c-3c18554ddeef,浙江音乐调频,Chekiang,music,chinese,UNKNOWN,0,243,http://ali-m-l.cztv.com/channels/lantian/fm968/128k.m3u8,reachable,200,application/x-mpegURL,application/x-mpegURL,2026-01-15T03:29:48Z,http://www.cztv.com/
1863,3e52700f-c0ed-4c30-b53b-ae1912a2164b,苏州都市音乐广播,Kiangsu,music,chinese,MP3,0,245,http://lhttp.qingting.fm/live/2803/64k.mp3,reachable,200,audio/mpeg,audio/mpeg,2026-01-15T08:05:50Z,http://www.csztv.com/
1864,a2a654a0-ebac-4f4d-bfc6-54225029438c,广州经济交通广播,Kwangtung,news,cantonese,MP3,0,248,http://lhttp.qingting.fm/live/4955/64k.mp3,reachable,200,audio/mpeg,audio/mpeg,2026-01-15T07:36:11Z,https://www.gztv.com/
1865,12cd39c2-a45a-48a9-a74b-1d387a55341e,Big B Radio - Cpop,Liaoning,"music,pop",chinese,AAC+,128,250,https://antares.dribbcast.com/proxy/cpop?mp=/s,reachable,200,audio/aacp,audio/aacp,2026-01-15T06:26:48Z,https://bigbradio.net/cpop
1866,6f555d1e-aff2-4e95-a8e5-d7ebf5f4c19b,经济之声,,,,UNKNOWN,0,259,https://ngcdn002.cnr.cn/live/jjzs/index.m3u8,reachable,200,application/vnd.apple.mpegurl,application/vnd.apple.mpegurl,2026-01-14T22:54:04Z,
1867,c0007358-2609-41e4-a1f0-ddef3f92f3a8,AsiaFM 亚洲热歌台【2023.10.17】,,hot,chinese,MP3,192,259,http://hot.asiafm.net:8000/asiafm,reachable,200,audio/mpeg,audio/mpeg,2026-01-15T07:48:15Z,http://www.asiafm.hk/
1868,b46eaebe-2919-11ea-aa0c-52543be04c81,武汉经典音乐广播·岁月悠长，听见好时光,Hupei,music,chinese,UNKNOWN,0,260,http://ls.qingting.fm/live/1297.m3u8,reachable,200,application/vnd.apple.mpegurl,application/vnd.apple.mpegurl,2026-01-15T08:27:56Z,http://www.whbc.com.cn/
1869,bfe2cdb4-712c-4f75-9adc-e5c533861f97,浙江交通之声,Chekiang,traffic,chinese,UNKNOWN,0,261,http://ali-m-l.cztv.com/channels/lantian/fm93/128k.m3u8,reachable,200,application/x-mpegURL,application/x-mpegURL,2026-01-14T23:46:56Z,http://www.cztv.com/
1870,4610edcd-9987-4b55-b0f5-87bea6f94377,民谣·蓝调,Honan,"blues,folk,music",chinese,UNKNOWN,0,263,http://play-radio-stream3.hndt.com/now/XWfN89gh/chunklist.m3u8,reachable,200,application/vnd.apple.mpegurl,application/vnd.apple.mpegurl,2026-01-15T02:39:23Z,http://www.hndt.com/
1871,8636630a-3631-4ffc-b83f-0cef69949ce1,民谣·蓝调,Honan,"blues,folk,music",chinese,MP3,128,263,http://stream3.hndt.com/now/XWfN89gh/playlist.m3u8,reachable,200,application/vnd.apple.mpegurl,application/vnd.apple.mpegurl,2026-01-15T02:27:20Z,http://www.hndt.com/
1872,ad187807-6c94-43d4-94fb-840f3a8817d0,鹤山人民广播电台,Kwangtung,"music,news",cantonese,UNKNOWN,0,264,http://ls.qingting.fm/live/1286.m3u8,reachable,200,application/vnd.apple.mpegurl,application/vnd.apple.mpegurl,2026-01-15T06:02:42Z,http://www.hsbtv.com/Article/ShowClass.asp?ClassID=27
1873,f8df1bbf-be1f-41b8-b187-60ff60a14df6,恐怖在線（周一至周五23:11）,Hong Kong,storytelling,cantonese,MP3,128,265,https://acast01.kolorboxlab.com/radio/8010/radio.mp3,reachable,200,audio/mpeg,audio/mpeg,2026-01-15T04:04:01Z,https://www.edmondpoon.com/
1874,e997777b-0954-4409-a38a-e54d94bf2bd5,河北交通广播,Hopei,traffic radio broadcast,chinese,UNKNOWN,0,265,https://radio.pull.hebtv.com/live/hebjt.m3u8,reachable,200,application/vnd.apple.mpegurl,application/vnd.apple.mpegurl,2026-01-15T07:55:30Z,https://www.hebtv.com/
1875,af4a754c-f724-4ddc-9b52-fea78ae3c510,休息音乐🎶,,music,中国,MP3,128,265,https://az1.mediacp.eu/listen/airport-lounge-radio/radio.mp3,reachable,200,audio/mpeg,audio/mpeg,2026-01-14T22:54:12Z,http://mediacp.eu/
1876,e65b9f4c-511e-416b-9a30-83a72e893534,第一财经（一财官网线路）,Shanghai,economics,chinese,UNKNOWN,0,266,https://a1live.livecdn.yicai.com/live/yicai_radio.m3u8,reachable,200,application/x-mpegURL,application/x-mpegURL,2026-01-15T08:42:10Z,https://www.yicai.com/
1877,ee300b74-17b4-11ea-a620-52543be04c81,合肥故事广播,Anhwei,literature,chinese,MP3,0,267,http://lhttp.qingting.fm/live/1961/64k.mp3,reachable,200,audio/mpeg,audio/mpeg,2026-01-15T04:25:41Z,http://www.hfbtv.com/
1878,594b09bd-0707-4129-8024-ca24d6f76bb5,人间卫视,,,chinese,UNKNOWN,0,273,https://5ddce30eb4b55.streamlock.net/bltvhd/bltv1/chunklist_w511254805.m3u8,reachable,200,application/vnd.apple.mpegurl,application/vnd.apple.mpegurl,2026-01-15T04:53:32Z,http://m.bltv.tv/
1879,9936ad1a-fffe-4675-99ef-8bf6425826f9,蒙古之声,Beijing,international,chinese,MP3,0,275,https://api.xmgspace.me/api/vom-latest/,reachable,200,audio/mpeg,audio/mpeg,2026-01-15T07:22:38Z,http://www.vom.mn/zh
1880,2f380320-0fdf-4225-8498-810c65879867,江苏音乐广播,Kiangsu,"music,pop",chinese,UNKNOWN,0,278,http://lzlive.vojs.cn/jAmO6Ng/92/live.m3u8?,reachable,200,application/vnd.apple.mpegurl,application/vnd.apple.mpegurl,2026-01-15T05:42:32Z,http://www.vojs.cn/
1881,8e75147d-2a70-475b-8bee-2685e3a3c33b,和谐铁路之声,Beijing,music,chinese,MP3,0,280,https://stream.zeno.fm/gzsk9r47sc9uv,unreachable,,,连接失败: timed out,2026-01-15T04:19:22Z,https://zeno.fm/radio/crh-radio/
1882,49a3c31b-b635-4af2-94f0-e072d9eab328,CGTN - English,,"documentaries,news,variety",english,UNKNOWN,0,281,https://english-livetx.cgtn.com/hls/yypdyyctzb_sd.m3u8,reachable,200,application/vnd.apple.mpegurl,application/vnd.apple.mpegurl,2026-01-15T06:57:09Z,https://www.cgtn.com/
1883,1a80f163-086f-495e-8d1b-267fc4349cab,心灵音乐馆,,"instrumental,nature,relax",chinese,MP3,320,282,http://stream3.hndt.com/now/AFqvb0VX/playlist.m3u8,reachable,200,application/vnd.apple.mpegurl,application/vnd.apple.mpegurl,2026-01-15T00:27:30Z,http://www.hndt.com/
1884,5b9133a9-2fc6-4b96-ab0f-a6338a7938ad,上海流行音乐广播 动感101 FM101.7,Shanghai,,chinese,MP3,0,283,https://lhttp-hw.qtfm.cn/live/274/64k.mp3,reachable,200,audio/mpeg,audio/mpeg,2026-01-15T01:10:52Z,https://www.smg.cn/review/index.html
1885,0c2da55a-4ea0-45a6-b3a9-b8281dca1b2f,上海经典音乐广播 FM94.7,Shanghai,classical,chinese,MP3,0,285,https://lhttp-hw.qtfm.cn/live/267/64k.mp3,reachable,200,audio/mpeg,audio/mpeg,2026-01-15T05:35:49Z,https://www.smg.cn/review/index.html
1886,4df9f741-2c1e-4532-904a-64b5f3c14d6f,CCTV奥林匹克伴音,,"olympics,sport",chinese,UNKNOWN,0,286,https://piccpndali.v.myalicdn.com/audio/cctv16_2.m3u8,reachable,200,application/x-mpegURL,application/x-mpegURL,2026-01-15T08:02:57Z,https://www.olympicchannelchina.cn/
1887,c319a566-e9f1-4649-891b-adc324ab8e3d,夜愿电台Nightwish Radio,Dalian,"heavy metal,metal,music",english,MP3,0,290,https://stream.zeno.fm/98wt67yfky8uv,unreachable,,,连接失败: timed out,2026-01-15T07:23:51Z,https://zeno.fm/radio/yeyuan/
1888,96183a34-0601-11e8-ae97-52543be04c81,RTHK Radio-4,Hong Kong,hong kong,"cantonese,english",MP3,0,293,http://stm.rthk.hk/radio4,unreachable,,,连接失败: timed out,2026-01-15T04:06:37Z,http://www.rthk.hk/
1889,76437e18-2239-4501-b162-f158e5a9937d,一个个人私用的歌单,,,chinese,MP3,0,294,https://stream.zeno.fm/rzsc1h2izunuv,unreachable,,,连接失败: timed out,2026-01-15T08:40:44Z,https://zeno.fm/radio/yi-ge-ge-ren-si-yong-de-ge-dan/
1890,6a3851b4-8500-11e9-aa30-52543be04c81,深圳交通广播,Kwangtung,traffic,chinese,MP3,0,295,http://lhttp.qingting.fm/live/1272/64k.mp3,reachable,200,audio/mpeg,audio/mpeg,2026-01-15T01:19:21Z,http://www.szmg.com.cn/
1891,2e1d6f94-ad4f-4e48-ac54-5e2f284c8bb1,辽宁卫视伴音,Liaoning,,chinese,UNKNOWN,0,297,https://piccpndali.v.myalicdn.com/audio/liaoning_2.m3u8,reachable,200,application/x-mpegURL,application/x-mpegURL,2026-01-15T03:00:03Z,https://www.weibo.com/wangluods?sudaref=www.baidu.com
1892,4d0b4981-7a88-4f3b-a838-966d1bd7263b,Chinese Music World,,"chinese,folk music",,OGG,0,297,http://radio.chinesemusicworld.com/chinesemusic.ogg,reachable,200,application/ogg,application/ogg,2026-01-14T22:54:04Z,https://chinesemusicworld.com/
1893,05b651bd-2fc8-4c25-ac39-4fc9898efeeb,大自然的声音,,,chinese,MP3,0,298,https://stream.zeno.fm/5wtp1dkamdluv,unreachable,,,连接失败: timed out,2026-01-15T04:43:25Z,https://zeno.fm/radio/da-zi-ran-de-sheng-yin/
1894,d3658fc1-9083-497c-acf0-669e43b8a9f0,重庆音乐广播,chongqing,music,chinese,UNKNOWN,0,301,http://ls.qingting.fm/live/647.m3u8,reachable,200,application/vnd.apple.mpegurl,application/vnd.apple.mpegurl,2026-01-15T03:48:14Z,https://m.weibo.cn/u/1891083462
1895,e58589d8-a286-4d40-81b8-d5b345d100be,Chinese Classical Music (Mp3 stream),Beijing,"classical,instrumental,traditional","chinese,english",MP3,128,303,https://radio.chinesemusicworld.com/chinesemusic.mp3,reachable,200,audio/mpeg,audio/mpeg,2026-01-15T04:32:05Z,https://chinesemusicworld.com/
1896,be2aa21b-7fbe-43ef-81fa-dcc6df3d2a2e,北京卫视伴音,,,chinese,UNKNOWN,0,303,https://piccpndali.v.myalicdn.com/audio/btv1_2.m3u8,reachable,200,application/x-mpegURL,application/x-mpegURL,2026-01-15T03:38:05Z,https://www.brtv.org.cn/
1897,e9c04369-3c1c-4485-a558-9903b6daaeba,重庆交通广播,,university radio,,UNKNOWN,0,305,http://ls.qingting.fm/live/1500.m3u8,reachable,200,application/vnd.apple.mpegurl,application/vnd.apple.mpegurl,2026-01-14T22:54:06Z,http://fm955.com.cn/
1898,b5f0cac4-a29f-420a-8913-dfb0d2a24f7b,CCTV-少儿伴音,,children,chinese,UNKNOWN,0,305,https://piccpndali.v.myalicdn.com/audio/cctv14_2.m3u8,reachable,200,application/x-mpegURL,application/x-mpegURL,2026-01-15T05:44:38Z,https://www.cctv.com/
1899,ec033ee7-327e-4fb0-87a4-b07391ef4d36,河北音乐广播,Hopei,"music,oldies",chinese,UNKNOWN,0,308,https://radio.pull.hebtv.com/live/hebyy.m3u8,reachable,200,application/vnd.apple.mpegurl,application/vnd.apple.mpegurl,2026-01-15T06:06:20Z,https://www.hebtv.com/
1900,714279f8-7e0e-4ebd-9152-215d3a6164f9,50首经典古典音乐,,"classic,classical,classical music,instrumental",chinese,MP3,0,309,https://lhttp-hw.qtfm.cn/live/5022308/64k.mp3,reachable,200,audio/mpeg,audio/mpeg,2026-01-15T01:08:13Z,https://www.qtfm.cn/
1901,812ca2b6-bef6-400e-a349-67cbcbd692fc,苏州新闻广播,Kiangsu,news,chinese,MP3,0,312,http://lhttp.qingting.fm/live/2808/64k.mp3,reachable,200,audio/mpeg,audio/mpeg,2026-01-15T00:49:40Z,http://www.csztv.com/
1902,4443ae26-5dba-4080-aa72-d801aeaf7c27,广东南粤之声,Kwangtung,economics,chinese,MP3,0,313,https://lhttp.qtfm.cn/live/470/64k.mp3,reachable,200,audio/mpeg,audio/mpeg,2026-01-15T03:14:59Z,https://m.gdtv.cn/
1903,e2859a1c-a4a9-407b-b560-50242696604a,南方生活广播,Kwangtung,lifestyle,cantonese,MP3,0,315,https://lhttp.qtfm.cn/live/468/64k.mp3,reachable,200,audio/mpeg,audio/mpeg,2026-01-15T00:12:47Z,https://m.gdtv.cn/
1904,274fd83d-69ca-4826-bd2a-2f98d63470c5,CNR-4 经典音乐广播,,"classical,music,oldies",chinese,UNKNOWN,0,317,http://satellitepull.cnr.cn/live/wxdszs/playlist.m3u8?wsSession=d8a4b41c6557ba30cfeebcdb-174709298057895&wsIPSercert=29f90b67755e3a4646651f7aa8eb5fd6,reachable,200,application/x-mpegurl,application/x-mpegurl,2026-01-15T02:30:35Z,https://ent.cnr.cn/ylzt/goldenradio/
1905,fb1a81c7-cdf2-4ed8-912c-796918d0fa08,AsiaFM 亚洲粤语台【2023.10.18】,,,chinese,AAC+,96,317,http://yyt.asiafm.net:8000/asiafm,reachable,200,audio/aacp,audio/aacp,2026-01-15T05:32:00Z,http://www.asiafm.hk/
1906,fe79a11f-8f0e-4586-a90b-503a447d6e68,上海音乐广播,上海,,,MP3,0,319,http://lhttp.qingting.fm/live/273/64k.mp3,reachable,200,audio/mpeg,audio/mpeg,2026-01-14T22:54:03Z,
1907,b20a2c5a-e99a-4004-b007-603a90ce9ad1,泉州刺桐之声,Fukien,news,hokkien,MP3,0,319,https://lhttp.qingting.fm/live/5022360/64k.mp3,reachable,200,audio/mpeg,audio/mpeg,2026-01-14T22:54:03Z,https://www.qztv.cn/
1908,a9922aba-8435-4ba3-a207-8704817f6dbc,深圳音乐广播,Kwangtung,music,chinese,MP3,0,320,https://lhttp.qtfm.cn/live/1271/64k.mp3,reachable,200,audio/mpeg,audio/mpeg,2026-01-15T04:34:41Z,https://www.feiyang971.com/
1909,db7142a2-b1bd-4c74-bcd4-646f73a70123,金典FM,,,,MP3,128,326,http://stream3.hndt.com/now/C5NvUpwy/playlist.m3u8,reachable,200,application/vnd.apple.mpegurl,application/vnd.apple.mpegurl,2026-01-14T22:54:07Z,
1910,e296ab5a-1648-4345-ae6e-7ef63238c227,LA SALSERA Solo salsa....,,,chinese,MP3,0,328,https://stream.zeno.fm/vqnryd9b2wzuv,unreachable,,,连接失败: timed out,2026-01-15T08:24:53Z,https://lasalseraradio.bluecaribu.chat/
1911,963f49cb-0601-11e8-ae97-52543be04c81,RTHK Radio-3,Hong Kong,hong kong,english,MP3,0,330,http://stm.rthk.hk/radio3,unreachable,,,连接失败: timed out,2026-01-15T04:24:51Z,http://www.rthk.hk/radio/radio3
1912,a7fab695-c64c-4513-834e-546eea499283,北京古典音乐广播,Beijing,,chinese,MP3,0,332,https://stream.zeno.fm/qa9punk6ynhvv,unreachable,,,连接失败: timed out,2026-01-15T00:00:02Z,https://www.rbc.cn/
1913,4922dc73-750c-11e9-af37-52543be04c81,上海交通广播,Shanghai,"public radio,traffic",chinese,MP3,0,346,http://lhttp.qingting.fm/live/266/64k.mp3,reachable,200,audio/mpeg,audio/mpeg,2026-01-15T02:18:30Z,http://www.fm1057.cn/
1914,4c6f028a-7a17-48d2-9789-14278ec37c13,上海经典金曲广播 FM103.7,Shanghai,,chinese,MP3,0,349,https://lhttp-hw.qtfm.cn/live/273/64k.mp3,reachable,200,audio/mpeg,audio/mpeg,2026-01-15T05:05:52Z,https://www.smg.cn/review/index.html
1915,63b86021-7d2a-42cd-aff8-96860a0bc8d5,云梦音乐台,,"internet radio,music",chinese,MP3,0,353,https://lhttp.qtfm.cn/live/20500187/64k.mp3,reachable,200,audio/mpeg,audio/mpeg,2026-01-15T08:48:01Z,http://qm.qq.com/cgi-bin/qm/qr?_wv=1027&k=XaH2pt6TEUo8nb1a3WgZyZZNWZeJxG3D&authKey=D1dLycK1I%2BUvgnHTbwUl7%2FJJgSBC01xPZgMX13Nph2VdWTze9X7xE9y7%2BPPe%2B65P&noverify=0&group_code=849566628
1916,f82a41ce-251d-459a-bee9-4e2efd5c3982,北京音乐广播,Beijing,"97.4,97.4 fm,music,pop",chinese,MP3,0,354,https://lhttp.qtfm.cn/live/332/64k.mp3,reachable,200,audio/mpeg,audio/mpeg,2026-01-15T06:12:34Z,https://www.rbc.cn/
1917,0db19a22-c3c2-4195-8f60-2f4a341f1af1,高阳县怀旧金曲964,Hopei,"music,oldies",chinese,MP3,0,360,http://lhttp.qingting.fm/live/5021555/64k.mp3?,reachable,200,audio/mpeg,audio/mpeg,2026-01-15T00:07:55Z,https://www.qingting.fm/radios/5021555/
1918,d3eda505-e9d9-4c43-bb42-dae83d9566f6,江苏经典流行音乐广播,Jiangsu,chinese pop,chinese,MP3,0,361,https://lhttp.qtfm.cn/live/4938/64k.mp3,reachable,200,audio/mpeg,audio/mpeg,2026-01-15T00:35:25Z,https://www.vojs.cn/2014new/c/g/
1919,60517bd6-d291-11e9-a861-52543be04c81,河南星河音乐广播,Honan,music,chinese,MP3,0,362,http://lhttp.qingting.fm/live/20210755/64k.mp3,reachable,200,audio/mpeg,audio/mpeg,2026-01-15T02:56:10Z,http://www.hndt.com/
1920,45d70f9c-94ab-45cd-8760-96da8ee24501,江苏交通广播网,Shanghai,"information,traffic",chinese,UNKNOWN,0,364,http://lzlive.vojs.cn/4TaHTeL/92/live.m3u8?,reachable,200,application/vnd.apple.mpegurl,application/vnd.apple.mpegurl,2026-01-14T23:53:14Z,http://www.vojs.cn/
1921,8cfcc64e-38ac-11ea-8dd7-52543be04c81,长沙BIG RADIO流行音乐广播,Hunan,music,chinese,MP3,0,365,http://lhttp.qingting.fm/live/20847/64k.mp3,reachable,200,audio/mpeg,audio/mpeg,2026-01-15T06:33:03Z,http://www.csbtv.com/
1922,55b58c7a-a175-4518-9936-3279059f8f0e,第一财经电视伴音,Shanghai,economics,chinese,UNKNOWN,0,366,http://a1live.livecdn.yicai.com/live/radio_tv.m3u8,reachable,200,application/x-mpegURL,application/x-mpegURL,2026-01-15T05:56:44Z,https://www.yicai.com/
1923,04dde234-7c54-11ea-8a3b-52543be04c81,MY FM全国音乐频道——FM106.3  长春少儿与老年生活广播,jilin,"music,pop music",chinese,MP3,0,367,http://lhttp.qingting.fm/live/4984/64k.mp3,reachable,200,audio/mpeg,audio/mpeg,2026-01-15T07:40:19Z,http://www.chinactv.com/
1924,7dc043e0-1815-4e43-9208-cb25d5466151,AsiaFM亚洲天空台,,"hd,music",chinese,AAC+,192,368,http://funradio.cn:8000/funradio,reachable,200,audio/aacp,audio/aacp,2026-01-14T23:41:54Z,http://www.asiafm.net/index.php#page1
1925,c25746cc-159f-4c77-910c-54b00eda2266,house remix set2023,,,chinese,MP3,0,374,https://stream.zeno.fm/seq238fmesytv,unreachable,,,连接失败: timed out,2026-01-15T03:59:30Z,https://zeno.fm/radio/house-remix-set2023/
1926,e2da8288-7465-11e9-af37-52543be04c81,上海东广新闻资讯广播,Shanghai,news,chinese,MP3,0,375,http://lhttp.qingting.fm/live/275/64k.mp3,reachable,200,audio/mpeg,audio/mpeg,2026-01-15T03:14:10Z,https://www.smg.cn/review/index.html
1927,a03ad8aa-24ac-403a-8c69-617ad0ce9a45,CRI世界华声,,news,"cantonese,hakka,hokkien,teochew",UNKNOWN,0,379,http://sk.cri.cn/hxfh.m3u8,reachable,200,application/vnd.apple.mpegurl,application/vnd.apple.mpegurl,2026-01-15T03:54:34Z,http://chinese.cri.cn/
1928,751de35b-f169-45fa-9fd5-ef4284fbe91e,Big B Radio亚洲音乐台,Liaoning,"music,pop,rock","chinese,japanese,korean",MP3,128,380,https://antares.dribbcast.com/proxy/apop?mp=/s,reachable,200,audio/mpeg,audio/mpeg,2026-01-15T05:50:37Z,https://bigbradio.net/
1929,566e2af5-6bae-4061-872e-2d933c84cd2b,Radio Maria Chinese,,"catholic,christian","chinese,mandarin",MP3,128,383,https://onair7.xdevel.com/proxy/xautocloud_nwct_1310?mp=/;stream/,unreachable,,,连接失败: [SSL: CERTIFICATE_VERIFY_FAILED] certificate verify failed: self-signed certific,2026-01-15T05:53:56Z,https://voiceofourmother.cn/
1930,140613fb-2752-4e78-b2f2-2bbbf8230b11,Fenghuang,,,,UNKNOWN,0,395,http://playtv-live.ifeng.com/live/06OLEGEGM4G_audio.m3u8,reachable,200,application/vnd.apple.mpegurl,application/vnd.apple.mpegurl,2026-01-14T22:54:04Z,https://www.ifeng.com/
1931,915c7e16-1d1c-41e0-831d-d36d87975b73,CCTV农业节目伴音,,culture,chinese,UNKNOWN,0,401,https://piccpndali.v.myalicdn.com/audio/cctv17_2.m3u8,reachable,200,application/x-mpegURL,application/x-mpegURL,2026-01-15T00:10:47Z,https://www.cctv.com/
1932,5e982fb7-97d0-11e9-a605-52543be04c81,郑州人民广播电台 新闻广播,Honan,,chinese,MP3,0,402,http://lhttp.qingting.fm/live/1220/64k.mp3,reachable,200,audio/mpeg,audio/mpeg,2026-01-15T04:07:10Z,http://www.zzradio.cn/
1933,529c9432-bd9e-11e8-aaf2-52543be04c81,Alxa Chinese Radio,Inner Mongolia,,chinese,MP3,0,413,http://lhttp.qingting.fm/live/5022521/64k.mp3,reachable,200,audio/mpeg,audio/mpeg,2026-01-15T07:27:51Z,http://www.artv.net.cn/
1934,46c79dfa-1a99-4139-a052-81c434f259dd,Fred Film Radio(中文),Jilin,"culture,film,movie",chinese,MP3,128,416,https://s10.webradio-hosting.com/proxy/fredradiocn/stream,reachable,200,audio/mpeg,audio/mpeg,2026-01-14T23:40:26Z,http://www.fred.fm/
1935,041fd8c1-df76-4173-bb88-1fb3728c5e8f,河南戏曲广播,Honan,entertainment,chinese,AAC,64,433,https://stream.hndt.com/live/yule/playlist.m3u8,reachable,200,application/vnd.apple.mpegurl,application/vnd.apple.mpegurl,2026-01-15T02:53:33Z,http://www.hndt.com/
1936,a9354e1c-92fc-4a7a-9650-fa2d5c208196,动听音乐台,,music,"cantonese,chinese",MP3,0,441,https://lhttp-hw.qtfm.cn/live/5022107/64k.mp3,reachable,200,audio/mpeg,audio/mpeg,2026-01-14T23:40:26Z,https://www.qtfm.cn/radios/5022107
1937,e0d24665-89dd-4adb-892c-5a6b96baca4a,浙江之声,Chekiang,news,chinese,UNKNOWN,0,445,http://ali-m-l.cztv.com/channels/lantian/fm88/128k.m3u8,reachable,200,application/x-mpegURL,application/x-mpegURL,2026-01-15T02:49:44Z,http://www.am810.net/
1938,1b3f96d9-d1f8-11e9-a861-52543be04c81,MY FM全国音乐频道·广州,Kwangtung,"fashion,music",chinese,MP3,0,448,http://lhttp.qingting.fm/live/20194/64k.mp3,reachable,200,audio/mpeg,audio/mpeg,2026-01-15T00:00:02Z,http://www.gztv.com/
1939,6c5edef4-6a79-4ec7-84f7-b8430bcd0e4f,经典105·山东经典音乐广播,Shantung,golden music,chinese,UNKNOWN,162,468,http://audiolive302.iqilu.com/sdradioShenghuo/sdradio04/playlist.m3u8,reachable,200,application/x-mpegurl,application/x-mpegurl,2026-01-15T05:33:41Z,http://v.iqilu.com/radio/main/shenghuo?spm=zm5094-001.0.0.1.VBBoEr
1940,050db29a-6c07-4db8-a407-5dec7b1f0009,CMG环球资讯广播,,"905fm,china,information,news",chinese,UNKNOWN,0,485,https://sk.cri.cn/905.m3u8,reachable,200,application/vnd.apple.mpegurl,application/vnd.apple.mpegurl,2026-01-15T06:46:22Z,https://newsradio.cri.cn/
1941,01c9306d-750d-11e9-af37-52543be04c81,上海音乐广播,Shanghai,music,chinese,MP3,0,503,http://lhttp.qingting.fm/live/273/64k.mp3,reachable,200,audio/mpeg,audio/mpeg,2026-01-15T08:32:39Z,http://www.1037fm.cn/
1942,fdc4660c-c569-4247-852c-05a00f331a18,广东城市之声,Kwangtung,entertainment,cantonese,MP3,0,515,https://lhttp.qtfm.cn/live/469/64k.mp3,reachable,200,audio/mpeg,audio/mpeg,2026-01-15T03:36:09Z,https://m.gdtv.cn/
1943,5b510903-0b95-4ae1-bb6d-02f2cfb31517,CCTV-11戏曲伴音,,opera,chinese,UNKNOWN,0,517,https://piccpndali.v.myalicdn.com/audio/cctv11_2.m3u8,reachable,200,application/x-mpegURL,application/x-mpegURL,2026-01-14T23:32:38Z,https://www.cctv.com/
1944,85bd17c9-e8ef-436f-9699-5de0d180a56f,星空电台 STAR RADIO,,music,cantonese,MP3,0,519,https://lhttp-hw.qtfm.cn/live/5022379/64k.mp3,reachable,200,audio/mpeg,audio/mpeg,2026-01-15T02:07:59Z,https://www.douyin.com/hashtag/1601349392489475
1945,84907b87-750b-11e9-af37-52543be04c81,上海经典音乐广播,Shanghai,music,chinese,MP3,0,531,http://lhttp.qingting.fm/live/267/64k.mp3,reachable,200,audio/mpeg,audio/mpeg,2026-01-15T00:26:30Z,http://www.fm947.cn/
1946,fd5d7353-3298-4242-918f-dd7ef527b950,北京文艺广播,Beijing,"87.6,87.6 fm,entertainment",chinese,MP3,0,534,https://lhttp.qtfm.cn/live/333/64k.mp3,reachable,200,audio/mpeg,audio/mpeg,2026-01-15T03:04:28Z,https://www.rbc.cn/
1947,6fc00fa2-1583-4638-9a90-cfe14fa7375a,CCTV-4中文国际欧洲伴音,,news,chinese,UNKNOWN,0,545,https://piccpndali.v.myalicdn.com/audio/cctveurope_2.m3u8,reachable,200,application/x-mpegURL,application/x-mpegURL,2026-01-15T05:24:52Z,http://tv.cctv.com/cctv4europe/
1948,c8f49f16-f969-4f73-b1db-fa2ef40e78b6,广州新闻资讯广播,Kwangtung,news,cantonese,MP3,0,559,http://lhttp.qingting.fm/live/4848/64k.mp3,reachable,200,audio/mpeg,audio/mpeg,2026-01-15T05:32:55Z,https://www.gztv.com/
1949,fdd2ed7c-1b5d-487b-8e11-9d4032d47484,东方卫视伴音,Shanghai,,chinese,UNKNOWN,0,569,https://piccpndali.v.myalicdn.com/audio/dongfang_2.m3u8,reachable,200,application/x-mpegURL,application/x-mpegURL,2026-01-15T08:48:40Z,https://www.smg.cn/review/index.html
1950,1bc7f31f-da6b-424e-82a4-4d14c1d48699,CityFM城市音乐台,,"internet radio,music",chinese,MP3,0,569,https://lhttp.qtfm.cn/live/20500153/64k.mp3,reachable,200,audio/mpeg,audio/mpeg,2026-01-15T00:29:53Z,https://www.qingting.fm/radios/20500153
1951,58acd0cd-7fe0-4f7e-a551-bfb6eac5d72f,北京BTV新闻伴音,Beijing,tv,chinese,UNKNOWN,0,573,https://wstvcpudali.v.myalicdn.com/wstvcpud/udrmbtv9_1/index.m3u8?adapt=0&BR=audio,reachable,200,application/vnd.apple.mpegurl,application/vnd.apple.mpegurl,2026-01-15T06:14:42Z,https://www.brtv.org.cn/
1952,6e1c761e-7446-4243-aa0a-617f11ac4589,天籁之音 - 国风,Honan,classical,chinese,UNKNOWN,0,576,http://play-radio-stream3.hndt.com/now/UzPxbRaT/chunklist.m3u8,reachable,200,application/vnd.apple.mpegurl,application/vnd.apple.mpegurl,2026-01-15T04:07:10Z,http://www.hndt.com/
1953,5bbeb892-0f47-4992-99f5-f20f1bdbba61,江苏故事广播,Kiangsu,storytelling,chinese,UNKNOWN,0,595,http://lzlive.vojs.cn/rWjyus9/92/live.m3u8?,reachable,200,application/vnd.apple.mpegurl,application/vnd.apple.mpegurl,2026-01-15T00:34:47Z,http://www.vojs.cn/
1954,063db165-dc98-4a6b-8faf-850031d0cdb1,AsiaFM亚洲经典台【192k】,,classic,,AAC+,128,599,http://goldfm.cn:8000/goldfm,reachable,200,audio/aacp,audio/aacp,2026-01-14T22:54:06Z,http://goldfm.cn/
1955,f61e44ed-ea5a-4f2a-878c-ce2f9495b2fe,顺德音乐之声,Kwangtung,"culture,music,oldies",chinese,MP3,0,600,https://lhttp.qtfm.cn/live/20500150/64k.mp3,reachable,200,audio/mpeg,audio/mpeg,2026-01-15T00:34:09Z,https://www.fstv.com.cn/shundepindao/index.html
1956,965467f3-c300-46ff-949d-b2c3dc1f3367,CCTV-5+体育赛事伴音,,"sport,sports",chinese,UNKNOWN,0,601,https://piccpndali.v.myalicdn.com/audio/cctv5plus_2.m3u8,reachable,200,application/x-mpegURL,application/x-mpegURL,2026-01-15T01:24:48Z,https://www.cctv.com/
1957,dd31d54a-20d6-43d6-80d1-16b66900c6f2,环球资讯,Beijing,radio,chinese,UNKNOWN,0,606,http://sk.cri.cn/905.m3u8,reachable,200,application/vnd.apple.mpegurl,application/vnd.apple.mpegurl,2026-01-15T04:42:48Z,https://m.cnr.cn/#/pages/broadcast/broadcast
1958,9218e92d-2a7f-411c-87fd-e74cd52cc16d,格莱美音乐台,Honan,"music,pop",chinese,UNKNOWN,0,612,http://play-radio-stream3.hndt.com/now/yorSd1X2/chunklist.m3u8,reachable,200,application/vnd.apple.mpegurl,application/vnd.apple.mpegurl,2026-01-15T07:28:39Z,http://www.hndt.com/
1959,a09db942-832d-4932-8c05-494e17dc37e0,CNR-3 音乐之声,,music,chinese,UNKNOWN,0,632,https://ngcdn001.cnr.cn/live/yyzs/index.m3u8,reachable,200,application/vnd.apple.mpegurl,application/vnd.apple.mpegurl,2026-01-15T06:45:25Z,http://www.cnr.cn/
1960,6d83cb72-52aa-4b26-83ee-010d44e8ad2d,北京交通广播,Beijing,"103.9,103.9 fm,entertainment,music,traffic radio broadcast",chinese,MP3,0,636,https://lhttp.qingting.fm/live/336/64k.mp3,reachable,200,audio/mpeg,audio/mpeg,2026-01-15T07:51:27Z,https://www.rbc.cn/index.shtml
1961,eacbdd98-2e57-4016-ae2e-7371fc72b7f7,AsiaFM 亚洲经典台【2023.10.17】,,classic hits,chinese,AAC+,128,643,http://goldfm.cn:8000/goldfm,reachable,200,audio/aacp,audio/aacp,2026-01-15T05:24:15Z,http://www.goldfm.cn/
1962,8d5e80ef-7689-4710-80bb-bb90f92628d7,Anison动漫音乐台,Dalian,"anime,jpop,russia,俄罗斯动漫广播电台","chinese,english,japanese,russian",MP3,320,644,http://pool.anison.fm:9000/AniSonFM(320)?,reachable,200,audio/mpeg,audio/mpeg,2026-01-14T23:19:04Z,https://cn.anison.fm/
1963,6ee61dc9-f7ed-41a1-b483-b664c610c01c,江苏经典流行音乐广播,Kiangsu,"music,oldies",chinese,UNKNOWN,0,677,http://lzlive.vojs.cn/2wtSfrS/92/live.m3u8?,reachable,200,application/vnd.apple.mpegurl,application/vnd.apple.mpegurl,2026-01-14T23:41:54Z,http://www.vojs.cn/
1964,d646912c-2a33-4bc4-a867-5aa11f822d75,CRI劲曲调频 HIT FM（成都）,,music,chinese,MP3,0,681,http://lhttp.qingting.fm/live/15318703/64k.mp3,reachable,200,audio/mpeg,audio/mpeg,2026-01-15T08:22:03Z,http://www.hitfm.cn/
1965,53ec59f3-9b3f-41b3-b5d3-89fecf58ec78,济南故事广播,Shantung,"culture,educational,science,storytelling,talk",chinese,MP3,0,686,https://lhttp.qtfm.cn/live/1672/64k.mp3,reachable,200,audio/mpeg,audio/mpeg,2026-01-15T05:28:02Z,http://jnradio.ijntv.cn/fm1043/
1966,446382be-19c3-44b3-bfa1-7dbbeb92af63,AsiaFM亚洲天空台,Hong Kong,music,chinese,MP3,0,690,https://lhttp.qingting.fm/live/20071/64k.mp3,reachable,200,audio/mpeg,audio/mpeg,2026-01-14T23:39:47Z,http://www.asiafm.cn/
1967,a0f3ac2c-df6d-456d-a7c6-03fa5588668b,河北新闻广播,Hopei,news,chinese,UNKNOWN,0,701,https://radio.pull.hebtv.com/live/hebxw.m3u8,reachable,200,application/vnd.apple.mpegurl,application/vnd.apple.mpegurl,2026-01-15T01:24:48Z,https://www.hebtv.com/
1968,a5bffcf2-3924-40a7-998a-221011fb0a20,雨声,,"ambient,relax,relaxing,sleep",chinese,MP3,0,703,https://stream.zeno.fm/ckptaagp6x8uv,unreachable,,,连接失败: timed out,2026-01-15T01:10:52Z,https://zeno.fm/radio/rain-sounds/
1969,f0a47ae7-b935-42ea-87f9-a97873fb584a,CNR-1 中国之声,,"information,news",chinese,UNKNOWN,0,704,http://ngcdn002.cnr.cn/live/zgzs/index.m3u8,reachable,200,application/vnd.apple.mpegurl,application/vnd.apple.mpegurl,2026-01-14T23:39:47Z,http://www.cnr.cn/
1970,0dcd805d-3cbc-4a91-9f34-e42d18eaa997,500首华语经典,,,,MP3,0,718,https://lhttp.qtfm.cn/live/5022308/64k.mp3,reachable,200,audio/mpeg,audio/mpeg,2026-01-14T22:54:03Z,
1971,9618f152-0601-11e8-ae97-52543be04c81,RTHK Radio-2,Hong Kong,hong kong,cantonese,MP3,0,718,http://stm.rthk.hk/radio2,unreachable,,,连接失败: timed out,2026-01-15T08:27:11Z,http://www.rthk.hk/
1972,9fed76be-4d4f-4956-a766-7eae9647f025,AsiaFM亚洲音乐台,Hong Kong,music,chinese,MP3,0,757,https://lhttp.qingting.fm/live/4581/64k.mp3,reachable,200,audio/mpeg,audio/mpeg,2026-01-14T23:31:23Z,http://www.asiafm.cn/
1973,7bd359bf-9653-11e8-a767-52543be04c81,Shanghai FM 101 上海动感101,Shanghai,,chinese,MP3,0,772,https://lhttp.qingting.fm/live/274/64k.mp3,reachable,200,audio/mpeg,audio/mpeg,2026-01-15T04:21:20Z,http://www.fm101.cn/
1974,9f746b61-16e5-4d0b-b9b9-5ff985ff85b1,AsiaFM亚洲经典台,Hong Kong,music,chinese,MP3,0,785,https://lhttp.qingting.fm/live/5021912/64k.mp3,reachable,200,audio/mpeg,audio/mpeg,2026-01-15T00:07:55Z,http://www.asiafm.cn/
1975,bcda24c8-20d5-4071-9c02-75c8bd20c650,AsiaFM 亚洲热歌台【2023.10.17】,,hot,chinese,MP3,192,813,http://hot.asiafm.net:8000/asiafm,reachable,200,audio/mpeg,audio/mpeg,2026-01-15T07:52:50Z,http://www.asiafm.hk/
1976,b15b81c9-9961-45a4-bb3f-b087a5881bf7,CGTN Radio,,"news,propaganda,talks",english,UNKNOWN,0,813,https://sk.cri.cn/am846.m3u8,reachable,200,application/vnd.apple.mpegurl,application/vnd.apple.mpegurl,2026-01-15T02:06:33Z,https://radio.cgtn.com/
1977,1328e18b-ab1a-4471-a7c4-99bf68d34dbc,AsiaFM亚洲音乐台(新),,"music,pop",chinese,UNKNOWN,0,814,https://live.xmcdn.com/live/764/64.m3u8,reachable,200,application/vnd.apple.mpegurl,application/vnd.apple.mpegurl,2026-01-15T07:00:09Z,https://www.radiotaiwan.tw/asia-fm-ya-zhou-dian-tai-wei-xing-liu-xing-yin-le-tai
1978,184505b8-d563-4876-b8e6-298a6516d03f,Radio China Plus,,"education,news",english,UNKNOWN,0,820,https://sk.cri.cn/am846.m3u8,reachable,200,application/vnd.apple.mpegurl,application/vnd.apple.mpegurl,2026-01-15T04:44:38Z,https://chinaplus.cri.cn/
1979,ea5e18e6-8897-417f-bf9c-d696c9d8f887,AsiaFM HD音樂臺,,,chinese,AAC+,96,850,http://asiafm.hk:8000/asiahd,reachable,200,audio/aacp,audio/aacp,2026-01-15T01:39:33Z,http://www.asiafm.hk/
1980,28c77f6f-3fb6-4bf0-b95f-41480fb7716a,CCTV-10科教伴音,,"education,educational,tv",chinese,UNKNOWN,0,866,https://piccpndali.v.myalicdn.com/audio/cctv10_2.m3u8,reachable,200,application/x-mpegURL,application/x-mpegURL,2026-01-15T00:45:39Z,https://www.cctv.com/
1981,315b2172-4d81-4ee0-8294-983690b6eb3a,CCTV-3综艺伴音,,entertainment,chinese,UNKNOWN,0,868,https://piccpndali.v.myalicdn.com/audio/cctv3_2.m3u8,reachable,200,application/x-mpegURL,application/x-mpegURL,2026-01-15T05:50:37Z,https://www.cctv.com/
1982,566da273-5165-4a17-91ab-5ea06caeba5a,500首华语经典,,,,MP3,0,871,https://lhttp.qtfm.cn/live/5022308/64k.mp3,reachable,200,audio/mpeg,audio/mpeg,2026-01-14T22:54:03Z,
1983,90812afa-6fd4-11e8-83fa-52543be04c81,CRI Voice of South China Sea,Beijing,beijing,chinese,UNKNOWN,0,873,http://sk.cri.cn/nhzs.m3u8,reachable,200,application/vnd.apple.mpegurl,application/vnd.apple.mpegurl,2026-01-15T07:31:29Z,http://www.cri.cn/
1984,502c4c90-a2ce-11e8-abb8-52543be04c81,90.7mixfm,,,chinese,MP3,0,896,https://lhttp.qingting.fm/live/15318146/64k.mp3,reachable,200,audio/mpeg,audio/mpeg,2026-01-15T06:12:34Z,https://tingfm.com/radio/976
1985,1ae419ad-2dd8-4b00-8bfb-cce2291a894b,广东股市广播,Kwangtung,economics,chinese,MP3,0,901,https://lhttp.qtfm.cn/live/4847/64k.mp3,reachable,200,audio/mpeg,audio/mpeg,2026-01-15T01:36:03Z,https://m.gdtv.cn/
1986,1bd95c33-9c29-452a-a44c-9c5cb02441b6,CCTV-4中文国际美洲伴音,,news,chinese,UNKNOWN,0,901,https://piccpndali.v.myalicdn.com/audio/cctvamerica_2.m3u8,reachable,200,application/x-mpegURL,application/x-mpegURL,2026-01-14T23:54:34Z,http://tv.cctv.com/cctv4america/
1987,e6f08fdb-dd41-4dac-a01d-47a3d5c5ac35,Chinese Music World,,"chinese,classical,traditional",chinese,OGG,0,925,https://radio.chinesemusicworld.com/chinesemusic.ogg,reachable,200,application/ogg,application/ogg,2026-01-15T06:00:56Z,https://chinesemusicworld.com/
1988,701e4c8c-b2c2-42db-a535-65ac13de0e0f,CNR-1 中国之声,Beijing,news,chinese,UNKNOWN,0,925,https://piccpndali.v.myalicdn.com/audio/cctv2_2.m3u8?,reachable,200,application/x-mpegURL,application/x-mpegURL,2026-01-15T03:38:05Z,http://china.cnr.cn/
1989,85cc79df-510b-42c6-a4c2-9c7c1e347f1f,故事广播-阿基米德故事会,,storytelling,chinese,MP3,0,934,https://lhttp.qtfm.cn/live/20500182/64k.mp3,reachable,200,audio/mpeg,audio/mpeg,2026-01-15T08:29:20Z,http://www.ajmide.com/
1990,ec67c57d-5b1d-4470-a3c9-2c00bb46e60d,天籁之音 - Hi-Fi Radio,Honan,"instrumental,music",chinese,UNKNOWN,0,935,http://play-radio-stream3.hndt.com/now/JxkyN5mR/chunklist.m3u8,reachable,200,application/vnd.apple.mpegurl,application/vnd.apple.mpegurl,2026-01-15T07:13:03Z,http://www.hndt.com/
1991,698b3346-e26b-4c8b-874d-f5d13178901b,China Plus Radio,,talk,english,UNKNOWN,0,955,http://sk.cri.cn/am846.m3u8,reachable,200,application/vnd.apple.mpegurl,application/vnd.apple.mpegurl,2026-01-15T06:37:46Z,http://chinaplus.cri.cn/
1992,e67cf735-d4db-4497-babe-5f35763d41d3,CCTV-12社会与法伴音,,tv,chinese,UNKNOWN,0,957,https://piccpndali.v.myalicdn.com/audio/cctv12_2.m3u8,reachable,200,application/x-mpegURL,application/x-mpegURL,2026-01-15T08:14:52Z,https://www.cctv.com/
1993,3366bd2b-9e59-4bf0-ad99-96b5bfcd7111,广州金曲音乐广播,Kwangtung,music,cantonese,MP3,0,977,http://lhttp.qingting.fm/live/20192/64k.mp3,reachable,200,audio/mpeg,audio/mpeg,2026-01-15T08:50:49Z,https://www.gztv.com/
1994,5562c062-8a94-47dc-857f-73430c6d4020,广东交通之声,Kwangtung,"traffic,羊城交通广播",cantonese,MP3,0,990,https://lhttp.qtfm.cn/live/1262/64k.mp3,reachable,200,audio/mpeg,audio/mpeg,2026-01-15T04:15:53Z,https://m.gdtv.cn/
1995,612d94bc-fe01-45fd-a84a-e3e495d23ce9,江苏新闻广播,Kiangsu,news,chinese,UNKNOWN,0,992,http://lzlive.vojs.cn/5Fo8mMX/92/live.m3u8?,reachable,200,application/vnd.apple.mpegurl,application/vnd.apple.mpegurl,2026-01-15T05:18:50Z,http://www.vojs.cn/
1996,ba6847f1-6ef1-4d44-9410-815be75e4333,CCTV-5体育伴音,,"sports,tv",chinese,UNKNOWN,0,1070,https://piccpndali.v.myalicdn.com/audio/cctv5_2.m3u8,reachable,200,application/x-mpegURL,application/x-mpegURL,2026-01-15T04:51:20Z,https://www.cctv.com/
1997,143b4f95-c111-40d2-93f6-23ada6047a99,CCTV-8电视剧伴音,,tv,chinese,UNKNOWN,0,1163,https://piccpndali.v.myalicdn.com/audio/cctv8_2.m3u8,reachable,200,application/x-mpegURL,application/x-mpegURL,2026-01-15T07:27:51Z,https://www.cctv.com/
1998,2de5c313-8500-11e9-aa30-52543be04c81,深圳新闻广播,Kwangtung,news,chinese,MP3,0,1167,http://lhttp.qingting.fm/live/1270/64k.mp3,reachable,200,audio/mpeg,audio/mpeg,2026-01-15T05:26:25Z,http://www.szmg.com.cn/
1999,e87de336-49bb-4f67-887c-ddfb25de6384,北京新闻广播,Beijing,"94.5,94.5 fm,am828,news",chinese,MP3,0,1194,https://lhttp.qtfm.cn/live/339/64k.mp3,reachable,200,audio/mpeg,audio/mpeg,2026-01-15T05:45:24Z,https://www.rbc.cn/
2000,6420a400-38fe-47e4-ab5c-28f0d00667bf,广东新闻广播,Kwangtung,news,chinese,MP3,0,1225,https://lhttp.qtfm.cn/live/1254/64k.mp3,reachable,200,audio/mpeg,audio/mpeg,2026-01-15T08:36:02Z,https://m.gdtv.cn/
2001,2a196f5e-1a14-4f97-b1e3-c4b67d092cfe,广东音乐之声,Kwangtung,music,chinese,MP3,0,1260,https://lhttp.qtfm.cn/live/1260/64k.mp3,reachable,200,audio/mpeg,audio/mpeg,2026-01-15T01:55:39Z,https://m.gdtv.cn/
2002,9d7f295c-ba89-4903-af7e-0e52b4a2051c,BBN 中文,,bible,chinese,AAC,64,1332,https://streams.radiomast.io/ce298b32-8776-4192-9900-092f44b63e7f,reachable,200,audio/aac,audio/aac,2026-01-15T08:48:01Z,https://bbn1.bbnradio.org/
2003,9d277131-2267-46d4-ac53-eb46ed3d78e4,CCTV-15音乐伴音,,music,chinese,UNKNOWN,0,1341,https://piccpndali.v.myalicdn.com/audio/cctv15_2.m3u8,reachable,200,application/x-mpegURL,application/x-mpegURL,2026-01-15T02:07:14Z,https://www.cctv.com/
2004,9624e3eb-0601-11e8-ae97-52543be04c81,Lam Rim,Tibet,"buddhism,low bandwidth",,MP3,16,1355,http://199.180.72.2:9097/lamrim,error,,,异常: [WinError 10054] 远程主机强迫关闭了一个现有的连接。,2026-01-14T22:54:03Z,http://www.lamrim.com/index2.html
2005,7f0d6d5c-7707-4812-bbc1-a44eb9ccc74a,怀旧音乐广播,安徽,"89.5,895,music,地方台,怀旧,音乐",chinese,UNKNOWN,0,1420,https://live.ximalaya.com/radio-first-page-app/live/2629/64.m3u8,reachable,200,application/vnd.apple.mpegurl,application/vnd.apple.mpegurl,2026-01-15T07:08:10Z,https://superradio.cc/
2006,288d0219-4d05-4f5d-8b1d-671bb6c51733,安徽小说评书广播,Anhwei,storytelling,chinese,MP3,0,1674,https://lhttp.qtfm.cn/live/1951/64k.mp3,reachable,200,audio/mpeg,audio/mpeg,2026-01-15T07:11:47Z,http://www.ahrtv.cn/
2007,ef678e2d-beea-40a2-b152-f73d57de4f52,CRI环球资迅广播,,"905fm,china,information,news",chinese,UNKNOWN,0,1700,https://sk.cri.cn/905.m3u8,reachable,200,application/vnd.apple.mpegurl,application/vnd.apple.mpegurl,2026-01-15T05:05:52Z,https://newsradio.cri.cn/
2008,e2fe33ad-87a6-4bca-bb2a-f051212c82c2,Chinese Music World,,"chinese,classical,folk,teaditional",chinese,OGG,0,1774,http://radio.chinesemusicworld.com/chinesemusic.ogg,reachable,200,application/ogg,application/ogg,2026-01-15T03:33:37Z,https://chinesemusicworld.com/
2009,948c6e7c-aee1-4d50-87bf-ce338e38e311,CCTV-2财经伴音,,tv,chinese,UNKNOWN,0,1821,https://piccpndali.v.myalicdn.com/audio/cctv2_2.m3u8,reachable,200,application/x-mpegURL,application/x-mpegURL,2026-01-15T01:49:54Z,https://www.cctv.com/
2010,90cefd55-a82f-4ef8-96da-cc1723f7f544,广东珠江经济台,Kwangtung,economics,cantonese,MP3,0,1867,https://lhttp.qtfm.cn/live/1259/64k.mp3,reachable,200,audio/mpeg,audio/mpeg,2026-01-15T02:56:09Z,https://m.gdtv.cn/
2011,3f6d52c1-9373-4fd2-8bef-5dd476e4e7d2,新闻联播,,news,chinese,MP3,64,1892,https://rfienchinois64k.ice.infomaniak.ch//rfienchinois-64.mp3,reachable,200,audio/mpeg,audio/mpeg,2026-01-15T04:42:48Z,https://www.rfi.fr/cn/
2012,f3638a83-ac26-4b05-b0b9-0245b023ae0f,AsiaFM 亚洲粤语台,,"地方台,粤语,音乐",chinese,MP3,0,2006,https://lhttp.qtfm.cn/live/15318569/64k.mp3,reachable,200,audio/mpeg,audio/mpeg,2026-01-15T06:46:22Z,https://superradio.cc/
2013,eea091f2-750b-11e9-af37-52543be04c81,上海新闻广播,Shanghai,"news,talk",chinese,MP3,0,2040,http://lhttp.qingting.fm/live/270/64k.mp3,reachable,200,audio/mpeg,audio/mpeg,2026-01-15T04:07:10Z,https://www.smg.cn/review/index.html
2014,44cea5a0-7466-11e9-af37-52543be04c81,第一财经,Shanghai,"economic news,economics",chinese,MP3,0,2041,http://lhttp.qingting.fm/live/276/64k.mp3,reachable,200,audio/mpeg,audio/mpeg,2026-01-15T07:11:09Z,https://m.yicai.com/
2015,d84ba969-f1a3-49ef-830a-bd38e57c8e83,AisaFM亚洲粤语台,,music,cantonese,UNKNOWN,0,2100,https://live.ximalaya.com/radio-first-page-app/live/999/64.m3u8?transcode=ts,reachable,200,application/vnd.apple.mpegurl,application/vnd.apple.mpegurl,2026-01-15T00:01:34Z,http://www.asiafm.hk/
2016,94b627b7-7b61-4478-b797-bcb21973c4bf,AsiaFM亚洲经典台,,"classic hits,hd,music,oldies",chinese,AAC+,128,2195,http://goldfm.cn:8000/goldfm,reachable,200,audio/aacp,audio/aacp,2026-01-15T06:39:51Z,http://www.asiafm.net/index.php#page1
2017,aae8f50a-34a1-474c-9b5b-418a82c5cab4,天籁之音 - 经典正流行,Honan,"music,oldies",chinese,UNKNOWN,0,2291,http://play-radio-stream3.hndt.com/now/WUBA5hW2/chunklist.m3u8,reachable,200,application/vnd.apple.mpegurl,application/vnd.apple.mpegurl,2026-01-14T23:27:48Z,http://www.hndt.com/
2018,0ab8efd5-9110-4fc0-a961-f397d00ea93f,德云社相声合集,,"crosstalk,entertainment",chinese,MP3,0,2384,https://stream.zeno.fm/yqawwmweq8mtv,unreachable,,,连接失败: timed out,2026-01-15T04:58:11Z,https://zeno.fm/radio/de-yun-she-xiang-sheng-he-ji/
2019,72fa86ec-a990-43d6-98f8-ecc6236ea61e,雨声轻音乐,,"ambient,instrumental,relax",chinese,MP3,0,2487,https://stream.zeno.fm/689zc32y4x8uv,unreachable,,,连接失败: timed out,2026-01-15T00:04:28Z,https://zeno.fm/radio/rain-songs/
2020,9618f097-0601-11e8-ae97-52543be04c81,RTHK Radio-1,Hong Kong,hong kong,cantonese,MP3,0,2491,http://stm.rthk.hk/radio1,unreachable,,,连接失败: timed out,2026-01-15T06:34:57Z,http://www.rthk.hk/
2021,ba8cf3a2-70c7-4567-9d9f-e6d028aecb2a,两广之声音乐台,Kwangtung,"internet radio,oldies","cantonese,chinese",MP3,0,2532,https://lhttp.qtfm.cn/live/20500149/64k.mp3,reachable,200,audio/mpeg,audio/mpeg,2026-01-15T06:00:01Z,https://www.qingting.fm/radios/20500149/
2022,0863581e-013e-465b-8db6-205bb29c217d,CCTV-13 新闻（伴音）,,"cctv,国家台,新闻,电视伴音,综合",chinese,UNKNOWN,0,2882,https://piccpndali.v.myalicdn.com/audio/cctv13_2.m3u8,reachable,200,application/x-mpegURL,application/x-mpegURL,2026-01-15T05:22:21Z,https://superradio.cc/
2023,7478cbd8-9217-4e39-8da7-a0d4385685ce,CCTV-4中文国际伴音,,news,chinese,UNKNOWN,0,2885,https://piccpndali.v.myalicdn.com/audio/cctv4_2.m3u8,reachable,200,application/x-mpegURL,application/x-mpegURL,2026-01-15T05:17:04Z,https://www.cctv.com/
2024,e4599290-f353-478d-b920-7e057d049dd5,AsiaFM高清音乐台,,"192kbps,hd,music",chinese,AAC+,96,2962,http://asiafm.hk:8000/asiahd,reachable,200,audio/aacp,audio/aacp,2026-01-15T07:15:01Z,http://www.asiafm.net/index.php#page1
2025,acf7c318-9031-4763-930a-00a4b5a032ec,CRI英语资讯广播 China Plus Radio,,news,english,UNKNOWN,0,2985,http://sk.cri.cn/am846.m3u8,reachable,200,application/vnd.apple.mpegurl,application/vnd.apple.mpegurl,2026-01-15T03:16:53Z,http://www.cri.cn/
2026,28c73396-f7ea-49cf-a201-146bf29b2348,CRI中文环球广播·CRI chinese service,,"international,music,news",chinese,UNKNOWN,0,3153,http://sk.cri.cn/hyhq.m3u8,reachable,200,application/vnd.apple.mpegurl,application/vnd.apple.mpegurl,2026-01-15T08:02:57Z,http://chinese.cri.cn/radio/hyhq/index.html
2027,4a953750-49f8-46bb-a488-0e428cd7c232,CNR-1 中国之声,,"information,news,public radio",chinese,UNKNOWN,227,4158,http://zbbf2.ahbztv.com/live/4f3.m3u8,reachable,200,application/x-mpegurl,application/x-mpegurl,2026-01-15T07:07:34Z,http://www.cnr.cn/
2028,815f20d0-3ecd-49d2-8449-9725e82b5f64,500首华语经典,,"music,oldies",chinese,MP3,0,4405,https://lhttp.qtfm.cn/live/5022308/64k.mp3,reachable,200,audio/mpeg,audio/mpeg,2026-01-15T01:39:33Z,https://www.qingting.fm/radios/5022308
2029,94de57d1-542a-46b8-8e18-d97517d93f99,清晨音乐台,Kwangsi,"music,pop music",chinese,MP3,0,4776,http://lhttp.qingting.fm/live/4915/64k.mp3,reachable,200,audio/mpeg,audio/mpeg,2026-01-15T02:35:55Z,https://m.weibo.cn/u/2022851417
2030,ab0cc7f6-df03-4923-ac83-f4a7d8c55916,国际新闻,,"information,news",chinese,MP3,0,7080,https://lhttp.qtfm.cn/live/20500172/64k.mp3,reachable,200,audio/mpeg,audio/mpeg,2026-01-15T01:05:28Z,http://www.ajmide.com/
2031,0c7e5ad0-b89b-466c-867e-a87866eb9a09,凤凰卫视中文台,,,,UNKNOWN,0,7378,http://playtv-live.ifeng.com/live/06OLEGEGM4G_audio.m3u8,reachable,200,application/vnd.apple.mpegurl,application/vnd.apple.mpegurl,2026-01-14T22:54:07Z,https://www.ifeng.com/
2032,431eb0c9-c84c-11e8-a54a-52543be04c81,CNR-2 经济之声,,"economic,news",chinese,UNKNOWN,0,8345,http://ngcdn002.cnr.cn/live/jjzs/index.m3u8,reachable,200,application/vnd.apple.mpegurl,application/vnd.apple.mpegurl,2026-01-15T04:11:54Z,http://www.cnr.cn/
2033,835070cd-bf45-4e48-88a4-e9f9a0d7dd9e,CNR-1 中国之声,,news,chinese,MP3,0,9911,https://lhttp.qtfm.cn/live/15318317/64k.mp3,reachable,200,audio/mpeg,audio/mpeg,2026-01-15T05:51:16Z,http://www.cnr.cn/
2034,24711f7f-8ff5-4141-8e0f-ab17f3da1b89,怀集音乐之声,Kwangtung,music,chinese,MP3,0,10178,https://lhttp.qingting.fm/live/4804/64k.mp3,reachable,200,audio/mpeg,audio/mpeg,2026-01-15T08:44:43Z,http://www.hj0758.cn/
2035,dc722c5e-21a0-49be-8687-474638c95ca7,凤凰卫视资讯台,,news,chinese,UNKNOWN,0,14077,http://playtv-live.ifeng.com/live/06OLEEWQKN4_audio.m3u8,reachable,200,application/vnd.apple.mpegurl,application/vnd.apple.mpegurl,2026-01-15T07:15:38Z,https://www.ifeng.com/
2036,2bf82625-6e78-445d-afff-e51e53c369a9,CCTV-13新闻伴音,,tv,chinese,UNKNOWN,0,14672,https://piccpndali.v.myalicdn.com/audio/cctv13_2.m3u8,reachable,200,application/x-mpegURL,application/x-mpegURL,2026-01-14T23:29:44Z,https://www.cctv.com/
2037,951b325b-5b78-45ef-bebf-88f9a0f6c250,华语金曲500首,,golden music,chinese,UNKNOWN,0,17230,http://ls.qingting.fm/live/3412131.m3u8?bitrate=64,reachable,200,application/vnd.apple.mpegurl,application/vnd.apple.mpegurl,2026-01-14T23:53:14Z,https://m.qingting.fm/
